row_in_table,case_id,method_id,N_sat,K,H,weight_id,tau_hyst,aggregation_unit,n_training_seeds,episodes_per_seed_or_rule,method,outage_percent_mean,outage_percent_sample_sd,outage_percent_n_units,outage_percent_n_valid_by_unit,Cbar_mean,Cbar_sample_sd,Cbar_n_units,Cbar_n_valid_by_unit,Lbar_mean,Lbar_sample_sd,Lbar_n_units,Lbar_n_valid_by_unit,tp_Mbps_mean,tp_Mbps_sample_sd,tp_Mbps_n_units,tp_Mbps_n_valid_by_unit,weighted_outage_mean,weighted_outage_sample_sd,weighted_outage_n_units,weighted_ho_mean,weighted_ho_sample_sd,weighted_ho_n_units,weighted_load_mean,weighted_load_sample_sd,weighted_load_n_units,weighted_negative_rate_mean,weighted_negative_rate_sample_sd,weighted_negative_rate_n_units,J_user_mean,J_user_sample_sd,J_user_n_units,J_user_n_valid_by_unit,J_network_mean,J_network_sample_sd,J_network_n_units,J_network_n_valid_by_unit,weight_outage,weight_ho,weight_load,weight_rate
1,maxsinr_ttt_N2000_K100_H200_nominal_tnative,maxsinr_ttt,2000,100,200,nominal,,episode,0,30,Max-SINR+TTT,0.984,0.2128152833505766,30,30,0.008704166666666666,0.00030742277789359753,30,30,0.23560866666666666,0.006686155914988837,30,30,203.19011833333334,3.8073179129481365,30,30,0.0492,0.01064076416752883,30,0.004352083333333333,0.00015371138894679877,30,0.11780433333333333,0.0033430779574944187,30,-0.8466254930555556,0.015863824637283905,30,-0.6752690763888889,0.023806753357270765,30,30,-67.52690763888889,2.3806753357270756,30,30,5.0,0.5,0.5,1.0
2,maxrst_N2000_K100_H200_nominal_tnative,maxrst,2000,100,200,nominal,,episode,0,30,Max-RST,1.3531666666666666,0.29938581766024247,30,30,0.006147333333333333,0.00025420509413671765,30,30,0.2442195,0.006450277506727371,30,30,193.54160666666667,3.770360309310367,30,30,0.06765833333333333,0.014969290883012123,30,0.0030736666666666664,0.00012710254706835883,30,0.12210975,0.0032251387533636855,30,-0.8064233611111111,0.015709834622126537,30,-0.6135816111111111,0.027628915153279077,30,30,-61.35816111111111,2.7628915153279077,30,30,5.0,0.5,0.5,1.0
3,greedy_analytic_N2000_K100_H200_nominal_t0p05,greedy_analytic,2000,100,200,nominal,0.05,episode,0,30,Load-aware greedy,0.9318333333333333,0.19972171731641025,30,30,0.0115,0.00036672831247725325,30,30,0.2186995,0.00511418604269637,30,30,201.9152,3.738610051139695,30,30,0.04659166666666667,0.009986085865820513,30,0.00575,0.00018336415623862662,30,0.10934975,0.002557093021348185,30,-0.8413133333333334,0.015577541879748727,30,-0.6796219166666667,0.02253192776282781,30,30,-67.96219166666667,2.253192776282781,30,30,5.0,0.5,0.5,1.0
4,cox_only_N2000_K100_H200_nominal_t0p05,cox_only,2000,100,200,nominal,0.05,episode,0,30,Cox-only,0.8331666666666666,0.1820121411890698,30,30,0.018858666666666666,0.0004612612643860192,30,30,0.2319855,0.004575838786872662,30,30,200.44598,3.7239968665631835,30,30,0.04165833333333333,0.009100607059453491,30,0.009429333333333333,0.0002306306321930096,30,0.11599275,0.002287919393436331,30,-0.8351915833333333,0.015516653610679927,30,-0.6681111666666667,0.021975502036148793,30,30,-66.81111666666666,2.197550203614879,30,30,5.0,0.5,0.5,1.0
5,mlp213_N2000_K100_H200_nominal_t0p05,mlp213,2000,100,200,nominal,0.05,training_seed_mean,5,30,TGN-MLP,0.8156,0.061437027380345566,5,30;30;30;30;30,0.026228566666666668,0.0006265802533505892,5,30;30;30;30;30,0.23053046666666666,0.0002462982440051094,5,30;30;30;30;30,201.16876433333334,0.5045536115862429,5,30;30;30;30;30,0.04078,0.0030718513690172803,5,0.013114283333333334,0.0003132901266752946,5,0.11526523333333333,0.0001231491220025547,5,-0.8382031847222222,0.002102306714942685,5,-0.6690436680555556,0.005371232372316434,5,30;30;30;30;30,-66.90436680555555,0.5371232372316426,5,30;30;30;30;30,5.0,0.5,0.5,1.0
6,kan_generic_N2000_K100_H200_nominal_t0p05,kan_generic,2000,100,200,nominal,0.05,training_seed_mean,5,30,TGN-KAN,0.9399333333333333,0.08368995359858508,5,30;30;30;30;30,0.027648433333333333,0.0008221252151858901,5,30;30;30;30;30,0.22869620000000002,0.0003496977941340476,5,30;30;30;30;30,201.09187166666666,0.6382853743069521,5,30;30;30;30;30,0.046996666666666666,0.004184497679929258,5,0.013824216666666667,0.00041106260759294505,5,0.11434810000000001,0.0001748488970670238,5,-0.8378827986111111,0.002659522392945615,5,-0.6627138152777778,0.007085802706230496,5,30;30;30;30;30,-66.27138152777778,0.7085802706230502,5,30;30;30;30;30,5.0,0.5,0.5,1.0
7,leo_madrl_N2000_K100_H200_nominal_tnative,leo_madrl,2000,100,200,nominal,,training_seed_mean,5,30,LEO-MADRL,0.9385333333333333,0.10352934366642143,5,30;30;30;30;30,0.021306333333333333,0.0007876588199637372,5,30;30;30;30;30,0.2124818,0.0008060918699365332,5,30;30;30;30;30,199.670043,0.7843676154237609,5,30;30;30;30;30,0.046926666666666665,0.0051764671833210716,5,0.010653166666666667,0.0003938294099818686,5,0.1062409,0.0004030459349682666,5,-0.8319585125,0.003268198397598967,5,-0.6681377791666666,0.008436706575066882,5,30;30;30;30;30,-66.81377791666667,0.8436706575066883,5,30;30;30;30;30,5.0,0.5,0.5,1.0
8,full_N2000_K100_H200_nominal_t0p05,full,2000,100,200,nominal,0.05,training_seed_mean,5,30,Cox-PhysiCK,0.6088666666666667,0.0888039663778845,5,30;30;30;30;30,0.023769566666666665,0.0011787450459422237,5,30;30;30;30;30,0.22484966666666667,0.00027107917047730683,5,30;30;30;30;30,202.608977,0.9593783965871016,5,30;30;30;30;30,0.030443333333333333,0.0044401983188942255,5,0.011884783333333333,0.0005893725229711118,5,0.11242483333333333,0.00013553958523865341,5,-0.8442040708333334,0.003997409985779604,5,-0.6894511208333334,0.008895854263065488,5,30;30;30;30;30,-68.94511208333333,0.8895854263065489,5,30;30;30;30;30,5.0,0.5,0.5,1.0
9,maxsinr_ttt_N2000_K500_H200_nominal_tnative,maxsinr_ttt,2000,500,200,nominal,,episode,0,30,Max-SINR+TTT,4.634933333333334,0.8861836788407232,30,30,0.008117933333333332,0.00018933840045024528,30,30,0.7038723333333333,0.01121001879272882,30,30,183.20874533333333,3.3032561489533574,30,30,0.23174666666666666,0.04430918394203616,30,0.004058966666666666,9.466920022512264e-05,30,0.35193616666666666,0.00560500939636441,30,-0.7633697722222222,0.013763567287305649,30,-0.17562797222222223,0.05044854805000919,30,30,-87.8139861111111,25.224274025004593,30,30,5.0,0.5,0.5,1.0
10,maxrst_N2000_K500_H200_nominal_tnative,maxrst,2000,500,200,nominal,,episode,0,30,Max-RST,6.3978,1.2175528707630927,30,30,0.0055715999999999995,0.00018535159506490208,30,30,0.7200837333333333,0.015722831829986073,30,30,170.82254133333333,3.5857747126616415,30,30,0.31989,0.060877643538154634,30,0.0027857999999999997,9.267579753245104e-05,30,0.36004186666666665,0.007861415914993036,30,-0.7117605888888889,0.014940727969423504,30,-0.029042922222222215,0.06629272084565767,30,30,-14.521461111111108,33.146360422828835,30,30,5.0,0.5,0.5,1.0
11,greedy_analytic_N2000_K500_H200_nominal_t0p05,greedy_analytic,2000,500,200,nominal,0.05,episode,0,30,Load-aware greedy,4.147233333333333,0.8204583110858742,30,30,0.010804366666666666,0.00019725556385375882,30,30,0.6380835666666667,0.009435460421064327,30,30,184.20251033333332,3.2155852910575065,30,30,0.20736166666666667,0.04102291555429371,30,0.005402183333333333,9.862778192687941e-05,30,0.31904178333333333,0.004717730210532164,30,-0.7675104597222222,0.013398272046072947,30,-0.2357048263888889,0.04763978791163135,30,30,-117.85241319444444,23.819893955815672,30,30,5.0,0.5,0.5,1.0
12,cox_only_N2000_K500_H200_nominal_t0p05,cox_only,2000,500,200,nominal,0.05,episode,0,30,Cox-only,4.076666666666666,0.7448795937568717,30,30,0.0175755,0.00026312416762092923,30,30,0.6908879333333333,0.008809686345872004,30,30,181.66868866666667,3.080034784988002,30,30,0.20383333333333334,0.03724397968784359,30,0.00878775,0.00013156208381046462,30,0.34544396666666666,0.004404843172936002,30,-0.7569528694444444,0.012833478270783339,30,-0.19888781944444445,0.04352659383740848,30,30,-99.44390972222223,21.763296918704235,30,30,5.0,0.5,0.5,1.0
13,mlp213_N2000_K500_H200_nominal_t0p05,mlp213,2000,500,200,nominal,0.05,training_seed_mean,5,30,TGN-MLP,4.12588,0.2510596272689906,5,30;30;30;30;30,0.024378833333333332,0.0004933792574345498,5,30;30;30;30;30,0.69053104,0.002989216199422331,5,30;30;30;30;30,182.19473486666666,0.8133558988661167,5,30;30;30;30;30,0.206294,0.012552981363449525,5,0.012189416666666666,0.0002466896287172749,5,0.34526552,0.0014946080997111655,5,-0.7591447286111112,0.003388982911942158,5,-0.19539579194444445,0.014694036492870384,5,30;30;30;30;30,-97.69789597222223,7.347018246435192,5,30;30;30;30;30,5.0,0.5,0.5,1.0
14,kan_generic_N2000_K500_H200_nominal_t0p05,kan_generic,2000,500,200,nominal,0.05,training_seed_mean,5,30,TGN-KAN,4.594,0.35403434783145604,5,30;30;30;30;30,0.025526833333333332,0.0006131767512987857,5,30;30;30;30;30,0.6782921066666666,0.0043175610392262274,5,30;30;30;30;30,181.6698662,1.0805823905901353,5,30;30;30;30;30,0.2297,0.017701717391572808,5,0.012763416666666666,0.00030658837564939283,5,0.3391460533333333,0.0021587805196131137,5,-0.7569577758333333,0.004502426627458867,5,-0.17534830583333333,0.020351213225327625,5,30;30;30;30;30,-87.67415291666667,10.175606612663813,5,30;30;30;30;30,5.0,0.5,0.5,1.0
15,leo_madrl_N2000_K500_H200_nominal_tnative,leo_madrl,2000,500,200,nominal,,training_seed_mean,5,30,LEO-MADRL,4.162906666666666,0.4374304048772913,5,30;30;30;30;30,0.019896286666666665,0.0006002845429923681,5,30;30;30;30;30,0.61542288,0.004944720766051641,5,30;30;30;30;30,182.45107633333333,1.3488616898663979,5,30;30;30;30;30,0.20814533333333332,0.021871520243864566,5,0.009948143333333333,0.00030014227149618403,5,0.30771144,0.0024723603830258205,5,-0.7602128180555555,0.00562025704111,5,-0.2344079013888889,0.025319735422116994,5,30;30;30;30;30,-117.20395069444444,12.659867711058494,5,30;30;30;30;30,5.0,0.5,0.5,1.0
16,full_N2000_K500_H200_nominal_t0p05,full,2000,500,200,nominal,0.05,training_seed_mean,5,30,Cox-PhysiCK,3.05128,0.38361127068948325,5,30;30;30;30;30,0.022517226666666664,0.0009813886806176461,5,30;30;30;30;30,0.6769173199999999,0.004679957347894443,5,30;30;30;30;30,185.6486898,1.4469565103589468,5,30;30;30;30;30,0.152564,0.019180563534474164,5,0.011258613333333332,0.0004906943403088231,5,0.33845865999999997,0.0023399786739472213,5,-0.7735362075,0.006028985459828978,5,-0.2712549341666667,0.02335997152153147,5,30;30;30;30;30,-135.62746708333333,11.679985760765739,5,30;30;30;30;30,5.0,0.5,0.5,1.0
