row_in_table,case_id,method_id,N_sat,K,H,weight_id,tau_hyst,aggregation_unit,n_training_seeds,episodes_per_seed_or_rule,method,outage_percent_mean,outage_percent_sample_sd,outage_percent_n_units,outage_percent_n_valid_by_unit,hof_percent_mean,hof_percent_sample_sd,hof_percent_n_units,hof_percent_n_valid_by_unit,pp_percent_mean,pp_percent_sample_sd,pp_percent_n_units,pp_percent_n_valid_by_unit,peak_normalized_mean,peak_normalized_sample_sd,peak_normalized_n_units,peak_normalized_n_valid_by_unit,tp_Mbps_mean,tp_Mbps_sample_sd,tp_Mbps_n_units,tp_Mbps_n_valid_by_unit,served_p5tp_Mbps_mean,served_p5tp_Mbps_sample_sd,served_p5tp_Mbps_n_units,served_p5tp_Mbps_n_valid_by_unit,J_user_mean,J_user_sample_sd,J_user_n_units,J_user_n_valid_by_unit
1,mlp213_N500_K100_H800_nominal_t0p05,mlp213,500,100,800,nominal,0.05,training_seed_mean,5,30,TGN-MLP,0.8823833333333333,0.1467216616827401,5,30;30;30;30;30,0.8793297570159878,0.15489259580860348,5,30;30;30;30;30,0.22973266499582287,0.02528644518304741,5,30;30;30;30;30,0.9094219631198757,0.0018367308299542305,5,30;30;30;30;30,196.91853041666667,1.1190538504383172,5,30;30;30;30;30,65.76033333333334,0.07979487591457088,5,30;30;30;30;30,-0.5673981850694444,0.0121927028995234,5,30;30;30;30;30
2,kan_generic_N500_K100_H800_nominal_t0p05,kan_generic,500,100,800,nominal,0.05,training_seed_mean,5,30,TGN-KAN,1.0803166666666666,0.13020720199508512,5,30;30;30;30;30,1.093269924937938,0.13922835586623236,5,30;30;30;30;30,0.2535672514619883,0.019907785442326124,5,30;30;30;30;30,0.9029219304464874,0.005888135118928205,5,30;30;30;30;30,196.5461695,0.9012395933688135,5,30;30;30;30;30,65.78733333333334,0.06889605697474152,5,30;30;30;30;30,-0.5598806895833334,0.010303336903523945,5,30;30;30;30;30
3,full_N500_K100_H800_nominal_t0p05,full,500,100,800,nominal,0.05,training_seed_mean,5,30,Cox-PhysiCK,0.6930166666666666,0.0651743561639767,5,30;30;30;30;30,0.6931801538790938,0.05678262046508898,5,30;30;30;30;30,0.16765246449456975,0.011746875456186082,5,30;30;30;30;30,0.913821913781863,0.0074420621969335105,5,30;30;30;30;30,198.23922608333334,0.6636848915000544,5,30;30;30;30;30,65.84666666666666,0.08692269873603664,5,30;30;30;30;30,-0.5906996420138889,0.006233016345639032,5,30;30;30;30;30
4,mlp213_N1000_K100_H800_nominal_t0p05,mlp213,1000,100,800,nominal,0.05,training_seed_mean,5,30,TGN-MLP,0.8730583333333333,0.05553982711382285,5,30;30;30;30;30,0.8560761419702281,0.05529542735229823,5,30;30;30;30;30,0.238312447786132,0.011415375992367647,5,30;30;30;30;30,0.77441929972606,0.005945488675524199,5,30;30;30;30;30,200.27360525,0.43954738032787494,5,30;30;30;30;30,65.92666666666666,0.04346134936802009,5,30;30;30;30;30,-0.631105334375,0.004693471193941707,5,30;30;30;30;30
5,kan_generic_N1000_K100_H800_nominal_t0p05,kan_generic,1000,100,800,nominal,0.05,training_seed_mean,5,30,TGN-KAN,1.002375,0.2111996632171925,5,30;30;30;30;30,0.9873937732474933,0.21018083774937368,5,30;30;30;30;30,0.2519131161236424,0.035029606867623284,5,30;30;30;30;30,0.7740043473157314,0.007909650490493652,5,30;30;30;30;30,200.26129325,1.4735379123998193,5,30;30;30;30;30,65.96,0.11642832797715248,5,30;30;30;30;30,-0.6242786885416667,0.01712402004817494,5,30;30;30;30;30
6,full_N1000_K100_H800_nominal_t0p05,full,1000,100,800,nominal,0.05,training_seed_mean,5,30,Cox-PhysiCK,0.69625,0.09178325445641547,5,30;30;30;30;30,0.6822213695489895,0.09013590360251036,5,30;30;30;30;30,0.1773517126148705,0.015667067399428507,5,30;30;30;30;30,0.8025235234479956,0.007132241121004204,5,30;30;30;30;30,201.30438933333335,0.8656453742071082,5,30;30;30;30;30,66.01,0.0662486897145022,5,30;30;30;30;30,-0.6483022722222223,0.00850225147367463,5,30;30;30;30;30
7,maxsinr_ttt_N2000_K100_H800_nominal_tnative,maxsinr_ttt,2000,100,800,nominal,,episode,0,30,Max-SINR+TTT,1.0785833333333334,0.21859556946220512,30,30,1.0900462290331028,0.3518029492528768,30,30,0.008771929824561403,0.003069536018525286,30,30,0.7083035151642534,0.04686985688484279,30,30,203.06054208333333,3.7983464050892954,30,30,58.24333333333334,17.614564571895396,30,30,-0.6700444461805556,0.02387125763181754,30,30
8,maxrst_N2000_K100_H800_nominal_tnative,maxrst,2000,100,800,nominal,,episode,0,30,Max-RST,1.4792083333333332,0.31097117121159745,30,30,1.433107881036022,0.44086300850056076,30,30,0.004636591478696742,0.0024216553700743227,30,30,0.7319964347455116,0.08339224409028424,30,30,193.36788291666667,3.7299431291447185,30,30,55.46666666666667,4.297018479840639,30,30,-0.6068148246527778,0.027699184284054268,30,30
9,greedy_analytic_N2000_K100_H800_nominal_t0p05,greedy_analytic,2000,100,800,nominal,0.05,episode,0,30,Load-aware greedy,1.01975,0.2060288521810343,30,30,1.0178006243019373,0.2955874161839239,30,30,0.022138680033416874,0.005112363944427403,30,30,0.6524464624413652,0.04567726855696917,30,30,201.83100166666668,3.7556853116003817,30,30,59.86833333333334,20.175251497528027,30,30,-0.6755684652777778,0.023206182144485412,30,30
10,cox_only_N2000_K100_H800_nominal_t0p05,cox_only,2000,100,800,nominal,0.05,episode,0,30,Cox-only,0.9065,0.18290030495251813,30,30,0.9192063072426284,0.23911447127446694,30,30,0.09970760233918129,0.009665822405780435,30,30,0.6849752653678743,0.07181588981974235,30,30,200.38326541666666,3.6803102089691144,30,30,59.86833333333334,20.073384691887576,30,30,-0.6646103559027777,0.021457379815555677,30,30
11,mlp213_N2000_K100_H800_nominal_t0p05,mlp213,2000,100,800,nominal,0.05,training_seed_mean,5,30,TGN-MLP,0.8873833333333333,0.06641301615856472,5,30;30;30;30;30,0.9114575758657283,0.0669281782007865,5,30;30;30;30;30,0.23041771094402672,0.01056517241157925,5,30;30;30;30;30,0.668644660402798,0.003348717561357595,5,30;30;30;30;30,201.07423775,0.5133978403007485,5,30;30;30;30;30,59.808666666666674,0.028220363018372628,5,30;30;30;30;30,-0.6649250614583333,0.005646677878797671,5,30;30;30;30;30
12,kan_generic_N2000_K100_H800_nominal_t0p05,kan_generic,2000,100,800,nominal,0.05,training_seed_mean,5,30,TGN-KAN,1.0272416666666666,0.09465308276220534,5,30;30;30;30;30,1.046426153877574,0.09136147270044354,5,30;30;30;30;30,0.2450125313283208,0.01506925447348818,5,30;30;30;30;30,0.6709960219431775,0.0036126075480588733,5,30;30;30;30;30,200.97483083333333,0.660013670435817,5,30;30;30;30;30,59.170666666666676,0.957926435356896,5,30;30;30;30;30,-0.6579300909722222,0.007700168290548703,5,30;30;30;30;30
13,leo_madrl_N2000_K100_H800_nominal_tnative,leo_madrl,2000,100,800,nominal,,training_seed_mean,5,30,LEO-MADRL,1.0250666666666666,0.11749623442547714,5,30;30;30;30;30,1.0345033309322096,0.1104182218186163,5,30;30;30;30;30,0.1215455304928989,0.009259691616633257,5,30;30;30;30;30,0.6396924532056237,0.009133576294308308,5,30;30;30;30;30,199.56861275,0.8235299858171917,5,30;30;30;30;30,59.08966666666667,0.9119175462239522,5,30;30;30;30;30,-0.663712503125,0.009464371394712021,5,30;30;30;30;30
14,full_N2000_K100_H800_nominal_t0p05,full,2000,100,800,nominal,0.05,training_seed_mean,5,30,Cox-PhysiCK,0.6602166666666667,0.09754711023540258,5,30;30;30;30;30,0.6858169961185444,0.08911571415878362,5,30;30;30;30;30,0.16750208855472012,0.015441977590539476,5,30;30;30;30;30,0.6598305744031777,0.0051107558195325805,5,30;30;30;30;30,202.56830516666668,0.9778714672213864,5,30;30;30;30;30,58.29133333333345,0.24398998157964963,5,30;30;30;30;30,-0.6867762423611111,0.009416267011199572,5,30;30;30;30;30
