method_id,paper_name,kind,family,mapping,message_parameters,role,definition
full,Cox-PhysiCK,learned,residual,KAN 262->32->10 + 10 physical kernels,83498,main,Keep full architecture; reuse only matching protocol
mlp213,TGN-MLP,learned,residual,262->213->128; SiLU; linear output,83411,main_and_no_kernel,ONE implementation/result; alias No kernel bank
kan_generic,TGN-KAN,learned,residual,262->32->128 KAN,112480,main,Keep generic KAN architecture
leo_madrl,LEO-MADRL,learned,dqn,73->128->128->9; ReLU,,main,Adapted parameter-sharing hysteretic DQN; includes Cox descriptors
greedy_analytic,Load-aware greedy,rule,analytic,Uana; zero residual,,main_and_step0,New fixed specification; same policy as residual step0
maxsinr_ttt,Max-SINR+TTT,rule,analytic,3 dB; 2 consecutive epochs,,main,Common feasibility/admission/execution
maxrst,Max-RST,rule,analytic,maximum candidate RST,,main,No additional hysteresis/TTT; source-first ties
cox_only,Cox-only,rule,analytic,Uana-P0_candidate; coefficient 1,,main,Candidate-specific RST; tau 0.05
no_triplet,No arrival/RST descriptors,learned,residual,Full allocated shape,83498,existing_ablation,Remove P0/Lambda/RST; not pure Cox isolation
mlp_coeff,PhysiCK + MLP coefficient head,learned,residual,262->287->10 + full bank,83481,existing_ablation,Coefficient head 78361; bank 5120
no_cox_rst,"No Cox, RST retained",learned,residual,Full allocated shape,83498,new_ablation,Mask P0/Lambda in all consumers; retain RST; survival kernel 1
eph_physick,Ephemeris-PhysiCK,learned,residual,Full allocated shape,83498,new_ablation,Replace common/candidate probability and rate using known geometry
