weight_id,varied_weight,multiplier,w_out,w_ho,w_load,w_rate
nominal,none,1,5,0.5,0.5,1
w_out_0p5,w_out,0.5,2.5,0.5,0.5,1
w_out_0p75,w_out,0.75,3.75,0.5,0.5,1
w_out_1p25,w_out,1.25,6.25,0.5,0.5,1
w_out_1p5,w_out,1.5,7.5,0.5,0.5,1
w_ho_0p5,w_ho,0.5,5,0.25,0.5,1
w_ho_0p75,w_ho,0.75,5,0.375,0.5,1
w_ho_1p25,w_ho,1.25,5,0.625,0.5,1
w_ho_1p5,w_ho,1.5,5,0.75,0.5,1
w_load_0p5,w_load,0.5,5,0.5,0.25,1
w_load_0p75,w_load,0.75,5,0.5,0.375,1
w_load_1p25,w_load,1.25,5,0.5,0.625,1
w_load_1p5,w_load,1.5,5,0.5,0.75,1
w_rate_0p5,w_rate,0.5,5,0.5,0.5,0.5
w_rate_0p75,w_rate,0.75,5,0.5,0.5,0.75
w_rate_1p25,w_rate,1.25,5,0.5,0.5,1.25
w_rate_1p5,w_rate,1.5,5,0.5,0.5,1.5
