model_id,N_sat,weight_id,diagnostic_episode,request_mismatch_count,execution_mismatch_count,J_user_difference,source_record
full_N500_K100_nominal_s1,500,nominal,V001,,,,
full_N500_K100_nominal_s2,500,nominal,V001,,,,
full_N500_K100_nominal_s3,500,nominal,V001,,,,
full_N500_K100_nominal_s4,500,nominal,V001,,,,
full_N500_K100_nominal_s5,500,nominal,V001,,,,
full_N1000_K100_nominal_s1,1000,nominal,V001,,,,
full_N1000_K100_nominal_s2,1000,nominal,V001,,,,
full_N1000_K100_nominal_s3,1000,nominal,V001,,,,
full_N1000_K100_nominal_s4,1000,nominal,V001,,,,
full_N1000_K100_nominal_s5,1000,nominal,V001,,,,
full_N2000_K100_nominal_s1,2000,nominal,V001,,,,
full_N2000_K100_nominal_s2,2000,nominal,V001,,,,
full_N2000_K100_nominal_s3,2000,nominal,V001,,,,
full_N2000_K100_nominal_s4,2000,nominal,V001,,,,
full_N2000_K100_nominal_s5,2000,nominal,V001,,,,
mlp213_N500_K100_nominal_s1,500,nominal,V001,,,,
mlp213_N500_K100_nominal_s2,500,nominal,V001,,,,
mlp213_N500_K100_nominal_s3,500,nominal,V001,,,,
mlp213_N500_K100_nominal_s4,500,nominal,V001,,,,
mlp213_N500_K100_nominal_s5,500,nominal,V001,,,,
mlp213_N1000_K100_nominal_s1,1000,nominal,V001,,,,
mlp213_N1000_K100_nominal_s2,1000,nominal,V001,,,,
mlp213_N1000_K100_nominal_s3,1000,nominal,V001,,,,
mlp213_N1000_K100_nominal_s4,1000,nominal,V001,,,,
mlp213_N1000_K100_nominal_s5,1000,nominal,V001,,,,
mlp213_N2000_K100_nominal_s1,2000,nominal,V001,,,,
mlp213_N2000_K100_nominal_s2,2000,nominal,V001,,,,
mlp213_N2000_K100_nominal_s3,2000,nominal,V001,,,,
mlp213_N2000_K100_nominal_s4,2000,nominal,V001,,,,
mlp213_N2000_K100_nominal_s5,2000,nominal,V001,,,,
kan_generic_N500_K100_nominal_s1,500,nominal,V001,,,,
kan_generic_N500_K100_nominal_s2,500,nominal,V001,,,,
kan_generic_N500_K100_nominal_s3,500,nominal,V001,,,,
kan_generic_N500_K100_nominal_s4,500,nominal,V001,,,,
kan_generic_N500_K100_nominal_s5,500,nominal,V001,,,,
kan_generic_N1000_K100_nominal_s1,1000,nominal,V001,,,,
kan_generic_N1000_K100_nominal_s2,1000,nominal,V001,,,,
kan_generic_N1000_K100_nominal_s3,1000,nominal,V001,,,,
kan_generic_N1000_K100_nominal_s4,1000,nominal,V001,,,,
kan_generic_N1000_K100_nominal_s5,1000,nominal,V001,,,,
kan_generic_N2000_K100_nominal_s1,2000,nominal,V001,,,,
kan_generic_N2000_K100_nominal_s2,2000,nominal,V001,,,,
kan_generic_N2000_K100_nominal_s3,2000,nominal,V001,,,,
kan_generic_N2000_K100_nominal_s4,2000,nominal,V001,,,,
kan_generic_N2000_K100_nominal_s5,2000,nominal,V001,,,,
no_triplet_N500_K100_nominal_s1,500,nominal,V001,,,,
no_triplet_N500_K100_nominal_s2,500,nominal,V001,,,,
no_triplet_N500_K100_nominal_s3,500,nominal,V001,,,,
no_triplet_N500_K100_nominal_s4,500,nominal,V001,,,,
no_triplet_N500_K100_nominal_s5,500,nominal,V001,,,,
no_triplet_N1000_K100_nominal_s1,1000,nominal,V001,,,,
no_triplet_N1000_K100_nominal_s2,1000,nominal,V001,,,,
no_triplet_N1000_K100_nominal_s3,1000,nominal,V001,,,,
no_triplet_N1000_K100_nominal_s4,1000,nominal,V001,,,,
no_triplet_N1000_K100_nominal_s5,1000,nominal,V001,,,,
no_triplet_N2000_K100_nominal_s1,2000,nominal,V001,,,,
no_triplet_N2000_K100_nominal_s2,2000,nominal,V001,,,,
no_triplet_N2000_K100_nominal_s3,2000,nominal,V001,,,,
no_triplet_N2000_K100_nominal_s4,2000,nominal,V001,,,,
no_triplet_N2000_K100_nominal_s5,2000,nominal,V001,,,,
mlp_coeff_N500_K100_nominal_s1,500,nominal,V001,,,,
mlp_coeff_N500_K100_nominal_s2,500,nominal,V001,,,,
mlp_coeff_N500_K100_nominal_s3,500,nominal,V001,,,,
mlp_coeff_N500_K100_nominal_s4,500,nominal,V001,,,,
mlp_coeff_N500_K100_nominal_s5,500,nominal,V001,,,,
mlp_coeff_N1000_K100_nominal_s1,1000,nominal,V001,,,,
mlp_coeff_N1000_K100_nominal_s2,1000,nominal,V001,,,,
mlp_coeff_N1000_K100_nominal_s3,1000,nominal,V001,,,,
mlp_coeff_N1000_K100_nominal_s4,1000,nominal,V001,,,,
mlp_coeff_N1000_K100_nominal_s5,1000,nominal,V001,,,,
mlp_coeff_N2000_K100_nominal_s1,2000,nominal,V001,,,,
mlp_coeff_N2000_K100_nominal_s2,2000,nominal,V001,,,,
mlp_coeff_N2000_K100_nominal_s3,2000,nominal,V001,,,,
mlp_coeff_N2000_K100_nominal_s4,2000,nominal,V001,,,,
mlp_coeff_N2000_K100_nominal_s5,2000,nominal,V001,,,,
no_cox_rst_N2000_K100_nominal_s1,2000,nominal,V001,,,,
no_cox_rst_N2000_K100_nominal_s2,2000,nominal,V001,,,,
no_cox_rst_N2000_K100_nominal_s3,2000,nominal,V001,,,,
no_cox_rst_N2000_K100_nominal_s4,2000,nominal,V001,,,,
no_cox_rst_N2000_K100_nominal_s5,2000,nominal,V001,,,,
no_cox_rst_N500_K100_nominal_s1,500,nominal,V001,,,,
no_cox_rst_N500_K100_nominal_s2,500,nominal,V001,,,,
no_cox_rst_N500_K100_nominal_s3,500,nominal,V001,,,,
no_cox_rst_N500_K100_nominal_s4,500,nominal,V001,,,,
no_cox_rst_N500_K100_nominal_s5,500,nominal,V001,,,,
no_cox_rst_N1000_K100_nominal_s1,1000,nominal,V001,,,,
no_cox_rst_N1000_K100_nominal_s2,1000,nominal,V001,,,,
no_cox_rst_N1000_K100_nominal_s3,1000,nominal,V001,,,,
no_cox_rst_N1000_K100_nominal_s4,1000,nominal,V001,,,,
no_cox_rst_N1000_K100_nominal_s5,1000,nominal,V001,,,,
eph_physick_N2000_K100_nominal_s1,2000,nominal,V001,,,,
eph_physick_N2000_K100_nominal_s2,2000,nominal,V001,,,,
eph_physick_N2000_K100_nominal_s3,2000,nominal,V001,,,,
eph_physick_N2000_K100_nominal_s4,2000,nominal,V001,,,,
eph_physick_N2000_K100_nominal_s5,2000,nominal,V001,,,,
eph_physick_N500_K100_nominal_s1,500,nominal,V001,,,,
eph_physick_N500_K100_nominal_s2,500,nominal,V001,,,,
eph_physick_N500_K100_nominal_s3,500,nominal,V001,,,,
eph_physick_N500_K100_nominal_s4,500,nominal,V001,,,,
eph_physick_N500_K100_nominal_s5,500,nominal,V001,,,,
eph_physick_N1000_K100_nominal_s1,1000,nominal,V001,,,,
eph_physick_N1000_K100_nominal_s2,1000,nominal,V001,,,,
eph_physick_N1000_K100_nominal_s3,1000,nominal,V001,,,,
eph_physick_N1000_K100_nominal_s4,1000,nominal,V001,,,,
eph_physick_N1000_K100_nominal_s5,1000,nominal,V001,,,,
