trajectory_id,N_sat,K,split,episode_index,episode_duration_s,actual_UTC_start,external_random_seed,orbit_input_ref,beam_plan_ref,user_positions_ref,channel_exogenous_ref,simulator_version
N500_K100_V001,500,100,validation,1,800,,15591212093941493089,NOT_SIMULATED:no_orbit_propagation,NOT_SIMULATED:abstract_satellite_beam_identifiers,NOT_SIMULATED:shared_user_quality_prefix_only,SYNTHETIC:09_simulation/scenario_engine.py#external_stream,v14-statistical-reference;not-paper-simulator
N500_K100_V002,500,100,validation,2,800,,15591212093941493089,NOT_SIMULATED:no_orbit_propagation,NOT_SIMULATED:abstract_satellite_beam_identifiers,NOT_SIMULATED:shared_user_quality_prefix_only,SYNTHETIC:09_simulation/scenario_engine.py#external_stream,v14-statistical-reference;not-paper-simulator
N500_K100_V003,500,100,validation,3,800,,15591212093941493089,NOT_SIMULATED:no_orbit_propagation,NOT_SIMULATED:abstract_satellite_beam_identifiers,NOT_SIMULATED:shared_user_quality_prefix_only,SYNTHETIC:09_simulation/scenario_engine.py#external_stream,v14-statistical-reference;not-paper-simulator
N500_K100_V004,500,100,validation,4,800,,15591212093941493089,NOT_SIMULATED:no_orbit_propagation,NOT_SIMULATED:abstract_satellite_beam_identifiers,NOT_SIMULATED:shared_user_quality_prefix_only,SYNTHETIC:09_simulation/scenario_engine.py#external_stream,v14-statistical-reference;not-paper-simulator
N500_K100_V005,500,100,validation,5,800,,15591212093941493089,NOT_SIMULATED:no_orbit_propagation,NOT_SIMULATED:abstract_satellite_beam_identifiers,NOT_SIMULATED:shared_user_quality_prefix_only,SYNTHETIC:09_simulation/scenario_engine.py#external_stream,v14-statistical-reference;not-paper-simulator
N500_K100_V006,500,100,validation,6,800,,15591212093941493089,NOT_SIMULATED:no_orbit_propagation,NOT_SIMULATED:abstract_satellite_beam_identifiers,NOT_SIMULATED:shared_user_quality_prefix_only,SYNTHETIC:09_simulation/scenario_engine.py#external_stream,v14-statistical-reference;not-paper-simulator
N500_K100_V007,500,100,validation,7,800,,15591212093941493089,NOT_SIMULATED:no_orbit_propagation,NOT_SIMULATED:abstract_satellite_beam_identifiers,NOT_SIMULATED:shared_user_quality_prefix_only,SYNTHETIC:09_simulation/scenario_engine.py#external_stream,v14-statistical-reference;not-paper-simulator
N500_K100_V008,500,100,validation,8,800,,15591212093941493089,NOT_SIMULATED:no_orbit_propagation,NOT_SIMULATED:abstract_satellite_beam_identifiers,NOT_SIMULATED:shared_user_quality_prefix_only,SYNTHETIC:09_simulation/scenario_engine.py#external_stream,v14-statistical-reference;not-paper-simulator
N500_K100_V009,500,100,validation,9,800,,15591212093941493089,NOT_SIMULATED:no_orbit_propagation,NOT_SIMULATED:abstract_satellite_beam_identifiers,NOT_SIMULATED:shared_user_quality_prefix_only,SYNTHETIC:09_simulation/scenario_engine.py#external_stream,v14-statistical-reference;not-paper-simulator
N500_K100_V010,500,100,validation,10,800,,15591212093941493089,NOT_SIMULATED:no_orbit_propagation,NOT_SIMULATED:abstract_satellite_beam_identifiers,NOT_SIMULATED:shared_user_quality_prefix_only,SYNTHETIC:09_simulation/scenario_engine.py#external_stream,v14-statistical-reference;not-paper-simulator
N500_K100_T001,500,100,test,1,800,,17413162597639529206,NOT_SIMULATED:no_orbit_propagation,NOT_SIMULATED:abstract_satellite_beam_identifiers,NOT_SIMULATED:shared_user_quality_prefix_only,SYNTHETIC:09_simulation/scenario_engine.py#external_stream,v14-statistical-reference;not-paper-simulator
N500_K100_T002,500,100,test,2,800,,17413162597639529206,NOT_SIMULATED:no_orbit_propagation,NOT_SIMULATED:abstract_satellite_beam_identifiers,NOT_SIMULATED:shared_user_quality_prefix_only,SYNTHETIC:09_simulation/scenario_engine.py#external_stream,v14-statistical-reference;not-paper-simulator
N500_K100_T003,500,100,test,3,800,,17413162597639529206,NOT_SIMULATED:no_orbit_propagation,NOT_SIMULATED:abstract_satellite_beam_identifiers,NOT_SIMULATED:shared_user_quality_prefix_only,SYNTHETIC:09_simulation/scenario_engine.py#external_stream,v14-statistical-reference;not-paper-simulator
N500_K100_T004,500,100,test,4,800,,17413162597639529206,NOT_SIMULATED:no_orbit_propagation,NOT_SIMULATED:abstract_satellite_beam_identifiers,NOT_SIMULATED:shared_user_quality_prefix_only,SYNTHETIC:09_simulation/scenario_engine.py#external_stream,v14-statistical-reference;not-paper-simulator
N500_K100_T005,500,100,test,5,800,,17413162597639529206,NOT_SIMULATED:no_orbit_propagation,NOT_SIMULATED:abstract_satellite_beam_identifiers,NOT_SIMULATED:shared_user_quality_prefix_only,SYNTHETIC:09_simulation/scenario_engine.py#external_stream,v14-statistical-reference;not-paper-simulator
N500_K100_T006,500,100,test,6,800,,17413162597639529206,NOT_SIMULATED:no_orbit_propagation,NOT_SIMULATED:abstract_satellite_beam_identifiers,NOT_SIMULATED:shared_user_quality_prefix_only,SYNTHETIC:09_simulation/scenario_engine.py#external_stream,v14-statistical-reference;not-paper-simulator
N500_K100_T007,500,100,test,7,800,,17413162597639529206,NOT_SIMULATED:no_orbit_propagation,NOT_SIMULATED:abstract_satellite_beam_identifiers,NOT_SIMULATED:shared_user_quality_prefix_only,SYNTHETIC:09_simulation/scenario_engine.py#external_stream,v14-statistical-reference;not-paper-simulator
N500_K100_T008,500,100,test,8,800,,17413162597639529206,NOT_SIMULATED:no_orbit_propagation,NOT_SIMULATED:abstract_satellite_beam_identifiers,NOT_SIMULATED:shared_user_quality_prefix_only,SYNTHETIC:09_simulation/scenario_engine.py#external_stream,v14-statistical-reference;not-paper-simulator
N500_K100_T009,500,100,test,9,800,,17413162597639529206,NOT_SIMULATED:no_orbit_propagation,NOT_SIMULATED:abstract_satellite_beam_identifiers,NOT_SIMULATED:shared_user_quality_prefix_only,SYNTHETIC:09_simulation/scenario_engine.py#external_stream,v14-statistical-reference;not-paper-simulator
N500_K100_T010,500,100,test,10,800,,17413162597639529206,NOT_SIMULATED:no_orbit_propagation,NOT_SIMULATED:abstract_satellite_beam_identifiers,NOT_SIMULATED:shared_user_quality_prefix_only,SYNTHETIC:09_simulation/scenario_engine.py#external_stream,v14-statistical-reference;not-paper-simulator
N500_K100_T011,500,100,test,11,800,,17413162597639529206,NOT_SIMULATED:no_orbit_propagation,NOT_SIMULATED:abstract_satellite_beam_identifiers,NOT_SIMULATED:shared_user_quality_prefix_only,SYNTHETIC:09_simulation/scenario_engine.py#external_stream,v14-statistical-reference;not-paper-simulator
N500_K100_T012,500,100,test,12,800,,17413162597639529206,NOT_SIMULATED:no_orbit_propagation,NOT_SIMULATED:abstract_satellite_beam_identifiers,NOT_SIMULATED:shared_user_quality_prefix_only,SYNTHETIC:09_simulation/scenario_engine.py#external_stream,v14-statistical-reference;not-paper-simulator
N500_K100_T013,500,100,test,13,800,,17413162597639529206,NOT_SIMULATED:no_orbit_propagation,NOT_SIMULATED:abstract_satellite_beam_identifiers,NOT_SIMULATED:shared_user_quality_prefix_only,SYNTHETIC:09_simulation/scenario_engine.py#external_stream,v14-statistical-reference;not-paper-simulator
N500_K100_T014,500,100,test,14,800,,17413162597639529206,NOT_SIMULATED:no_orbit_propagation,NOT_SIMULATED:abstract_satellite_beam_identifiers,NOT_SIMULATED:shared_user_quality_prefix_only,SYNTHETIC:09_simulation/scenario_engine.py#external_stream,v14-statistical-reference;not-paper-simulator
N500_K100_T015,500,100,test,15,800,,17413162597639529206,NOT_SIMULATED:no_orbit_propagation,NOT_SIMULATED:abstract_satellite_beam_identifiers,NOT_SIMULATED:shared_user_quality_prefix_only,SYNTHETIC:09_simulation/scenario_engine.py#external_stream,v14-statistical-reference;not-paper-simulator
N500_K100_T016,500,100,test,16,800,,17413162597639529206,NOT_SIMULATED:no_orbit_propagation,NOT_SIMULATED:abstract_satellite_beam_identifiers,NOT_SIMULATED:shared_user_quality_prefix_only,SYNTHETIC:09_simulation/scenario_engine.py#external_stream,v14-statistical-reference;not-paper-simulator
N500_K100_T017,500,100,test,17,800,,17413162597639529206,NOT_SIMULATED:no_orbit_propagation,NOT_SIMULATED:abstract_satellite_beam_identifiers,NOT_SIMULATED:shared_user_quality_prefix_only,SYNTHETIC:09_simulation/scenario_engine.py#external_stream,v14-statistical-reference;not-paper-simulator
N500_K100_T018,500,100,test,18,800,,17413162597639529206,NOT_SIMULATED:no_orbit_propagation,NOT_SIMULATED:abstract_satellite_beam_identifiers,NOT_SIMULATED:shared_user_quality_prefix_only,SYNTHETIC:09_simulation/scenario_engine.py#external_stream,v14-statistical-reference;not-paper-simulator
N500_K100_T019,500,100,test,19,800,,17413162597639529206,NOT_SIMULATED:no_orbit_propagation,NOT_SIMULATED:abstract_satellite_beam_identifiers,NOT_SIMULATED:shared_user_quality_prefix_only,SYNTHETIC:09_simulation/scenario_engine.py#external_stream,v14-statistical-reference;not-paper-simulator
N500_K100_T020,500,100,test,20,800,,17413162597639529206,NOT_SIMULATED:no_orbit_propagation,NOT_SIMULATED:abstract_satellite_beam_identifiers,NOT_SIMULATED:shared_user_quality_prefix_only,SYNTHETIC:09_simulation/scenario_engine.py#external_stream,v14-statistical-reference;not-paper-simulator
N500_K100_T021,500,100,test,21,800,,17413162597639529206,NOT_SIMULATED:no_orbit_propagation,NOT_SIMULATED:abstract_satellite_beam_identifiers,NOT_SIMULATED:shared_user_quality_prefix_only,SYNTHETIC:09_simulation/scenario_engine.py#external_stream,v14-statistical-reference;not-paper-simulator
N500_K100_T022,500,100,test,22,800,,17413162597639529206,NOT_SIMULATED:no_orbit_propagation,NOT_SIMULATED:abstract_satellite_beam_identifiers,NOT_SIMULATED:shared_user_quality_prefix_only,SYNTHETIC:09_simulation/scenario_engine.py#external_stream,v14-statistical-reference;not-paper-simulator
N500_K100_T023,500,100,test,23,800,,17413162597639529206,NOT_SIMULATED:no_orbit_propagation,NOT_SIMULATED:abstract_satellite_beam_identifiers,NOT_SIMULATED:shared_user_quality_prefix_only,SYNTHETIC:09_simulation/scenario_engine.py#external_stream,v14-statistical-reference;not-paper-simulator
N500_K100_T024,500,100,test,24,800,,17413162597639529206,NOT_SIMULATED:no_orbit_propagation,NOT_SIMULATED:abstract_satellite_beam_identifiers,NOT_SIMULATED:shared_user_quality_prefix_only,SYNTHETIC:09_simulation/scenario_engine.py#external_stream,v14-statistical-reference;not-paper-simulator
N500_K100_T025,500,100,test,25,800,,17413162597639529206,NOT_SIMULATED:no_orbit_propagation,NOT_SIMULATED:abstract_satellite_beam_identifiers,NOT_SIMULATED:shared_user_quality_prefix_only,SYNTHETIC:09_simulation/scenario_engine.py#external_stream,v14-statistical-reference;not-paper-simulator
N500_K100_T026,500,100,test,26,800,,17413162597639529206,NOT_SIMULATED:no_orbit_propagation,NOT_SIMULATED:abstract_satellite_beam_identifiers,NOT_SIMULATED:shared_user_quality_prefix_only,SYNTHETIC:09_simulation/scenario_engine.py#external_stream,v14-statistical-reference;not-paper-simulator
N500_K100_T027,500,100,test,27,800,,17413162597639529206,NOT_SIMULATED:no_orbit_propagation,NOT_SIMULATED:abstract_satellite_beam_identifiers,NOT_SIMULATED:shared_user_quality_prefix_only,SYNTHETIC:09_simulation/scenario_engine.py#external_stream,v14-statistical-reference;not-paper-simulator
N500_K100_T028,500,100,test,28,800,,17413162597639529206,NOT_SIMULATED:no_orbit_propagation,NOT_SIMULATED:abstract_satellite_beam_identifiers,NOT_SIMULATED:shared_user_quality_prefix_only,SYNTHETIC:09_simulation/scenario_engine.py#external_stream,v14-statistical-reference;not-paper-simulator
N500_K100_T029,500,100,test,29,800,,17413162597639529206,NOT_SIMULATED:no_orbit_propagation,NOT_SIMULATED:abstract_satellite_beam_identifiers,NOT_SIMULATED:shared_user_quality_prefix_only,SYNTHETIC:09_simulation/scenario_engine.py#external_stream,v14-statistical-reference;not-paper-simulator
N500_K100_T030,500,100,test,30,800,,17413162597639529206,NOT_SIMULATED:no_orbit_propagation,NOT_SIMULATED:abstract_satellite_beam_identifiers,NOT_SIMULATED:shared_user_quality_prefix_only,SYNTHETIC:09_simulation/scenario_engine.py#external_stream,v14-statistical-reference;not-paper-simulator
N1000_K100_V001,1000,100,validation,1,800,,10137628208458277402,NOT_SIMULATED:no_orbit_propagation,NOT_SIMULATED:abstract_satellite_beam_identifiers,NOT_SIMULATED:shared_user_quality_prefix_only,SYNTHETIC:09_simulation/scenario_engine.py#external_stream,v14-statistical-reference;not-paper-simulator
N1000_K100_V002,1000,100,validation,2,800,,10137628208458277402,NOT_SIMULATED:no_orbit_propagation,NOT_SIMULATED:abstract_satellite_beam_identifiers,NOT_SIMULATED:shared_user_quality_prefix_only,SYNTHETIC:09_simulation/scenario_engine.py#external_stream,v14-statistical-reference;not-paper-simulator
N1000_K100_V003,1000,100,validation,3,800,,10137628208458277402,NOT_SIMULATED:no_orbit_propagation,NOT_SIMULATED:abstract_satellite_beam_identifiers,NOT_SIMULATED:shared_user_quality_prefix_only,SYNTHETIC:09_simulation/scenario_engine.py#external_stream,v14-statistical-reference;not-paper-simulator
N1000_K100_V004,1000,100,validation,4,800,,10137628208458277402,NOT_SIMULATED:no_orbit_propagation,NOT_SIMULATED:abstract_satellite_beam_identifiers,NOT_SIMULATED:shared_user_quality_prefix_only,SYNTHETIC:09_simulation/scenario_engine.py#external_stream,v14-statistical-reference;not-paper-simulator
N1000_K100_V005,1000,100,validation,5,800,,10137628208458277402,NOT_SIMULATED:no_orbit_propagation,NOT_SIMULATED:abstract_satellite_beam_identifiers,NOT_SIMULATED:shared_user_quality_prefix_only,SYNTHETIC:09_simulation/scenario_engine.py#external_stream,v14-statistical-reference;not-paper-simulator
N1000_K100_V006,1000,100,validation,6,800,,10137628208458277402,NOT_SIMULATED:no_orbit_propagation,NOT_SIMULATED:abstract_satellite_beam_identifiers,NOT_SIMULATED:shared_user_quality_prefix_only,SYNTHETIC:09_simulation/scenario_engine.py#external_stream,v14-statistical-reference;not-paper-simulator
N1000_K100_V007,1000,100,validation,7,800,,10137628208458277402,NOT_SIMULATED:no_orbit_propagation,NOT_SIMULATED:abstract_satellite_beam_identifiers,NOT_SIMULATED:shared_user_quality_prefix_only,SYNTHETIC:09_simulation/scenario_engine.py#external_stream,v14-statistical-reference;not-paper-simulator
N1000_K100_V008,1000,100,validation,8,800,,10137628208458277402,NOT_SIMULATED:no_orbit_propagation,NOT_SIMULATED:abstract_satellite_beam_identifiers,NOT_SIMULATED:shared_user_quality_prefix_only,SYNTHETIC:09_simulation/scenario_engine.py#external_stream,v14-statistical-reference;not-paper-simulator
N1000_K100_V009,1000,100,validation,9,800,,10137628208458277402,NOT_SIMULATED:no_orbit_propagation,NOT_SIMULATED:abstract_satellite_beam_identifiers,NOT_SIMULATED:shared_user_quality_prefix_only,SYNTHETIC:09_simulation/scenario_engine.py#external_stream,v14-statistical-reference;not-paper-simulator
N1000_K100_V010,1000,100,validation,10,800,,10137628208458277402,NOT_SIMULATED:no_orbit_propagation,NOT_SIMULATED:abstract_satellite_beam_identifiers,NOT_SIMULATED:shared_user_quality_prefix_only,SYNTHETIC:09_simulation/scenario_engine.py#external_stream,v14-statistical-reference;not-paper-simulator
N1000_K100_T001,1000,100,test,1,800,,13056849773178640733,NOT_SIMULATED:no_orbit_propagation,NOT_SIMULATED:abstract_satellite_beam_identifiers,NOT_SIMULATED:shared_user_quality_prefix_only,SYNTHETIC:09_simulation/scenario_engine.py#external_stream,v14-statistical-reference;not-paper-simulator
N1000_K100_T002,1000,100,test,2,800,,13056849773178640733,NOT_SIMULATED:no_orbit_propagation,NOT_SIMULATED:abstract_satellite_beam_identifiers,NOT_SIMULATED:shared_user_quality_prefix_only,SYNTHETIC:09_simulation/scenario_engine.py#external_stream,v14-statistical-reference;not-paper-simulator
N1000_K100_T003,1000,100,test,3,800,,13056849773178640733,NOT_SIMULATED:no_orbit_propagation,NOT_SIMULATED:abstract_satellite_beam_identifiers,NOT_SIMULATED:shared_user_quality_prefix_only,SYNTHETIC:09_simulation/scenario_engine.py#external_stream,v14-statistical-reference;not-paper-simulator
N1000_K100_T004,1000,100,test,4,800,,13056849773178640733,NOT_SIMULATED:no_orbit_propagation,NOT_SIMULATED:abstract_satellite_beam_identifiers,NOT_SIMULATED:shared_user_quality_prefix_only,SYNTHETIC:09_simulation/scenario_engine.py#external_stream,v14-statistical-reference;not-paper-simulator
N1000_K100_T005,1000,100,test,5,800,,13056849773178640733,NOT_SIMULATED:no_orbit_propagation,NOT_SIMULATED:abstract_satellite_beam_identifiers,NOT_SIMULATED:shared_user_quality_prefix_only,SYNTHETIC:09_simulation/scenario_engine.py#external_stream,v14-statistical-reference;not-paper-simulator
N1000_K100_T006,1000,100,test,6,800,,13056849773178640733,NOT_SIMULATED:no_orbit_propagation,NOT_SIMULATED:abstract_satellite_beam_identifiers,NOT_SIMULATED:shared_user_quality_prefix_only,SYNTHETIC:09_simulation/scenario_engine.py#external_stream,v14-statistical-reference;not-paper-simulator
N1000_K100_T007,1000,100,test,7,800,,13056849773178640733,NOT_SIMULATED:no_orbit_propagation,NOT_SIMULATED:abstract_satellite_beam_identifiers,NOT_SIMULATED:shared_user_quality_prefix_only,SYNTHETIC:09_simulation/scenario_engine.py#external_stream,v14-statistical-reference;not-paper-simulator
N1000_K100_T008,1000,100,test,8,800,,13056849773178640733,NOT_SIMULATED:no_orbit_propagation,NOT_SIMULATED:abstract_satellite_beam_identifiers,NOT_SIMULATED:shared_user_quality_prefix_only,SYNTHETIC:09_simulation/scenario_engine.py#external_stream,v14-statistical-reference;not-paper-simulator
N1000_K100_T009,1000,100,test,9,800,,13056849773178640733,NOT_SIMULATED:no_orbit_propagation,NOT_SIMULATED:abstract_satellite_beam_identifiers,NOT_SIMULATED:shared_user_quality_prefix_only,SYNTHETIC:09_simulation/scenario_engine.py#external_stream,v14-statistical-reference;not-paper-simulator
N1000_K100_T010,1000,100,test,10,800,,13056849773178640733,NOT_SIMULATED:no_orbit_propagation,NOT_SIMULATED:abstract_satellite_beam_identifiers,NOT_SIMULATED:shared_user_quality_prefix_only,SYNTHETIC:09_simulation/scenario_engine.py#external_stream,v14-statistical-reference;not-paper-simulator
N1000_K100_T011,1000,100,test,11,800,,13056849773178640733,NOT_SIMULATED:no_orbit_propagation,NOT_SIMULATED:abstract_satellite_beam_identifiers,NOT_SIMULATED:shared_user_quality_prefix_only,SYNTHETIC:09_simulation/scenario_engine.py#external_stream,v14-statistical-reference;not-paper-simulator
N1000_K100_T012,1000,100,test,12,800,,13056849773178640733,NOT_SIMULATED:no_orbit_propagation,NOT_SIMULATED:abstract_satellite_beam_identifiers,NOT_SIMULATED:shared_user_quality_prefix_only,SYNTHETIC:09_simulation/scenario_engine.py#external_stream,v14-statistical-reference;not-paper-simulator
N1000_K100_T013,1000,100,test,13,800,,13056849773178640733,NOT_SIMULATED:no_orbit_propagation,NOT_SIMULATED:abstract_satellite_beam_identifiers,NOT_SIMULATED:shared_user_quality_prefix_only,SYNTHETIC:09_simulation/scenario_engine.py#external_stream,v14-statistical-reference;not-paper-simulator
N1000_K100_T014,1000,100,test,14,800,,13056849773178640733,NOT_SIMULATED:no_orbit_propagation,NOT_SIMULATED:abstract_satellite_beam_identifiers,NOT_SIMULATED:shared_user_quality_prefix_only,SYNTHETIC:09_simulation/scenario_engine.py#external_stream,v14-statistical-reference;not-paper-simulator
N1000_K100_T015,1000,100,test,15,800,,13056849773178640733,NOT_SIMULATED:no_orbit_propagation,NOT_SIMULATED:abstract_satellite_beam_identifiers,NOT_SIMULATED:shared_user_quality_prefix_only,SYNTHETIC:09_simulation/scenario_engine.py#external_stream,v14-statistical-reference;not-paper-simulator
N1000_K100_T016,1000,100,test,16,800,,13056849773178640733,NOT_SIMULATED:no_orbit_propagation,NOT_SIMULATED:abstract_satellite_beam_identifiers,NOT_SIMULATED:shared_user_quality_prefix_only,SYNTHETIC:09_simulation/scenario_engine.py#external_stream,v14-statistical-reference;not-paper-simulator
N1000_K100_T017,1000,100,test,17,800,,13056849773178640733,NOT_SIMULATED:no_orbit_propagation,NOT_SIMULATED:abstract_satellite_beam_identifiers,NOT_SIMULATED:shared_user_quality_prefix_only,SYNTHETIC:09_simulation/scenario_engine.py#external_stream,v14-statistical-reference;not-paper-simulator
N1000_K100_T018,1000,100,test,18,800,,13056849773178640733,NOT_SIMULATED:no_orbit_propagation,NOT_SIMULATED:abstract_satellite_beam_identifiers,NOT_SIMULATED:shared_user_quality_prefix_only,SYNTHETIC:09_simulation/scenario_engine.py#external_stream,v14-statistical-reference;not-paper-simulator
N1000_K100_T019,1000,100,test,19,800,,13056849773178640733,NOT_SIMULATED:no_orbit_propagation,NOT_SIMULATED:abstract_satellite_beam_identifiers,NOT_SIMULATED:shared_user_quality_prefix_only,SYNTHETIC:09_simulation/scenario_engine.py#external_stream,v14-statistical-reference;not-paper-simulator
N1000_K100_T020,1000,100,test,20,800,,13056849773178640733,NOT_SIMULATED:no_orbit_propagation,NOT_SIMULATED:abstract_satellite_beam_identifiers,NOT_SIMULATED:shared_user_quality_prefix_only,SYNTHETIC:09_simulation/scenario_engine.py#external_stream,v14-statistical-reference;not-paper-simulator
N1000_K100_T021,1000,100,test,21,800,,13056849773178640733,NOT_SIMULATED:no_orbit_propagation,NOT_SIMULATED:abstract_satellite_beam_identifiers,NOT_SIMULATED:shared_user_quality_prefix_only,SYNTHETIC:09_simulation/scenario_engine.py#external_stream,v14-statistical-reference;not-paper-simulator
N1000_K100_T022,1000,100,test,22,800,,13056849773178640733,NOT_SIMULATED:no_orbit_propagation,NOT_SIMULATED:abstract_satellite_beam_identifiers,NOT_SIMULATED:shared_user_quality_prefix_only,SYNTHETIC:09_simulation/scenario_engine.py#external_stream,v14-statistical-reference;not-paper-simulator
N1000_K100_T023,1000,100,test,23,800,,13056849773178640733,NOT_SIMULATED:no_orbit_propagation,NOT_SIMULATED:abstract_satellite_beam_identifiers,NOT_SIMULATED:shared_user_quality_prefix_only,SYNTHETIC:09_simulation/scenario_engine.py#external_stream,v14-statistical-reference;not-paper-simulator
N1000_K100_T024,1000,100,test,24,800,,13056849773178640733,NOT_SIMULATED:no_orbit_propagation,NOT_SIMULATED:abstract_satellite_beam_identifiers,NOT_SIMULATED:shared_user_quality_prefix_only,SYNTHETIC:09_simulation/scenario_engine.py#external_stream,v14-statistical-reference;not-paper-simulator
N1000_K100_T025,1000,100,test,25,800,,13056849773178640733,NOT_SIMULATED:no_orbit_propagation,NOT_SIMULATED:abstract_satellite_beam_identifiers,NOT_SIMULATED:shared_user_quality_prefix_only,SYNTHETIC:09_simulation/scenario_engine.py#external_stream,v14-statistical-reference;not-paper-simulator
N1000_K100_T026,1000,100,test,26,800,,13056849773178640733,NOT_SIMULATED:no_orbit_propagation,NOT_SIMULATED:abstract_satellite_beam_identifiers,NOT_SIMULATED:shared_user_quality_prefix_only,SYNTHETIC:09_simulation/scenario_engine.py#external_stream,v14-statistical-reference;not-paper-simulator
N1000_K100_T027,1000,100,test,27,800,,13056849773178640733,NOT_SIMULATED:no_orbit_propagation,NOT_SIMULATED:abstract_satellite_beam_identifiers,NOT_SIMULATED:shared_user_quality_prefix_only,SYNTHETIC:09_simulation/scenario_engine.py#external_stream,v14-statistical-reference;not-paper-simulator
N1000_K100_T028,1000,100,test,28,800,,13056849773178640733,NOT_SIMULATED:no_orbit_propagation,NOT_SIMULATED:abstract_satellite_beam_identifiers,NOT_SIMULATED:shared_user_quality_prefix_only,SYNTHETIC:09_simulation/scenario_engine.py#external_stream,v14-statistical-reference;not-paper-simulator
N1000_K100_T029,1000,100,test,29,800,,13056849773178640733,NOT_SIMULATED:no_orbit_propagation,NOT_SIMULATED:abstract_satellite_beam_identifiers,NOT_SIMULATED:shared_user_quality_prefix_only,SYNTHETIC:09_simulation/scenario_engine.py#external_stream,v14-statistical-reference;not-paper-simulator
N1000_K100_T030,1000,100,test,30,800,,13056849773178640733,NOT_SIMULATED:no_orbit_propagation,NOT_SIMULATED:abstract_satellite_beam_identifiers,NOT_SIMULATED:shared_user_quality_prefix_only,SYNTHETIC:09_simulation/scenario_engine.py#external_stream,v14-statistical-reference;not-paper-simulator
N2000_K100_V001,2000,100,validation,1,800,,9331148440263979358,NOT_SIMULATED:no_orbit_propagation,NOT_SIMULATED:abstract_satellite_beam_identifiers,NOT_SIMULATED:shared_user_quality_prefix_only,SYNTHETIC:09_simulation/scenario_engine.py#external_stream,v14-statistical-reference;not-paper-simulator
N2000_K100_V002,2000,100,validation,2,800,,9331148440263979358,NOT_SIMULATED:no_orbit_propagation,NOT_SIMULATED:abstract_satellite_beam_identifiers,NOT_SIMULATED:shared_user_quality_prefix_only,SYNTHETIC:09_simulation/scenario_engine.py#external_stream,v14-statistical-reference;not-paper-simulator
N2000_K100_V003,2000,100,validation,3,800,,9331148440263979358,NOT_SIMULATED:no_orbit_propagation,NOT_SIMULATED:abstract_satellite_beam_identifiers,NOT_SIMULATED:shared_user_quality_prefix_only,SYNTHETIC:09_simulation/scenario_engine.py#external_stream,v14-statistical-reference;not-paper-simulator
N2000_K100_V004,2000,100,validation,4,800,,9331148440263979358,NOT_SIMULATED:no_orbit_propagation,NOT_SIMULATED:abstract_satellite_beam_identifiers,NOT_SIMULATED:shared_user_quality_prefix_only,SYNTHETIC:09_simulation/scenario_engine.py#external_stream,v14-statistical-reference;not-paper-simulator
N2000_K100_V005,2000,100,validation,5,800,,9331148440263979358,NOT_SIMULATED:no_orbit_propagation,NOT_SIMULATED:abstract_satellite_beam_identifiers,NOT_SIMULATED:shared_user_quality_prefix_only,SYNTHETIC:09_simulation/scenario_engine.py#external_stream,v14-statistical-reference;not-paper-simulator
N2000_K100_V006,2000,100,validation,6,800,,9331148440263979358,NOT_SIMULATED:no_orbit_propagation,NOT_SIMULATED:abstract_satellite_beam_identifiers,NOT_SIMULATED:shared_user_quality_prefix_only,SYNTHETIC:09_simulation/scenario_engine.py#external_stream,v14-statistical-reference;not-paper-simulator
N2000_K100_V007,2000,100,validation,7,800,,9331148440263979358,NOT_SIMULATED:no_orbit_propagation,NOT_SIMULATED:abstract_satellite_beam_identifiers,NOT_SIMULATED:shared_user_quality_prefix_only,SYNTHETIC:09_simulation/scenario_engine.py#external_stream,v14-statistical-reference;not-paper-simulator
N2000_K100_V008,2000,100,validation,8,800,,9331148440263979358,NOT_SIMULATED:no_orbit_propagation,NOT_SIMULATED:abstract_satellite_beam_identifiers,NOT_SIMULATED:shared_user_quality_prefix_only,SYNTHETIC:09_simulation/scenario_engine.py#external_stream,v14-statistical-reference;not-paper-simulator
N2000_K100_V009,2000,100,validation,9,800,,9331148440263979358,NOT_SIMULATED:no_orbit_propagation,NOT_SIMULATED:abstract_satellite_beam_identifiers,NOT_SIMULATED:shared_user_quality_prefix_only,SYNTHETIC:09_simulation/scenario_engine.py#external_stream,v14-statistical-reference;not-paper-simulator
N2000_K100_V010,2000,100,validation,10,800,,9331148440263979358,NOT_SIMULATED:no_orbit_propagation,NOT_SIMULATED:abstract_satellite_beam_identifiers,NOT_SIMULATED:shared_user_quality_prefix_only,SYNTHETIC:09_simulation/scenario_engine.py#external_stream,v14-statistical-reference;not-paper-simulator
N2000_K100_T001,2000,100,test,1,800,,11880001994099910355,NOT_SIMULATED:no_orbit_propagation,NOT_SIMULATED:abstract_satellite_beam_identifiers,NOT_SIMULATED:shared_user_quality_prefix_only,SYNTHETIC:09_simulation/scenario_engine.py#external_stream,v14-statistical-reference;not-paper-simulator
N2000_K100_T002,2000,100,test,2,800,,11880001994099910355,NOT_SIMULATED:no_orbit_propagation,NOT_SIMULATED:abstract_satellite_beam_identifiers,NOT_SIMULATED:shared_user_quality_prefix_only,SYNTHETIC:09_simulation/scenario_engine.py#external_stream,v14-statistical-reference;not-paper-simulator
N2000_K100_T003,2000,100,test,3,800,,11880001994099910355,NOT_SIMULATED:no_orbit_propagation,NOT_SIMULATED:abstract_satellite_beam_identifiers,NOT_SIMULATED:shared_user_quality_prefix_only,SYNTHETIC:09_simulation/scenario_engine.py#external_stream,v14-statistical-reference;not-paper-simulator
N2000_K100_T004,2000,100,test,4,800,,11880001994099910355,NOT_SIMULATED:no_orbit_propagation,NOT_SIMULATED:abstract_satellite_beam_identifiers,NOT_SIMULATED:shared_user_quality_prefix_only,SYNTHETIC:09_simulation/scenario_engine.py#external_stream,v14-statistical-reference;not-paper-simulator
N2000_K100_T005,2000,100,test,5,800,,11880001994099910355,NOT_SIMULATED:no_orbit_propagation,NOT_SIMULATED:abstract_satellite_beam_identifiers,NOT_SIMULATED:shared_user_quality_prefix_only,SYNTHETIC:09_simulation/scenario_engine.py#external_stream,v14-statistical-reference;not-paper-simulator
N2000_K100_T006,2000,100,test,6,800,,11880001994099910355,NOT_SIMULATED:no_orbit_propagation,NOT_SIMULATED:abstract_satellite_beam_identifiers,NOT_SIMULATED:shared_user_quality_prefix_only,SYNTHETIC:09_simulation/scenario_engine.py#external_stream,v14-statistical-reference;not-paper-simulator
N2000_K100_T007,2000,100,test,7,800,,11880001994099910355,NOT_SIMULATED:no_orbit_propagation,NOT_SIMULATED:abstract_satellite_beam_identifiers,NOT_SIMULATED:shared_user_quality_prefix_only,SYNTHETIC:09_simulation/scenario_engine.py#external_stream,v14-statistical-reference;not-paper-simulator
N2000_K100_T008,2000,100,test,8,800,,11880001994099910355,NOT_SIMULATED:no_orbit_propagation,NOT_SIMULATED:abstract_satellite_beam_identifiers,NOT_SIMULATED:shared_user_quality_prefix_only,SYNTHETIC:09_simulation/scenario_engine.py#external_stream,v14-statistical-reference;not-paper-simulator
N2000_K100_T009,2000,100,test,9,800,,11880001994099910355,NOT_SIMULATED:no_orbit_propagation,NOT_SIMULATED:abstract_satellite_beam_identifiers,NOT_SIMULATED:shared_user_quality_prefix_only,SYNTHETIC:09_simulation/scenario_engine.py#external_stream,v14-statistical-reference;not-paper-simulator
N2000_K100_T010,2000,100,test,10,800,,11880001994099910355,NOT_SIMULATED:no_orbit_propagation,NOT_SIMULATED:abstract_satellite_beam_identifiers,NOT_SIMULATED:shared_user_quality_prefix_only,SYNTHETIC:09_simulation/scenario_engine.py#external_stream,v14-statistical-reference;not-paper-simulator
N2000_K100_T011,2000,100,test,11,800,,11880001994099910355,NOT_SIMULATED:no_orbit_propagation,NOT_SIMULATED:abstract_satellite_beam_identifiers,NOT_SIMULATED:shared_user_quality_prefix_only,SYNTHETIC:09_simulation/scenario_engine.py#external_stream,v14-statistical-reference;not-paper-simulator
N2000_K100_T012,2000,100,test,12,800,,11880001994099910355,NOT_SIMULATED:no_orbit_propagation,NOT_SIMULATED:abstract_satellite_beam_identifiers,NOT_SIMULATED:shared_user_quality_prefix_only,SYNTHETIC:09_simulation/scenario_engine.py#external_stream,v14-statistical-reference;not-paper-simulator
N2000_K100_T013,2000,100,test,13,800,,11880001994099910355,NOT_SIMULATED:no_orbit_propagation,NOT_SIMULATED:abstract_satellite_beam_identifiers,NOT_SIMULATED:shared_user_quality_prefix_only,SYNTHETIC:09_simulation/scenario_engine.py#external_stream,v14-statistical-reference;not-paper-simulator
N2000_K100_T014,2000,100,test,14,800,,11880001994099910355,NOT_SIMULATED:no_orbit_propagation,NOT_SIMULATED:abstract_satellite_beam_identifiers,NOT_SIMULATED:shared_user_quality_prefix_only,SYNTHETIC:09_simulation/scenario_engine.py#external_stream,v14-statistical-reference;not-paper-simulator
N2000_K100_T015,2000,100,test,15,800,,11880001994099910355,NOT_SIMULATED:no_orbit_propagation,NOT_SIMULATED:abstract_satellite_beam_identifiers,NOT_SIMULATED:shared_user_quality_prefix_only,SYNTHETIC:09_simulation/scenario_engine.py#external_stream,v14-statistical-reference;not-paper-simulator
N2000_K100_T016,2000,100,test,16,800,,11880001994099910355,NOT_SIMULATED:no_orbit_propagation,NOT_SIMULATED:abstract_satellite_beam_identifiers,NOT_SIMULATED:shared_user_quality_prefix_only,SYNTHETIC:09_simulation/scenario_engine.py#external_stream,v14-statistical-reference;not-paper-simulator
N2000_K100_T017,2000,100,test,17,800,,11880001994099910355,NOT_SIMULATED:no_orbit_propagation,NOT_SIMULATED:abstract_satellite_beam_identifiers,NOT_SIMULATED:shared_user_quality_prefix_only,SYNTHETIC:09_simulation/scenario_engine.py#external_stream,v14-statistical-reference;not-paper-simulator
N2000_K100_T018,2000,100,test,18,800,,11880001994099910355,NOT_SIMULATED:no_orbit_propagation,NOT_SIMULATED:abstract_satellite_beam_identifiers,NOT_SIMULATED:shared_user_quality_prefix_only,SYNTHETIC:09_simulation/scenario_engine.py#external_stream,v14-statistical-reference;not-paper-simulator
N2000_K100_T019,2000,100,test,19,800,,11880001994099910355,NOT_SIMULATED:no_orbit_propagation,NOT_SIMULATED:abstract_satellite_beam_identifiers,NOT_SIMULATED:shared_user_quality_prefix_only,SYNTHETIC:09_simulation/scenario_engine.py#external_stream,v14-statistical-reference;not-paper-simulator
N2000_K100_T020,2000,100,test,20,800,,11880001994099910355,NOT_SIMULATED:no_orbit_propagation,NOT_SIMULATED:abstract_satellite_beam_identifiers,NOT_SIMULATED:shared_user_quality_prefix_only,SYNTHETIC:09_simulation/scenario_engine.py#external_stream,v14-statistical-reference;not-paper-simulator
N2000_K100_T021,2000,100,test,21,800,,11880001994099910355,NOT_SIMULATED:no_orbit_propagation,NOT_SIMULATED:abstract_satellite_beam_identifiers,NOT_SIMULATED:shared_user_quality_prefix_only,SYNTHETIC:09_simulation/scenario_engine.py#external_stream,v14-statistical-reference;not-paper-simulator
N2000_K100_T022,2000,100,test,22,800,,11880001994099910355,NOT_SIMULATED:no_orbit_propagation,NOT_SIMULATED:abstract_satellite_beam_identifiers,NOT_SIMULATED:shared_user_quality_prefix_only,SYNTHETIC:09_simulation/scenario_engine.py#external_stream,v14-statistical-reference;not-paper-simulator
N2000_K100_T023,2000,100,test,23,800,,11880001994099910355,NOT_SIMULATED:no_orbit_propagation,NOT_SIMULATED:abstract_satellite_beam_identifiers,NOT_SIMULATED:shared_user_quality_prefix_only,SYNTHETIC:09_simulation/scenario_engine.py#external_stream,v14-statistical-reference;not-paper-simulator
N2000_K100_T024,2000,100,test,24,800,,11880001994099910355,NOT_SIMULATED:no_orbit_propagation,NOT_SIMULATED:abstract_satellite_beam_identifiers,NOT_SIMULATED:shared_user_quality_prefix_only,SYNTHETIC:09_simulation/scenario_engine.py#external_stream,v14-statistical-reference;not-paper-simulator
N2000_K100_T025,2000,100,test,25,800,,11880001994099910355,NOT_SIMULATED:no_orbit_propagation,NOT_SIMULATED:abstract_satellite_beam_identifiers,NOT_SIMULATED:shared_user_quality_prefix_only,SYNTHETIC:09_simulation/scenario_engine.py#external_stream,v14-statistical-reference;not-paper-simulator
N2000_K100_T026,2000,100,test,26,800,,11880001994099910355,NOT_SIMULATED:no_orbit_propagation,NOT_SIMULATED:abstract_satellite_beam_identifiers,NOT_SIMULATED:shared_user_quality_prefix_only,SYNTHETIC:09_simulation/scenario_engine.py#external_stream,v14-statistical-reference;not-paper-simulator
N2000_K100_T027,2000,100,test,27,800,,11880001994099910355,NOT_SIMULATED:no_orbit_propagation,NOT_SIMULATED:abstract_satellite_beam_identifiers,NOT_SIMULATED:shared_user_quality_prefix_only,SYNTHETIC:09_simulation/scenario_engine.py#external_stream,v14-statistical-reference;not-paper-simulator
N2000_K100_T028,2000,100,test,28,800,,11880001994099910355,NOT_SIMULATED:no_orbit_propagation,NOT_SIMULATED:abstract_satellite_beam_identifiers,NOT_SIMULATED:shared_user_quality_prefix_only,SYNTHETIC:09_simulation/scenario_engine.py#external_stream,v14-statistical-reference;not-paper-simulator
N2000_K100_T029,2000,100,test,29,800,,11880001994099910355,NOT_SIMULATED:no_orbit_propagation,NOT_SIMULATED:abstract_satellite_beam_identifiers,NOT_SIMULATED:shared_user_quality_prefix_only,SYNTHETIC:09_simulation/scenario_engine.py#external_stream,v14-statistical-reference;not-paper-simulator
N2000_K100_T030,2000,100,test,30,800,,11880001994099910355,NOT_SIMULATED:no_orbit_propagation,NOT_SIMULATED:abstract_satellite_beam_identifiers,NOT_SIMULATED:shared_user_quality_prefix_only,SYNTHETIC:09_simulation/scenario_engine.py#external_stream,v14-statistical-reference;not-paper-simulator
N2000_K200_V001,2000,200,validation,1,800,,9331148440263979358,NOT_SIMULATED:no_orbit_propagation,NOT_SIMULATED:abstract_satellite_beam_identifiers,NOT_SIMULATED:shared_user_quality_prefix_only,SYNTHETIC:09_simulation/scenario_engine.py#external_stream,v14-statistical-reference;not-paper-simulator
N2000_K200_V002,2000,200,validation,2,800,,9331148440263979358,NOT_SIMULATED:no_orbit_propagation,NOT_SIMULATED:abstract_satellite_beam_identifiers,NOT_SIMULATED:shared_user_quality_prefix_only,SYNTHETIC:09_simulation/scenario_engine.py#external_stream,v14-statistical-reference;not-paper-simulator
N2000_K200_V003,2000,200,validation,3,800,,9331148440263979358,NOT_SIMULATED:no_orbit_propagation,NOT_SIMULATED:abstract_satellite_beam_identifiers,NOT_SIMULATED:shared_user_quality_prefix_only,SYNTHETIC:09_simulation/scenario_engine.py#external_stream,v14-statistical-reference;not-paper-simulator
N2000_K200_V004,2000,200,validation,4,800,,9331148440263979358,NOT_SIMULATED:no_orbit_propagation,NOT_SIMULATED:abstract_satellite_beam_identifiers,NOT_SIMULATED:shared_user_quality_prefix_only,SYNTHETIC:09_simulation/scenario_engine.py#external_stream,v14-statistical-reference;not-paper-simulator
N2000_K200_V005,2000,200,validation,5,800,,9331148440263979358,NOT_SIMULATED:no_orbit_propagation,NOT_SIMULATED:abstract_satellite_beam_identifiers,NOT_SIMULATED:shared_user_quality_prefix_only,SYNTHETIC:09_simulation/scenario_engine.py#external_stream,v14-statistical-reference;not-paper-simulator
N2000_K200_V006,2000,200,validation,6,800,,9331148440263979358,NOT_SIMULATED:no_orbit_propagation,NOT_SIMULATED:abstract_satellite_beam_identifiers,NOT_SIMULATED:shared_user_quality_prefix_only,SYNTHETIC:09_simulation/scenario_engine.py#external_stream,v14-statistical-reference;not-paper-simulator
N2000_K200_V007,2000,200,validation,7,800,,9331148440263979358,NOT_SIMULATED:no_orbit_propagation,NOT_SIMULATED:abstract_satellite_beam_identifiers,NOT_SIMULATED:shared_user_quality_prefix_only,SYNTHETIC:09_simulation/scenario_engine.py#external_stream,v14-statistical-reference;not-paper-simulator
N2000_K200_V008,2000,200,validation,8,800,,9331148440263979358,NOT_SIMULATED:no_orbit_propagation,NOT_SIMULATED:abstract_satellite_beam_identifiers,NOT_SIMULATED:shared_user_quality_prefix_only,SYNTHETIC:09_simulation/scenario_engine.py#external_stream,v14-statistical-reference;not-paper-simulator
N2000_K200_V009,2000,200,validation,9,800,,9331148440263979358,NOT_SIMULATED:no_orbit_propagation,NOT_SIMULATED:abstract_satellite_beam_identifiers,NOT_SIMULATED:shared_user_quality_prefix_only,SYNTHETIC:09_simulation/scenario_engine.py#external_stream,v14-statistical-reference;not-paper-simulator
N2000_K200_V010,2000,200,validation,10,800,,9331148440263979358,NOT_SIMULATED:no_orbit_propagation,NOT_SIMULATED:abstract_satellite_beam_identifiers,NOT_SIMULATED:shared_user_quality_prefix_only,SYNTHETIC:09_simulation/scenario_engine.py#external_stream,v14-statistical-reference;not-paper-simulator
N2000_K200_T001,2000,200,test,1,800,,11880001994099910355,NOT_SIMULATED:no_orbit_propagation,NOT_SIMULATED:abstract_satellite_beam_identifiers,NOT_SIMULATED:shared_user_quality_prefix_only,SYNTHETIC:09_simulation/scenario_engine.py#external_stream,v14-statistical-reference;not-paper-simulator
N2000_K200_T002,2000,200,test,2,800,,11880001994099910355,NOT_SIMULATED:no_orbit_propagation,NOT_SIMULATED:abstract_satellite_beam_identifiers,NOT_SIMULATED:shared_user_quality_prefix_only,SYNTHETIC:09_simulation/scenario_engine.py#external_stream,v14-statistical-reference;not-paper-simulator
N2000_K200_T003,2000,200,test,3,800,,11880001994099910355,NOT_SIMULATED:no_orbit_propagation,NOT_SIMULATED:abstract_satellite_beam_identifiers,NOT_SIMULATED:shared_user_quality_prefix_only,SYNTHETIC:09_simulation/scenario_engine.py#external_stream,v14-statistical-reference;not-paper-simulator
N2000_K200_T004,2000,200,test,4,800,,11880001994099910355,NOT_SIMULATED:no_orbit_propagation,NOT_SIMULATED:abstract_satellite_beam_identifiers,NOT_SIMULATED:shared_user_quality_prefix_only,SYNTHETIC:09_simulation/scenario_engine.py#external_stream,v14-statistical-reference;not-paper-simulator
N2000_K200_T005,2000,200,test,5,800,,11880001994099910355,NOT_SIMULATED:no_orbit_propagation,NOT_SIMULATED:abstract_satellite_beam_identifiers,NOT_SIMULATED:shared_user_quality_prefix_only,SYNTHETIC:09_simulation/scenario_engine.py#external_stream,v14-statistical-reference;not-paper-simulator
N2000_K200_T006,2000,200,test,6,800,,11880001994099910355,NOT_SIMULATED:no_orbit_propagation,NOT_SIMULATED:abstract_satellite_beam_identifiers,NOT_SIMULATED:shared_user_quality_prefix_only,SYNTHETIC:09_simulation/scenario_engine.py#external_stream,v14-statistical-reference;not-paper-simulator
N2000_K200_T007,2000,200,test,7,800,,11880001994099910355,NOT_SIMULATED:no_orbit_propagation,NOT_SIMULATED:abstract_satellite_beam_identifiers,NOT_SIMULATED:shared_user_quality_prefix_only,SYNTHETIC:09_simulation/scenario_engine.py#external_stream,v14-statistical-reference;not-paper-simulator
N2000_K200_T008,2000,200,test,8,800,,11880001994099910355,NOT_SIMULATED:no_orbit_propagation,NOT_SIMULATED:abstract_satellite_beam_identifiers,NOT_SIMULATED:shared_user_quality_prefix_only,SYNTHETIC:09_simulation/scenario_engine.py#external_stream,v14-statistical-reference;not-paper-simulator
N2000_K200_T009,2000,200,test,9,800,,11880001994099910355,NOT_SIMULATED:no_orbit_propagation,NOT_SIMULATED:abstract_satellite_beam_identifiers,NOT_SIMULATED:shared_user_quality_prefix_only,SYNTHETIC:09_simulation/scenario_engine.py#external_stream,v14-statistical-reference;not-paper-simulator
N2000_K200_T010,2000,200,test,10,800,,11880001994099910355,NOT_SIMULATED:no_orbit_propagation,NOT_SIMULATED:abstract_satellite_beam_identifiers,NOT_SIMULATED:shared_user_quality_prefix_only,SYNTHETIC:09_simulation/scenario_engine.py#external_stream,v14-statistical-reference;not-paper-simulator
N2000_K200_T011,2000,200,test,11,800,,11880001994099910355,NOT_SIMULATED:no_orbit_propagation,NOT_SIMULATED:abstract_satellite_beam_identifiers,NOT_SIMULATED:shared_user_quality_prefix_only,SYNTHETIC:09_simulation/scenario_engine.py#external_stream,v14-statistical-reference;not-paper-simulator
N2000_K200_T012,2000,200,test,12,800,,11880001994099910355,NOT_SIMULATED:no_orbit_propagation,NOT_SIMULATED:abstract_satellite_beam_identifiers,NOT_SIMULATED:shared_user_quality_prefix_only,SYNTHETIC:09_simulation/scenario_engine.py#external_stream,v14-statistical-reference;not-paper-simulator
N2000_K200_T013,2000,200,test,13,800,,11880001994099910355,NOT_SIMULATED:no_orbit_propagation,NOT_SIMULATED:abstract_satellite_beam_identifiers,NOT_SIMULATED:shared_user_quality_prefix_only,SYNTHETIC:09_simulation/scenario_engine.py#external_stream,v14-statistical-reference;not-paper-simulator
N2000_K200_T014,2000,200,test,14,800,,11880001994099910355,NOT_SIMULATED:no_orbit_propagation,NOT_SIMULATED:abstract_satellite_beam_identifiers,NOT_SIMULATED:shared_user_quality_prefix_only,SYNTHETIC:09_simulation/scenario_engine.py#external_stream,v14-statistical-reference;not-paper-simulator
N2000_K200_T015,2000,200,test,15,800,,11880001994099910355,NOT_SIMULATED:no_orbit_propagation,NOT_SIMULATED:abstract_satellite_beam_identifiers,NOT_SIMULATED:shared_user_quality_prefix_only,SYNTHETIC:09_simulation/scenario_engine.py#external_stream,v14-statistical-reference;not-paper-simulator
N2000_K200_T016,2000,200,test,16,800,,11880001994099910355,NOT_SIMULATED:no_orbit_propagation,NOT_SIMULATED:abstract_satellite_beam_identifiers,NOT_SIMULATED:shared_user_quality_prefix_only,SYNTHETIC:09_simulation/scenario_engine.py#external_stream,v14-statistical-reference;not-paper-simulator
N2000_K200_T017,2000,200,test,17,800,,11880001994099910355,NOT_SIMULATED:no_orbit_propagation,NOT_SIMULATED:abstract_satellite_beam_identifiers,NOT_SIMULATED:shared_user_quality_prefix_only,SYNTHETIC:09_simulation/scenario_engine.py#external_stream,v14-statistical-reference;not-paper-simulator
N2000_K200_T018,2000,200,test,18,800,,11880001994099910355,NOT_SIMULATED:no_orbit_propagation,NOT_SIMULATED:abstract_satellite_beam_identifiers,NOT_SIMULATED:shared_user_quality_prefix_only,SYNTHETIC:09_simulation/scenario_engine.py#external_stream,v14-statistical-reference;not-paper-simulator
N2000_K200_T019,2000,200,test,19,800,,11880001994099910355,NOT_SIMULATED:no_orbit_propagation,NOT_SIMULATED:abstract_satellite_beam_identifiers,NOT_SIMULATED:shared_user_quality_prefix_only,SYNTHETIC:09_simulation/scenario_engine.py#external_stream,v14-statistical-reference;not-paper-simulator
N2000_K200_T020,2000,200,test,20,800,,11880001994099910355,NOT_SIMULATED:no_orbit_propagation,NOT_SIMULATED:abstract_satellite_beam_identifiers,NOT_SIMULATED:shared_user_quality_prefix_only,SYNTHETIC:09_simulation/scenario_engine.py#external_stream,v14-statistical-reference;not-paper-simulator
N2000_K200_T021,2000,200,test,21,800,,11880001994099910355,NOT_SIMULATED:no_orbit_propagation,NOT_SIMULATED:abstract_satellite_beam_identifiers,NOT_SIMULATED:shared_user_quality_prefix_only,SYNTHETIC:09_simulation/scenario_engine.py#external_stream,v14-statistical-reference;not-paper-simulator
N2000_K200_T022,2000,200,test,22,800,,11880001994099910355,NOT_SIMULATED:no_orbit_propagation,NOT_SIMULATED:abstract_satellite_beam_identifiers,NOT_SIMULATED:shared_user_quality_prefix_only,SYNTHETIC:09_simulation/scenario_engine.py#external_stream,v14-statistical-reference;not-paper-simulator
N2000_K200_T023,2000,200,test,23,800,,11880001994099910355,NOT_SIMULATED:no_orbit_propagation,NOT_SIMULATED:abstract_satellite_beam_identifiers,NOT_SIMULATED:shared_user_quality_prefix_only,SYNTHETIC:09_simulation/scenario_engine.py#external_stream,v14-statistical-reference;not-paper-simulator
N2000_K200_T024,2000,200,test,24,800,,11880001994099910355,NOT_SIMULATED:no_orbit_propagation,NOT_SIMULATED:abstract_satellite_beam_identifiers,NOT_SIMULATED:shared_user_quality_prefix_only,SYNTHETIC:09_simulation/scenario_engine.py#external_stream,v14-statistical-reference;not-paper-simulator
N2000_K200_T025,2000,200,test,25,800,,11880001994099910355,NOT_SIMULATED:no_orbit_propagation,NOT_SIMULATED:abstract_satellite_beam_identifiers,NOT_SIMULATED:shared_user_quality_prefix_only,SYNTHETIC:09_simulation/scenario_engine.py#external_stream,v14-statistical-reference;not-paper-simulator
N2000_K200_T026,2000,200,test,26,800,,11880001994099910355,NOT_SIMULATED:no_orbit_propagation,NOT_SIMULATED:abstract_satellite_beam_identifiers,NOT_SIMULATED:shared_user_quality_prefix_only,SYNTHETIC:09_simulation/scenario_engine.py#external_stream,v14-statistical-reference;not-paper-simulator
N2000_K200_T027,2000,200,test,27,800,,11880001994099910355,NOT_SIMULATED:no_orbit_propagation,NOT_SIMULATED:abstract_satellite_beam_identifiers,NOT_SIMULATED:shared_user_quality_prefix_only,SYNTHETIC:09_simulation/scenario_engine.py#external_stream,v14-statistical-reference;not-paper-simulator
N2000_K200_T028,2000,200,test,28,800,,11880001994099910355,NOT_SIMULATED:no_orbit_propagation,NOT_SIMULATED:abstract_satellite_beam_identifiers,NOT_SIMULATED:shared_user_quality_prefix_only,SYNTHETIC:09_simulation/scenario_engine.py#external_stream,v14-statistical-reference;not-paper-simulator
N2000_K200_T029,2000,200,test,29,800,,11880001994099910355,NOT_SIMULATED:no_orbit_propagation,NOT_SIMULATED:abstract_satellite_beam_identifiers,NOT_SIMULATED:shared_user_quality_prefix_only,SYNTHETIC:09_simulation/scenario_engine.py#external_stream,v14-statistical-reference;not-paper-simulator
N2000_K200_T030,2000,200,test,30,800,,11880001994099910355,NOT_SIMULATED:no_orbit_propagation,NOT_SIMULATED:abstract_satellite_beam_identifiers,NOT_SIMULATED:shared_user_quality_prefix_only,SYNTHETIC:09_simulation/scenario_engine.py#external_stream,v14-statistical-reference;not-paper-simulator
N2000_K300_V001,2000,300,validation,1,800,,9331148440263979358,NOT_SIMULATED:no_orbit_propagation,NOT_SIMULATED:abstract_satellite_beam_identifiers,NOT_SIMULATED:shared_user_quality_prefix_only,SYNTHETIC:09_simulation/scenario_engine.py#external_stream,v14-statistical-reference;not-paper-simulator
N2000_K300_V002,2000,300,validation,2,800,,9331148440263979358,NOT_SIMULATED:no_orbit_propagation,NOT_SIMULATED:abstract_satellite_beam_identifiers,NOT_SIMULATED:shared_user_quality_prefix_only,SYNTHETIC:09_simulation/scenario_engine.py#external_stream,v14-statistical-reference;not-paper-simulator
N2000_K300_V003,2000,300,validation,3,800,,9331148440263979358,NOT_SIMULATED:no_orbit_propagation,NOT_SIMULATED:abstract_satellite_beam_identifiers,NOT_SIMULATED:shared_user_quality_prefix_only,SYNTHETIC:09_simulation/scenario_engine.py#external_stream,v14-statistical-reference;not-paper-simulator
N2000_K300_V004,2000,300,validation,4,800,,9331148440263979358,NOT_SIMULATED:no_orbit_propagation,NOT_SIMULATED:abstract_satellite_beam_identifiers,NOT_SIMULATED:shared_user_quality_prefix_only,SYNTHETIC:09_simulation/scenario_engine.py#external_stream,v14-statistical-reference;not-paper-simulator
N2000_K300_V005,2000,300,validation,5,800,,9331148440263979358,NOT_SIMULATED:no_orbit_propagation,NOT_SIMULATED:abstract_satellite_beam_identifiers,NOT_SIMULATED:shared_user_quality_prefix_only,SYNTHETIC:09_simulation/scenario_engine.py#external_stream,v14-statistical-reference;not-paper-simulator
N2000_K300_V006,2000,300,validation,6,800,,9331148440263979358,NOT_SIMULATED:no_orbit_propagation,NOT_SIMULATED:abstract_satellite_beam_identifiers,NOT_SIMULATED:shared_user_quality_prefix_only,SYNTHETIC:09_simulation/scenario_engine.py#external_stream,v14-statistical-reference;not-paper-simulator
N2000_K300_V007,2000,300,validation,7,800,,9331148440263979358,NOT_SIMULATED:no_orbit_propagation,NOT_SIMULATED:abstract_satellite_beam_identifiers,NOT_SIMULATED:shared_user_quality_prefix_only,SYNTHETIC:09_simulation/scenario_engine.py#external_stream,v14-statistical-reference;not-paper-simulator
N2000_K300_V008,2000,300,validation,8,800,,9331148440263979358,NOT_SIMULATED:no_orbit_propagation,NOT_SIMULATED:abstract_satellite_beam_identifiers,NOT_SIMULATED:shared_user_quality_prefix_only,SYNTHETIC:09_simulation/scenario_engine.py#external_stream,v14-statistical-reference;not-paper-simulator
N2000_K300_V009,2000,300,validation,9,800,,9331148440263979358,NOT_SIMULATED:no_orbit_propagation,NOT_SIMULATED:abstract_satellite_beam_identifiers,NOT_SIMULATED:shared_user_quality_prefix_only,SYNTHETIC:09_simulation/scenario_engine.py#external_stream,v14-statistical-reference;not-paper-simulator
N2000_K300_V010,2000,300,validation,10,800,,9331148440263979358,NOT_SIMULATED:no_orbit_propagation,NOT_SIMULATED:abstract_satellite_beam_identifiers,NOT_SIMULATED:shared_user_quality_prefix_only,SYNTHETIC:09_simulation/scenario_engine.py#external_stream,v14-statistical-reference;not-paper-simulator
N2000_K300_T001,2000,300,test,1,800,,11880001994099910355,NOT_SIMULATED:no_orbit_propagation,NOT_SIMULATED:abstract_satellite_beam_identifiers,NOT_SIMULATED:shared_user_quality_prefix_only,SYNTHETIC:09_simulation/scenario_engine.py#external_stream,v14-statistical-reference;not-paper-simulator
N2000_K300_T002,2000,300,test,2,800,,11880001994099910355,NOT_SIMULATED:no_orbit_propagation,NOT_SIMULATED:abstract_satellite_beam_identifiers,NOT_SIMULATED:shared_user_quality_prefix_only,SYNTHETIC:09_simulation/scenario_engine.py#external_stream,v14-statistical-reference;not-paper-simulator
N2000_K300_T003,2000,300,test,3,800,,11880001994099910355,NOT_SIMULATED:no_orbit_propagation,NOT_SIMULATED:abstract_satellite_beam_identifiers,NOT_SIMULATED:shared_user_quality_prefix_only,SYNTHETIC:09_simulation/scenario_engine.py#external_stream,v14-statistical-reference;not-paper-simulator
N2000_K300_T004,2000,300,test,4,800,,11880001994099910355,NOT_SIMULATED:no_orbit_propagation,NOT_SIMULATED:abstract_satellite_beam_identifiers,NOT_SIMULATED:shared_user_quality_prefix_only,SYNTHETIC:09_simulation/scenario_engine.py#external_stream,v14-statistical-reference;not-paper-simulator
N2000_K300_T005,2000,300,test,5,800,,11880001994099910355,NOT_SIMULATED:no_orbit_propagation,NOT_SIMULATED:abstract_satellite_beam_identifiers,NOT_SIMULATED:shared_user_quality_prefix_only,SYNTHETIC:09_simulation/scenario_engine.py#external_stream,v14-statistical-reference;not-paper-simulator
N2000_K300_T006,2000,300,test,6,800,,11880001994099910355,NOT_SIMULATED:no_orbit_propagation,NOT_SIMULATED:abstract_satellite_beam_identifiers,NOT_SIMULATED:shared_user_quality_prefix_only,SYNTHETIC:09_simulation/scenario_engine.py#external_stream,v14-statistical-reference;not-paper-simulator
N2000_K300_T007,2000,300,test,7,800,,11880001994099910355,NOT_SIMULATED:no_orbit_propagation,NOT_SIMULATED:abstract_satellite_beam_identifiers,NOT_SIMULATED:shared_user_quality_prefix_only,SYNTHETIC:09_simulation/scenario_engine.py#external_stream,v14-statistical-reference;not-paper-simulator
N2000_K300_T008,2000,300,test,8,800,,11880001994099910355,NOT_SIMULATED:no_orbit_propagation,NOT_SIMULATED:abstract_satellite_beam_identifiers,NOT_SIMULATED:shared_user_quality_prefix_only,SYNTHETIC:09_simulation/scenario_engine.py#external_stream,v14-statistical-reference;not-paper-simulator
N2000_K300_T009,2000,300,test,9,800,,11880001994099910355,NOT_SIMULATED:no_orbit_propagation,NOT_SIMULATED:abstract_satellite_beam_identifiers,NOT_SIMULATED:shared_user_quality_prefix_only,SYNTHETIC:09_simulation/scenario_engine.py#external_stream,v14-statistical-reference;not-paper-simulator
N2000_K300_T010,2000,300,test,10,800,,11880001994099910355,NOT_SIMULATED:no_orbit_propagation,NOT_SIMULATED:abstract_satellite_beam_identifiers,NOT_SIMULATED:shared_user_quality_prefix_only,SYNTHETIC:09_simulation/scenario_engine.py#external_stream,v14-statistical-reference;not-paper-simulator
N2000_K300_T011,2000,300,test,11,800,,11880001994099910355,NOT_SIMULATED:no_orbit_propagation,NOT_SIMULATED:abstract_satellite_beam_identifiers,NOT_SIMULATED:shared_user_quality_prefix_only,SYNTHETIC:09_simulation/scenario_engine.py#external_stream,v14-statistical-reference;not-paper-simulator
N2000_K300_T012,2000,300,test,12,800,,11880001994099910355,NOT_SIMULATED:no_orbit_propagation,NOT_SIMULATED:abstract_satellite_beam_identifiers,NOT_SIMULATED:shared_user_quality_prefix_only,SYNTHETIC:09_simulation/scenario_engine.py#external_stream,v14-statistical-reference;not-paper-simulator
N2000_K300_T013,2000,300,test,13,800,,11880001994099910355,NOT_SIMULATED:no_orbit_propagation,NOT_SIMULATED:abstract_satellite_beam_identifiers,NOT_SIMULATED:shared_user_quality_prefix_only,SYNTHETIC:09_simulation/scenario_engine.py#external_stream,v14-statistical-reference;not-paper-simulator
N2000_K300_T014,2000,300,test,14,800,,11880001994099910355,NOT_SIMULATED:no_orbit_propagation,NOT_SIMULATED:abstract_satellite_beam_identifiers,NOT_SIMULATED:shared_user_quality_prefix_only,SYNTHETIC:09_simulation/scenario_engine.py#external_stream,v14-statistical-reference;not-paper-simulator
N2000_K300_T015,2000,300,test,15,800,,11880001994099910355,NOT_SIMULATED:no_orbit_propagation,NOT_SIMULATED:abstract_satellite_beam_identifiers,NOT_SIMULATED:shared_user_quality_prefix_only,SYNTHETIC:09_simulation/scenario_engine.py#external_stream,v14-statistical-reference;not-paper-simulator
N2000_K300_T016,2000,300,test,16,800,,11880001994099910355,NOT_SIMULATED:no_orbit_propagation,NOT_SIMULATED:abstract_satellite_beam_identifiers,NOT_SIMULATED:shared_user_quality_prefix_only,SYNTHETIC:09_simulation/scenario_engine.py#external_stream,v14-statistical-reference;not-paper-simulator
N2000_K300_T017,2000,300,test,17,800,,11880001994099910355,NOT_SIMULATED:no_orbit_propagation,NOT_SIMULATED:abstract_satellite_beam_identifiers,NOT_SIMULATED:shared_user_quality_prefix_only,SYNTHETIC:09_simulation/scenario_engine.py#external_stream,v14-statistical-reference;not-paper-simulator
N2000_K300_T018,2000,300,test,18,800,,11880001994099910355,NOT_SIMULATED:no_orbit_propagation,NOT_SIMULATED:abstract_satellite_beam_identifiers,NOT_SIMULATED:shared_user_quality_prefix_only,SYNTHETIC:09_simulation/scenario_engine.py#external_stream,v14-statistical-reference;not-paper-simulator
N2000_K300_T019,2000,300,test,19,800,,11880001994099910355,NOT_SIMULATED:no_orbit_propagation,NOT_SIMULATED:abstract_satellite_beam_identifiers,NOT_SIMULATED:shared_user_quality_prefix_only,SYNTHETIC:09_simulation/scenario_engine.py#external_stream,v14-statistical-reference;not-paper-simulator
N2000_K300_T020,2000,300,test,20,800,,11880001994099910355,NOT_SIMULATED:no_orbit_propagation,NOT_SIMULATED:abstract_satellite_beam_identifiers,NOT_SIMULATED:shared_user_quality_prefix_only,SYNTHETIC:09_simulation/scenario_engine.py#external_stream,v14-statistical-reference;not-paper-simulator
N2000_K300_T021,2000,300,test,21,800,,11880001994099910355,NOT_SIMULATED:no_orbit_propagation,NOT_SIMULATED:abstract_satellite_beam_identifiers,NOT_SIMULATED:shared_user_quality_prefix_only,SYNTHETIC:09_simulation/scenario_engine.py#external_stream,v14-statistical-reference;not-paper-simulator
N2000_K300_T022,2000,300,test,22,800,,11880001994099910355,NOT_SIMULATED:no_orbit_propagation,NOT_SIMULATED:abstract_satellite_beam_identifiers,NOT_SIMULATED:shared_user_quality_prefix_only,SYNTHETIC:09_simulation/scenario_engine.py#external_stream,v14-statistical-reference;not-paper-simulator
N2000_K300_T023,2000,300,test,23,800,,11880001994099910355,NOT_SIMULATED:no_orbit_propagation,NOT_SIMULATED:abstract_satellite_beam_identifiers,NOT_SIMULATED:shared_user_quality_prefix_only,SYNTHETIC:09_simulation/scenario_engine.py#external_stream,v14-statistical-reference;not-paper-simulator
N2000_K300_T024,2000,300,test,24,800,,11880001994099910355,NOT_SIMULATED:no_orbit_propagation,NOT_SIMULATED:abstract_satellite_beam_identifiers,NOT_SIMULATED:shared_user_quality_prefix_only,SYNTHETIC:09_simulation/scenario_engine.py#external_stream,v14-statistical-reference;not-paper-simulator
N2000_K300_T025,2000,300,test,25,800,,11880001994099910355,NOT_SIMULATED:no_orbit_propagation,NOT_SIMULATED:abstract_satellite_beam_identifiers,NOT_SIMULATED:shared_user_quality_prefix_only,SYNTHETIC:09_simulation/scenario_engine.py#external_stream,v14-statistical-reference;not-paper-simulator
N2000_K300_T026,2000,300,test,26,800,,11880001994099910355,NOT_SIMULATED:no_orbit_propagation,NOT_SIMULATED:abstract_satellite_beam_identifiers,NOT_SIMULATED:shared_user_quality_prefix_only,SYNTHETIC:09_simulation/scenario_engine.py#external_stream,v14-statistical-reference;not-paper-simulator
N2000_K300_T027,2000,300,test,27,800,,11880001994099910355,NOT_SIMULATED:no_orbit_propagation,NOT_SIMULATED:abstract_satellite_beam_identifiers,NOT_SIMULATED:shared_user_quality_prefix_only,SYNTHETIC:09_simulation/scenario_engine.py#external_stream,v14-statistical-reference;not-paper-simulator
N2000_K300_T028,2000,300,test,28,800,,11880001994099910355,NOT_SIMULATED:no_orbit_propagation,NOT_SIMULATED:abstract_satellite_beam_identifiers,NOT_SIMULATED:shared_user_quality_prefix_only,SYNTHETIC:09_simulation/scenario_engine.py#external_stream,v14-statistical-reference;not-paper-simulator
N2000_K300_T029,2000,300,test,29,800,,11880001994099910355,NOT_SIMULATED:no_orbit_propagation,NOT_SIMULATED:abstract_satellite_beam_identifiers,NOT_SIMULATED:shared_user_quality_prefix_only,SYNTHETIC:09_simulation/scenario_engine.py#external_stream,v14-statistical-reference;not-paper-simulator
N2000_K300_T030,2000,300,test,30,800,,11880001994099910355,NOT_SIMULATED:no_orbit_propagation,NOT_SIMULATED:abstract_satellite_beam_identifiers,NOT_SIMULATED:shared_user_quality_prefix_only,SYNTHETIC:09_simulation/scenario_engine.py#external_stream,v14-statistical-reference;not-paper-simulator
N2000_K400_V001,2000,400,validation,1,800,,9331148440263979358,NOT_SIMULATED:no_orbit_propagation,NOT_SIMULATED:abstract_satellite_beam_identifiers,NOT_SIMULATED:shared_user_quality_prefix_only,SYNTHETIC:09_simulation/scenario_engine.py#external_stream,v14-statistical-reference;not-paper-simulator
N2000_K400_V002,2000,400,validation,2,800,,9331148440263979358,NOT_SIMULATED:no_orbit_propagation,NOT_SIMULATED:abstract_satellite_beam_identifiers,NOT_SIMULATED:shared_user_quality_prefix_only,SYNTHETIC:09_simulation/scenario_engine.py#external_stream,v14-statistical-reference;not-paper-simulator
N2000_K400_V003,2000,400,validation,3,800,,9331148440263979358,NOT_SIMULATED:no_orbit_propagation,NOT_SIMULATED:abstract_satellite_beam_identifiers,NOT_SIMULATED:shared_user_quality_prefix_only,SYNTHETIC:09_simulation/scenario_engine.py#external_stream,v14-statistical-reference;not-paper-simulator
N2000_K400_V004,2000,400,validation,4,800,,9331148440263979358,NOT_SIMULATED:no_orbit_propagation,NOT_SIMULATED:abstract_satellite_beam_identifiers,NOT_SIMULATED:shared_user_quality_prefix_only,SYNTHETIC:09_simulation/scenario_engine.py#external_stream,v14-statistical-reference;not-paper-simulator
N2000_K400_V005,2000,400,validation,5,800,,9331148440263979358,NOT_SIMULATED:no_orbit_propagation,NOT_SIMULATED:abstract_satellite_beam_identifiers,NOT_SIMULATED:shared_user_quality_prefix_only,SYNTHETIC:09_simulation/scenario_engine.py#external_stream,v14-statistical-reference;not-paper-simulator
N2000_K400_V006,2000,400,validation,6,800,,9331148440263979358,NOT_SIMULATED:no_orbit_propagation,NOT_SIMULATED:abstract_satellite_beam_identifiers,NOT_SIMULATED:shared_user_quality_prefix_only,SYNTHETIC:09_simulation/scenario_engine.py#external_stream,v14-statistical-reference;not-paper-simulator
N2000_K400_V007,2000,400,validation,7,800,,9331148440263979358,NOT_SIMULATED:no_orbit_propagation,NOT_SIMULATED:abstract_satellite_beam_identifiers,NOT_SIMULATED:shared_user_quality_prefix_only,SYNTHETIC:09_simulation/scenario_engine.py#external_stream,v14-statistical-reference;not-paper-simulator
N2000_K400_V008,2000,400,validation,8,800,,9331148440263979358,NOT_SIMULATED:no_orbit_propagation,NOT_SIMULATED:abstract_satellite_beam_identifiers,NOT_SIMULATED:shared_user_quality_prefix_only,SYNTHETIC:09_simulation/scenario_engine.py#external_stream,v14-statistical-reference;not-paper-simulator
N2000_K400_V009,2000,400,validation,9,800,,9331148440263979358,NOT_SIMULATED:no_orbit_propagation,NOT_SIMULATED:abstract_satellite_beam_identifiers,NOT_SIMULATED:shared_user_quality_prefix_only,SYNTHETIC:09_simulation/scenario_engine.py#external_stream,v14-statistical-reference;not-paper-simulator
N2000_K400_V010,2000,400,validation,10,800,,9331148440263979358,NOT_SIMULATED:no_orbit_propagation,NOT_SIMULATED:abstract_satellite_beam_identifiers,NOT_SIMULATED:shared_user_quality_prefix_only,SYNTHETIC:09_simulation/scenario_engine.py#external_stream,v14-statistical-reference;not-paper-simulator
N2000_K400_T001,2000,400,test,1,800,,11880001994099910355,NOT_SIMULATED:no_orbit_propagation,NOT_SIMULATED:abstract_satellite_beam_identifiers,NOT_SIMULATED:shared_user_quality_prefix_only,SYNTHETIC:09_simulation/scenario_engine.py#external_stream,v14-statistical-reference;not-paper-simulator
N2000_K400_T002,2000,400,test,2,800,,11880001994099910355,NOT_SIMULATED:no_orbit_propagation,NOT_SIMULATED:abstract_satellite_beam_identifiers,NOT_SIMULATED:shared_user_quality_prefix_only,SYNTHETIC:09_simulation/scenario_engine.py#external_stream,v14-statistical-reference;not-paper-simulator
N2000_K400_T003,2000,400,test,3,800,,11880001994099910355,NOT_SIMULATED:no_orbit_propagation,NOT_SIMULATED:abstract_satellite_beam_identifiers,NOT_SIMULATED:shared_user_quality_prefix_only,SYNTHETIC:09_simulation/scenario_engine.py#external_stream,v14-statistical-reference;not-paper-simulator
N2000_K400_T004,2000,400,test,4,800,,11880001994099910355,NOT_SIMULATED:no_orbit_propagation,NOT_SIMULATED:abstract_satellite_beam_identifiers,NOT_SIMULATED:shared_user_quality_prefix_only,SYNTHETIC:09_simulation/scenario_engine.py#external_stream,v14-statistical-reference;not-paper-simulator
N2000_K400_T005,2000,400,test,5,800,,11880001994099910355,NOT_SIMULATED:no_orbit_propagation,NOT_SIMULATED:abstract_satellite_beam_identifiers,NOT_SIMULATED:shared_user_quality_prefix_only,SYNTHETIC:09_simulation/scenario_engine.py#external_stream,v14-statistical-reference;not-paper-simulator
N2000_K400_T006,2000,400,test,6,800,,11880001994099910355,NOT_SIMULATED:no_orbit_propagation,NOT_SIMULATED:abstract_satellite_beam_identifiers,NOT_SIMULATED:shared_user_quality_prefix_only,SYNTHETIC:09_simulation/scenario_engine.py#external_stream,v14-statistical-reference;not-paper-simulator
N2000_K400_T007,2000,400,test,7,800,,11880001994099910355,NOT_SIMULATED:no_orbit_propagation,NOT_SIMULATED:abstract_satellite_beam_identifiers,NOT_SIMULATED:shared_user_quality_prefix_only,SYNTHETIC:09_simulation/scenario_engine.py#external_stream,v14-statistical-reference;not-paper-simulator
N2000_K400_T008,2000,400,test,8,800,,11880001994099910355,NOT_SIMULATED:no_orbit_propagation,NOT_SIMULATED:abstract_satellite_beam_identifiers,NOT_SIMULATED:shared_user_quality_prefix_only,SYNTHETIC:09_simulation/scenario_engine.py#external_stream,v14-statistical-reference;not-paper-simulator
N2000_K400_T009,2000,400,test,9,800,,11880001994099910355,NOT_SIMULATED:no_orbit_propagation,NOT_SIMULATED:abstract_satellite_beam_identifiers,NOT_SIMULATED:shared_user_quality_prefix_only,SYNTHETIC:09_simulation/scenario_engine.py#external_stream,v14-statistical-reference;not-paper-simulator
N2000_K400_T010,2000,400,test,10,800,,11880001994099910355,NOT_SIMULATED:no_orbit_propagation,NOT_SIMULATED:abstract_satellite_beam_identifiers,NOT_SIMULATED:shared_user_quality_prefix_only,SYNTHETIC:09_simulation/scenario_engine.py#external_stream,v14-statistical-reference;not-paper-simulator
N2000_K400_T011,2000,400,test,11,800,,11880001994099910355,NOT_SIMULATED:no_orbit_propagation,NOT_SIMULATED:abstract_satellite_beam_identifiers,NOT_SIMULATED:shared_user_quality_prefix_only,SYNTHETIC:09_simulation/scenario_engine.py#external_stream,v14-statistical-reference;not-paper-simulator
N2000_K400_T012,2000,400,test,12,800,,11880001994099910355,NOT_SIMULATED:no_orbit_propagation,NOT_SIMULATED:abstract_satellite_beam_identifiers,NOT_SIMULATED:shared_user_quality_prefix_only,SYNTHETIC:09_simulation/scenario_engine.py#external_stream,v14-statistical-reference;not-paper-simulator
N2000_K400_T013,2000,400,test,13,800,,11880001994099910355,NOT_SIMULATED:no_orbit_propagation,NOT_SIMULATED:abstract_satellite_beam_identifiers,NOT_SIMULATED:shared_user_quality_prefix_only,SYNTHETIC:09_simulation/scenario_engine.py#external_stream,v14-statistical-reference;not-paper-simulator
N2000_K400_T014,2000,400,test,14,800,,11880001994099910355,NOT_SIMULATED:no_orbit_propagation,NOT_SIMULATED:abstract_satellite_beam_identifiers,NOT_SIMULATED:shared_user_quality_prefix_only,SYNTHETIC:09_simulation/scenario_engine.py#external_stream,v14-statistical-reference;not-paper-simulator
N2000_K400_T015,2000,400,test,15,800,,11880001994099910355,NOT_SIMULATED:no_orbit_propagation,NOT_SIMULATED:abstract_satellite_beam_identifiers,NOT_SIMULATED:shared_user_quality_prefix_only,SYNTHETIC:09_simulation/scenario_engine.py#external_stream,v14-statistical-reference;not-paper-simulator
N2000_K400_T016,2000,400,test,16,800,,11880001994099910355,NOT_SIMULATED:no_orbit_propagation,NOT_SIMULATED:abstract_satellite_beam_identifiers,NOT_SIMULATED:shared_user_quality_prefix_only,SYNTHETIC:09_simulation/scenario_engine.py#external_stream,v14-statistical-reference;not-paper-simulator
N2000_K400_T017,2000,400,test,17,800,,11880001994099910355,NOT_SIMULATED:no_orbit_propagation,NOT_SIMULATED:abstract_satellite_beam_identifiers,NOT_SIMULATED:shared_user_quality_prefix_only,SYNTHETIC:09_simulation/scenario_engine.py#external_stream,v14-statistical-reference;not-paper-simulator
N2000_K400_T018,2000,400,test,18,800,,11880001994099910355,NOT_SIMULATED:no_orbit_propagation,NOT_SIMULATED:abstract_satellite_beam_identifiers,NOT_SIMULATED:shared_user_quality_prefix_only,SYNTHETIC:09_simulation/scenario_engine.py#external_stream,v14-statistical-reference;not-paper-simulator
N2000_K400_T019,2000,400,test,19,800,,11880001994099910355,NOT_SIMULATED:no_orbit_propagation,NOT_SIMULATED:abstract_satellite_beam_identifiers,NOT_SIMULATED:shared_user_quality_prefix_only,SYNTHETIC:09_simulation/scenario_engine.py#external_stream,v14-statistical-reference;not-paper-simulator
N2000_K400_T020,2000,400,test,20,800,,11880001994099910355,NOT_SIMULATED:no_orbit_propagation,NOT_SIMULATED:abstract_satellite_beam_identifiers,NOT_SIMULATED:shared_user_quality_prefix_only,SYNTHETIC:09_simulation/scenario_engine.py#external_stream,v14-statistical-reference;not-paper-simulator
N2000_K400_T021,2000,400,test,21,800,,11880001994099910355,NOT_SIMULATED:no_orbit_propagation,NOT_SIMULATED:abstract_satellite_beam_identifiers,NOT_SIMULATED:shared_user_quality_prefix_only,SYNTHETIC:09_simulation/scenario_engine.py#external_stream,v14-statistical-reference;not-paper-simulator
N2000_K400_T022,2000,400,test,22,800,,11880001994099910355,NOT_SIMULATED:no_orbit_propagation,NOT_SIMULATED:abstract_satellite_beam_identifiers,NOT_SIMULATED:shared_user_quality_prefix_only,SYNTHETIC:09_simulation/scenario_engine.py#external_stream,v14-statistical-reference;not-paper-simulator
N2000_K400_T023,2000,400,test,23,800,,11880001994099910355,NOT_SIMULATED:no_orbit_propagation,NOT_SIMULATED:abstract_satellite_beam_identifiers,NOT_SIMULATED:shared_user_quality_prefix_only,SYNTHETIC:09_simulation/scenario_engine.py#external_stream,v14-statistical-reference;not-paper-simulator
N2000_K400_T024,2000,400,test,24,800,,11880001994099910355,NOT_SIMULATED:no_orbit_propagation,NOT_SIMULATED:abstract_satellite_beam_identifiers,NOT_SIMULATED:shared_user_quality_prefix_only,SYNTHETIC:09_simulation/scenario_engine.py#external_stream,v14-statistical-reference;not-paper-simulator
N2000_K400_T025,2000,400,test,25,800,,11880001994099910355,NOT_SIMULATED:no_orbit_propagation,NOT_SIMULATED:abstract_satellite_beam_identifiers,NOT_SIMULATED:shared_user_quality_prefix_only,SYNTHETIC:09_simulation/scenario_engine.py#external_stream,v14-statistical-reference;not-paper-simulator
N2000_K400_T026,2000,400,test,26,800,,11880001994099910355,NOT_SIMULATED:no_orbit_propagation,NOT_SIMULATED:abstract_satellite_beam_identifiers,NOT_SIMULATED:shared_user_quality_prefix_only,SYNTHETIC:09_simulation/scenario_engine.py#external_stream,v14-statistical-reference;not-paper-simulator
N2000_K400_T027,2000,400,test,27,800,,11880001994099910355,NOT_SIMULATED:no_orbit_propagation,NOT_SIMULATED:abstract_satellite_beam_identifiers,NOT_SIMULATED:shared_user_quality_prefix_only,SYNTHETIC:09_simulation/scenario_engine.py#external_stream,v14-statistical-reference;not-paper-simulator
N2000_K400_T028,2000,400,test,28,800,,11880001994099910355,NOT_SIMULATED:no_orbit_propagation,NOT_SIMULATED:abstract_satellite_beam_identifiers,NOT_SIMULATED:shared_user_quality_prefix_only,SYNTHETIC:09_simulation/scenario_engine.py#external_stream,v14-statistical-reference;not-paper-simulator
N2000_K400_T029,2000,400,test,29,800,,11880001994099910355,NOT_SIMULATED:no_orbit_propagation,NOT_SIMULATED:abstract_satellite_beam_identifiers,NOT_SIMULATED:shared_user_quality_prefix_only,SYNTHETIC:09_simulation/scenario_engine.py#external_stream,v14-statistical-reference;not-paper-simulator
N2000_K400_T030,2000,400,test,30,800,,11880001994099910355,NOT_SIMULATED:no_orbit_propagation,NOT_SIMULATED:abstract_satellite_beam_identifiers,NOT_SIMULATED:shared_user_quality_prefix_only,SYNTHETIC:09_simulation/scenario_engine.py#external_stream,v14-statistical-reference;not-paper-simulator
N2000_K500_V001,2000,500,validation,1,800,,9331148440263979358,NOT_SIMULATED:no_orbit_propagation,NOT_SIMULATED:abstract_satellite_beam_identifiers,NOT_SIMULATED:shared_user_quality_prefix_only,SYNTHETIC:09_simulation/scenario_engine.py#external_stream,v14-statistical-reference;not-paper-simulator
N2000_K500_V002,2000,500,validation,2,800,,9331148440263979358,NOT_SIMULATED:no_orbit_propagation,NOT_SIMULATED:abstract_satellite_beam_identifiers,NOT_SIMULATED:shared_user_quality_prefix_only,SYNTHETIC:09_simulation/scenario_engine.py#external_stream,v14-statistical-reference;not-paper-simulator
N2000_K500_V003,2000,500,validation,3,800,,9331148440263979358,NOT_SIMULATED:no_orbit_propagation,NOT_SIMULATED:abstract_satellite_beam_identifiers,NOT_SIMULATED:shared_user_quality_prefix_only,SYNTHETIC:09_simulation/scenario_engine.py#external_stream,v14-statistical-reference;not-paper-simulator
N2000_K500_V004,2000,500,validation,4,800,,9331148440263979358,NOT_SIMULATED:no_orbit_propagation,NOT_SIMULATED:abstract_satellite_beam_identifiers,NOT_SIMULATED:shared_user_quality_prefix_only,SYNTHETIC:09_simulation/scenario_engine.py#external_stream,v14-statistical-reference;not-paper-simulator
N2000_K500_V005,2000,500,validation,5,800,,9331148440263979358,NOT_SIMULATED:no_orbit_propagation,NOT_SIMULATED:abstract_satellite_beam_identifiers,NOT_SIMULATED:shared_user_quality_prefix_only,SYNTHETIC:09_simulation/scenario_engine.py#external_stream,v14-statistical-reference;not-paper-simulator
N2000_K500_V006,2000,500,validation,6,800,,9331148440263979358,NOT_SIMULATED:no_orbit_propagation,NOT_SIMULATED:abstract_satellite_beam_identifiers,NOT_SIMULATED:shared_user_quality_prefix_only,SYNTHETIC:09_simulation/scenario_engine.py#external_stream,v14-statistical-reference;not-paper-simulator
N2000_K500_V007,2000,500,validation,7,800,,9331148440263979358,NOT_SIMULATED:no_orbit_propagation,NOT_SIMULATED:abstract_satellite_beam_identifiers,NOT_SIMULATED:shared_user_quality_prefix_only,SYNTHETIC:09_simulation/scenario_engine.py#external_stream,v14-statistical-reference;not-paper-simulator
N2000_K500_V008,2000,500,validation,8,800,,9331148440263979358,NOT_SIMULATED:no_orbit_propagation,NOT_SIMULATED:abstract_satellite_beam_identifiers,NOT_SIMULATED:shared_user_quality_prefix_only,SYNTHETIC:09_simulation/scenario_engine.py#external_stream,v14-statistical-reference;not-paper-simulator
N2000_K500_V009,2000,500,validation,9,800,,9331148440263979358,NOT_SIMULATED:no_orbit_propagation,NOT_SIMULATED:abstract_satellite_beam_identifiers,NOT_SIMULATED:shared_user_quality_prefix_only,SYNTHETIC:09_simulation/scenario_engine.py#external_stream,v14-statistical-reference;not-paper-simulator
N2000_K500_V010,2000,500,validation,10,800,,9331148440263979358,NOT_SIMULATED:no_orbit_propagation,NOT_SIMULATED:abstract_satellite_beam_identifiers,NOT_SIMULATED:shared_user_quality_prefix_only,SYNTHETIC:09_simulation/scenario_engine.py#external_stream,v14-statistical-reference;not-paper-simulator
N2000_K500_T001,2000,500,test,1,800,,11880001994099910355,NOT_SIMULATED:no_orbit_propagation,NOT_SIMULATED:abstract_satellite_beam_identifiers,NOT_SIMULATED:shared_user_quality_prefix_only,SYNTHETIC:09_simulation/scenario_engine.py#external_stream,v14-statistical-reference;not-paper-simulator
N2000_K500_T002,2000,500,test,2,800,,11880001994099910355,NOT_SIMULATED:no_orbit_propagation,NOT_SIMULATED:abstract_satellite_beam_identifiers,NOT_SIMULATED:shared_user_quality_prefix_only,SYNTHETIC:09_simulation/scenario_engine.py#external_stream,v14-statistical-reference;not-paper-simulator
N2000_K500_T003,2000,500,test,3,800,,11880001994099910355,NOT_SIMULATED:no_orbit_propagation,NOT_SIMULATED:abstract_satellite_beam_identifiers,NOT_SIMULATED:shared_user_quality_prefix_only,SYNTHETIC:09_simulation/scenario_engine.py#external_stream,v14-statistical-reference;not-paper-simulator
N2000_K500_T004,2000,500,test,4,800,,11880001994099910355,NOT_SIMULATED:no_orbit_propagation,NOT_SIMULATED:abstract_satellite_beam_identifiers,NOT_SIMULATED:shared_user_quality_prefix_only,SYNTHETIC:09_simulation/scenario_engine.py#external_stream,v14-statistical-reference;not-paper-simulator
N2000_K500_T005,2000,500,test,5,800,,11880001994099910355,NOT_SIMULATED:no_orbit_propagation,NOT_SIMULATED:abstract_satellite_beam_identifiers,NOT_SIMULATED:shared_user_quality_prefix_only,SYNTHETIC:09_simulation/scenario_engine.py#external_stream,v14-statistical-reference;not-paper-simulator
N2000_K500_T006,2000,500,test,6,800,,11880001994099910355,NOT_SIMULATED:no_orbit_propagation,NOT_SIMULATED:abstract_satellite_beam_identifiers,NOT_SIMULATED:shared_user_quality_prefix_only,SYNTHETIC:09_simulation/scenario_engine.py#external_stream,v14-statistical-reference;not-paper-simulator
N2000_K500_T007,2000,500,test,7,800,,11880001994099910355,NOT_SIMULATED:no_orbit_propagation,NOT_SIMULATED:abstract_satellite_beam_identifiers,NOT_SIMULATED:shared_user_quality_prefix_only,SYNTHETIC:09_simulation/scenario_engine.py#external_stream,v14-statistical-reference;not-paper-simulator
N2000_K500_T008,2000,500,test,8,800,,11880001994099910355,NOT_SIMULATED:no_orbit_propagation,NOT_SIMULATED:abstract_satellite_beam_identifiers,NOT_SIMULATED:shared_user_quality_prefix_only,SYNTHETIC:09_simulation/scenario_engine.py#external_stream,v14-statistical-reference;not-paper-simulator
N2000_K500_T009,2000,500,test,9,800,,11880001994099910355,NOT_SIMULATED:no_orbit_propagation,NOT_SIMULATED:abstract_satellite_beam_identifiers,NOT_SIMULATED:shared_user_quality_prefix_only,SYNTHETIC:09_simulation/scenario_engine.py#external_stream,v14-statistical-reference;not-paper-simulator
N2000_K500_T010,2000,500,test,10,800,,11880001994099910355,NOT_SIMULATED:no_orbit_propagation,NOT_SIMULATED:abstract_satellite_beam_identifiers,NOT_SIMULATED:shared_user_quality_prefix_only,SYNTHETIC:09_simulation/scenario_engine.py#external_stream,v14-statistical-reference;not-paper-simulator
N2000_K500_T011,2000,500,test,11,800,,11880001994099910355,NOT_SIMULATED:no_orbit_propagation,NOT_SIMULATED:abstract_satellite_beam_identifiers,NOT_SIMULATED:shared_user_quality_prefix_only,SYNTHETIC:09_simulation/scenario_engine.py#external_stream,v14-statistical-reference;not-paper-simulator
N2000_K500_T012,2000,500,test,12,800,,11880001994099910355,NOT_SIMULATED:no_orbit_propagation,NOT_SIMULATED:abstract_satellite_beam_identifiers,NOT_SIMULATED:shared_user_quality_prefix_only,SYNTHETIC:09_simulation/scenario_engine.py#external_stream,v14-statistical-reference;not-paper-simulator
N2000_K500_T013,2000,500,test,13,800,,11880001994099910355,NOT_SIMULATED:no_orbit_propagation,NOT_SIMULATED:abstract_satellite_beam_identifiers,NOT_SIMULATED:shared_user_quality_prefix_only,SYNTHETIC:09_simulation/scenario_engine.py#external_stream,v14-statistical-reference;not-paper-simulator
N2000_K500_T014,2000,500,test,14,800,,11880001994099910355,NOT_SIMULATED:no_orbit_propagation,NOT_SIMULATED:abstract_satellite_beam_identifiers,NOT_SIMULATED:shared_user_quality_prefix_only,SYNTHETIC:09_simulation/scenario_engine.py#external_stream,v14-statistical-reference;not-paper-simulator
N2000_K500_T015,2000,500,test,15,800,,11880001994099910355,NOT_SIMULATED:no_orbit_propagation,NOT_SIMULATED:abstract_satellite_beam_identifiers,NOT_SIMULATED:shared_user_quality_prefix_only,SYNTHETIC:09_simulation/scenario_engine.py#external_stream,v14-statistical-reference;not-paper-simulator
N2000_K500_T016,2000,500,test,16,800,,11880001994099910355,NOT_SIMULATED:no_orbit_propagation,NOT_SIMULATED:abstract_satellite_beam_identifiers,NOT_SIMULATED:shared_user_quality_prefix_only,SYNTHETIC:09_simulation/scenario_engine.py#external_stream,v14-statistical-reference;not-paper-simulator
N2000_K500_T017,2000,500,test,17,800,,11880001994099910355,NOT_SIMULATED:no_orbit_propagation,NOT_SIMULATED:abstract_satellite_beam_identifiers,NOT_SIMULATED:shared_user_quality_prefix_only,SYNTHETIC:09_simulation/scenario_engine.py#external_stream,v14-statistical-reference;not-paper-simulator
N2000_K500_T018,2000,500,test,18,800,,11880001994099910355,NOT_SIMULATED:no_orbit_propagation,NOT_SIMULATED:abstract_satellite_beam_identifiers,NOT_SIMULATED:shared_user_quality_prefix_only,SYNTHETIC:09_simulation/scenario_engine.py#external_stream,v14-statistical-reference;not-paper-simulator
N2000_K500_T019,2000,500,test,19,800,,11880001994099910355,NOT_SIMULATED:no_orbit_propagation,NOT_SIMULATED:abstract_satellite_beam_identifiers,NOT_SIMULATED:shared_user_quality_prefix_only,SYNTHETIC:09_simulation/scenario_engine.py#external_stream,v14-statistical-reference;not-paper-simulator
N2000_K500_T020,2000,500,test,20,800,,11880001994099910355,NOT_SIMULATED:no_orbit_propagation,NOT_SIMULATED:abstract_satellite_beam_identifiers,NOT_SIMULATED:shared_user_quality_prefix_only,SYNTHETIC:09_simulation/scenario_engine.py#external_stream,v14-statistical-reference;not-paper-simulator
N2000_K500_T021,2000,500,test,21,800,,11880001994099910355,NOT_SIMULATED:no_orbit_propagation,NOT_SIMULATED:abstract_satellite_beam_identifiers,NOT_SIMULATED:shared_user_quality_prefix_only,SYNTHETIC:09_simulation/scenario_engine.py#external_stream,v14-statistical-reference;not-paper-simulator
N2000_K500_T022,2000,500,test,22,800,,11880001994099910355,NOT_SIMULATED:no_orbit_propagation,NOT_SIMULATED:abstract_satellite_beam_identifiers,NOT_SIMULATED:shared_user_quality_prefix_only,SYNTHETIC:09_simulation/scenario_engine.py#external_stream,v14-statistical-reference;not-paper-simulator
N2000_K500_T023,2000,500,test,23,800,,11880001994099910355,NOT_SIMULATED:no_orbit_propagation,NOT_SIMULATED:abstract_satellite_beam_identifiers,NOT_SIMULATED:shared_user_quality_prefix_only,SYNTHETIC:09_simulation/scenario_engine.py#external_stream,v14-statistical-reference;not-paper-simulator
N2000_K500_T024,2000,500,test,24,800,,11880001994099910355,NOT_SIMULATED:no_orbit_propagation,NOT_SIMULATED:abstract_satellite_beam_identifiers,NOT_SIMULATED:shared_user_quality_prefix_only,SYNTHETIC:09_simulation/scenario_engine.py#external_stream,v14-statistical-reference;not-paper-simulator
N2000_K500_T025,2000,500,test,25,800,,11880001994099910355,NOT_SIMULATED:no_orbit_propagation,NOT_SIMULATED:abstract_satellite_beam_identifiers,NOT_SIMULATED:shared_user_quality_prefix_only,SYNTHETIC:09_simulation/scenario_engine.py#external_stream,v14-statistical-reference;not-paper-simulator
N2000_K500_T026,2000,500,test,26,800,,11880001994099910355,NOT_SIMULATED:no_orbit_propagation,NOT_SIMULATED:abstract_satellite_beam_identifiers,NOT_SIMULATED:shared_user_quality_prefix_only,SYNTHETIC:09_simulation/scenario_engine.py#external_stream,v14-statistical-reference;not-paper-simulator
N2000_K500_T027,2000,500,test,27,800,,11880001994099910355,NOT_SIMULATED:no_orbit_propagation,NOT_SIMULATED:abstract_satellite_beam_identifiers,NOT_SIMULATED:shared_user_quality_prefix_only,SYNTHETIC:09_simulation/scenario_engine.py#external_stream,v14-statistical-reference;not-paper-simulator
N2000_K500_T028,2000,500,test,28,800,,11880001994099910355,NOT_SIMULATED:no_orbit_propagation,NOT_SIMULATED:abstract_satellite_beam_identifiers,NOT_SIMULATED:shared_user_quality_prefix_only,SYNTHETIC:09_simulation/scenario_engine.py#external_stream,v14-statistical-reference;not-paper-simulator
N2000_K500_T029,2000,500,test,29,800,,11880001994099910355,NOT_SIMULATED:no_orbit_propagation,NOT_SIMULATED:abstract_satellite_beam_identifiers,NOT_SIMULATED:shared_user_quality_prefix_only,SYNTHETIC:09_simulation/scenario_engine.py#external_stream,v14-statistical-reference;not-paper-simulator
N2000_K500_T030,2000,500,test,30,800,,11880001994099910355,NOT_SIMULATED:no_orbit_propagation,NOT_SIMULATED:abstract_satellite_beam_identifiers,NOT_SIMULATED:shared_user_quality_prefix_only,SYNTHETIC:09_simulation/scenario_engine.py#external_stream,v14-statistical-reference;not-paper-simulator
