figure,panel,series,metric,kappa,mean,sample_sd,n_environment_seeds,valid_seed_ids,test_traces_per_seed,monitored_users_per_trace,n_window_durations,window_durations_s,valid_windows_per_seed,valid_windows_per_duration_per_seed,total_test_trace_clusters,total_valid_windows,summary_unit,aggregation,sample_sd_ddof,dependence_note
Fig. 4,a,Cox P0,predicted_zero_entry_probability,0.3,0.5452220585196905,0.0039100307148,5,1;2;3;4;5,60,10,6,10;30;60;120;240;480,3600,600,300,18000,environment_seed_six_duration_macro_mean,"within each seed, equal-weight mean over the six duration-specific means; then mean and sample SD over five seed macro-means",1,windows from the same trace and nested durations are not independent statistical replicates
Fig. 4,a,Empirical void rate,empirical_void_rate,0.3,0.4158333333333333,0.0084139617949227,5,1;2;3;4;5,60,10,6,10;30;60;120;240;480,3600,600,300,18000,environment_seed_six_duration_macro_mean,"within each seed, equal-weight mean over the six duration-specific means; then mean and sample SD over five seed macro-means",1,windows from the same trace and nested durations are not independent statistical replicates
Fig. 4,b,Brier score,brier_score,0.3,0.1784816985851037,0.0065746478298072,5,1;2;3;4;5,60,10,6,10;30;60;120;240;480,3600,600,300,18000,environment_seed_six_duration_macro_mean,"within each seed, equal-weight mean over the six duration-specific means; then mean and sample SD over five seed macro-means",1,windows from the same trace and nested durations are not independent statistical replicates
Fig. 4,a,Cox P0,predicted_zero_entry_probability,0.45,0.4673360143424963,0.0039536150788732,5,1;2;3;4;5,60,10,6,10;30;60;120;240;480,3600,600,300,18000,environment_seed_six_duration_macro_mean,"within each seed, equal-weight mean over the six duration-specific means; then mean and sample SD over five seed macro-means",1,windows from the same trace and nested durations are not independent statistical replicates
Fig. 4,a,Empirical void rate,empirical_void_rate,0.45,0.4158333333333333,0.0084139617949227,5,1;2;3;4;5,60,10,6,10;30;60;120;240;480,3600,600,300,18000,environment_seed_six_duration_macro_mean,"within each seed, equal-weight mean over the six duration-specific means; then mean and sample SD over five seed macro-means",1,windows from the same trace and nested durations are not independent statistical replicates
Fig. 4,b,Brier score,brier_score,0.45,0.1617830936973719,0.0055502824012103,5,1;2;3;4;5,60,10,6,10;30;60;120;240;480,3600,600,300,18000,environment_seed_six_duration_macro_mean,"within each seed, equal-weight mean over the six duration-specific means; then mean and sample SD over five seed macro-means",1,windows from the same trace and nested durations are not independent statistical replicates
Fig. 4,a,Cox P0,predicted_zero_entry_probability,0.6,0.4136494404646006,0.0039054392980935,5,1;2;3;4;5,60,10,6,10;30;60;120;240;480,3600,600,300,18000,environment_seed_six_duration_macro_mean,"within each seed, equal-weight mean over the six duration-specific means; then mean and sample SD over five seed macro-means",1,windows from the same trace and nested durations are not independent statistical replicates
Fig. 4,a,Empirical void rate,empirical_void_rate,0.6,0.4158333333333333,0.0084139617949227,5,1;2;3;4;5,60,10,6,10;30;60;120;240;480,3600,600,300,18000,environment_seed_six_duration_macro_mean,"within each seed, equal-weight mean over the six duration-specific means; then mean and sample SD over five seed macro-means",1,windows from the same trace and nested durations are not independent statistical replicates
Fig. 4,b,Brier score,brier_score,0.6,0.1586185964575956,0.0048272943960023,5,1;2;3;4;5,60,10,6,10;30;60;120;240;480,3600,600,300,18000,environment_seed_six_duration_macro_mean,"within each seed, equal-weight mean over the six duration-specific means; then mean and sample SD over five seed macro-means",1,windows from the same trace and nested durations are not independent statistical replicates
Fig. 4,a,Cox P0,predicted_zero_entry_probability,0.75,0.3735669659522743,0.0038294060582637,5,1;2;3;4;5,60,10,6,10;30;60;120;240;480,3600,600,300,18000,environment_seed_six_duration_macro_mean,"within each seed, equal-weight mean over the six duration-specific means; then mean and sample SD over five seed macro-means",1,windows from the same trace and nested durations are not independent statistical replicates
Fig. 4,a,Empirical void rate,empirical_void_rate,0.75,0.4158333333333333,0.0084139617949227,5,1;2;3;4;5,60,10,6,10;30;60;120;240;480,3600,600,300,18000,environment_seed_six_duration_macro_mean,"within each seed, equal-weight mean over the six duration-specific means; then mean and sample SD over five seed macro-means",1,windows from the same trace and nested durations are not independent statistical replicates
Fig. 4,b,Brier score,brier_score,0.75,0.1609820656252878,0.0043387803552732,5,1;2;3;4;5,60,10,6,10;30;60;120;240;480,3600,600,300,18000,environment_seed_six_duration_macro_mean,"within each seed, equal-weight mean over the six duration-specific means; then mean and sample SD over five seed macro-means",1,windows from the same trace and nested durations are not independent statistical replicates
Fig. 4,a,Cox P0,predicted_zero_entry_probability,0.9,0.3421066640893868,0.0037459633558859,5,1;2;3;4;5,60,10,6,10;30;60;120;240;480,3600,600,300,18000,environment_seed_six_duration_macro_mean,"within each seed, equal-weight mean over the six duration-specific means; then mean and sample SD over five seed macro-means",1,windows from the same trace and nested durations are not independent statistical replicates
Fig. 4,a,Empirical void rate,empirical_void_rate,0.9,0.4158333333333333,0.0084139617949227,5,1;2;3;4;5,60,10,6,10;30;60;120;240;480,3600,600,300,18000,environment_seed_six_duration_macro_mean,"within each seed, equal-weight mean over the six duration-specific means; then mean and sample SD over five seed macro-means",1,windows from the same trace and nested durations are not independent statistical replicates
Fig. 4,b,Brier score,brier_score,0.9,0.1658270115958284,0.0040377578035964,5,1;2;3;4;5,60,10,6,10;30;60;120;240;480,3600,600,300,18000,environment_seed_six_duration_macro_mean,"within each seed, equal-weight mean over the six duration-specific means; then mean and sample SD over five seed macro-means",1,windows from the same trace and nested durations are not independent statistical replicates
