case_id,method_id,paper_name,N_sat,K,H,weight_id,tau_hyst,evaluation_job_id,aggregation_unit,n_training_seeds,episodes_per_seed_or_rule,raw_files,weight_outage,weight_ho,weight_load,weight_rate
full_N500_K100_H50_nominal_t0p05,full,Cox-PhysiCK,500,100,50,nominal,0.05,full_N500_K100_nominal_t0p05,training_seed_mean,5,30,raw/v14_001.npz;raw/v14_002.npz;raw/v14_003.npz;raw/v14_004.npz;raw/v14_005.npz,5.0,0.5,0.5,1.0
full_N500_K100_H200_nominal_t0p05,full,Cox-PhysiCK,500,100,200,nominal,0.05,full_N500_K100_nominal_t0p05,training_seed_mean,5,30,raw/v14_001.npz;raw/v14_002.npz;raw/v14_003.npz;raw/v14_004.npz;raw/v14_005.npz,5.0,0.5,0.5,1.0
full_N500_K100_H800_nominal_t0p05,full,Cox-PhysiCK,500,100,800,nominal,0.05,full_N500_K100_nominal_t0p05,training_seed_mean,5,30,raw/v14_001.npz;raw/v14_002.npz;raw/v14_003.npz;raw/v14_004.npz;raw/v14_005.npz,5.0,0.5,0.5,1.0
full_N1000_K100_H50_nominal_t0p05,full,Cox-PhysiCK,1000,100,50,nominal,0.05,full_N1000_K100_nominal_t0p05,training_seed_mean,5,30,raw/v14_006.npz;raw/v14_007.npz;raw/v14_008.npz;raw/v14_009.npz;raw/v14_010.npz,5.0,0.5,0.5,1.0
full_N1000_K100_H200_nominal_t0p05,full,Cox-PhysiCK,1000,100,200,nominal,0.05,full_N1000_K100_nominal_t0p05,training_seed_mean,5,30,raw/v14_006.npz;raw/v14_007.npz;raw/v14_008.npz;raw/v14_009.npz;raw/v14_010.npz,5.0,0.5,0.5,1.0
full_N1000_K100_H800_nominal_t0p05,full,Cox-PhysiCK,1000,100,800,nominal,0.05,full_N1000_K100_nominal_t0p05,training_seed_mean,5,30,raw/v14_006.npz;raw/v14_007.npz;raw/v14_008.npz;raw/v14_009.npz;raw/v14_010.npz,5.0,0.5,0.5,1.0
full_N2000_K100_H50_nominal_t0p05,full,Cox-PhysiCK,2000,100,50,nominal,0.05,full_N2000_K100_nominal_t0p05,training_seed_mean,5,30,raw/v14_011.npz;raw/v14_012.npz;raw/v14_013.npz;raw/v14_014.npz;raw/v14_015.npz,5.0,0.5,0.5,1.0
full_N2000_K100_H200_nominal_t0p05,full,Cox-PhysiCK,2000,100,200,nominal,0.05,full_N2000_K100_nominal_t0p05,training_seed_mean,5,30,raw/v14_011.npz;raw/v14_012.npz;raw/v14_013.npz;raw/v14_014.npz;raw/v14_015.npz,5.0,0.5,0.5,1.0
full_N2000_K100_H800_nominal_t0p05,full,Cox-PhysiCK,2000,100,800,nominal,0.05,full_N2000_K100_nominal_t0p05,training_seed_mean,5,30,raw/v14_011.npz;raw/v14_012.npz;raw/v14_013.npz;raw/v14_014.npz;raw/v14_015.npz,5.0,0.5,0.5,1.0
full_N2000_K200_H200_nominal_t0p05,full,Cox-PhysiCK,2000,200,200,nominal,0.05,full_N2000_K200_nominal_t0p05,training_seed_mean,5,30,raw/v14_016.npz;raw/v14_017.npz;raw/v14_018.npz;raw/v14_019.npz;raw/v14_020.npz,5.0,0.5,0.5,1.0
full_N2000_K300_H200_nominal_t0p05,full,Cox-PhysiCK,2000,300,200,nominal,0.05,full_N2000_K300_nominal_t0p05,training_seed_mean,5,30,raw/v14_021.npz;raw/v14_022.npz;raw/v14_023.npz;raw/v14_024.npz;raw/v14_025.npz,5.0,0.5,0.5,1.0
full_N2000_K400_H200_nominal_t0p05,full,Cox-PhysiCK,2000,400,200,nominal,0.05,full_N2000_K400_nominal_t0p05,training_seed_mean,5,30,raw/v14_026.npz;raw/v14_027.npz;raw/v14_028.npz;raw/v14_029.npz;raw/v14_030.npz,5.0,0.5,0.5,1.0
full_N2000_K500_H200_nominal_t0p05,full,Cox-PhysiCK,2000,500,200,nominal,0.05,full_N2000_K500_nominal_t0p05,training_seed_mean,5,30,raw/v14_031.npz;raw/v14_032.npz;raw/v14_033.npz;raw/v14_034.npz;raw/v14_035.npz,5.0,0.5,0.5,1.0
mlp213_N500_K100_H50_nominal_t0p05,mlp213,TGN-MLP,500,100,50,nominal,0.05,mlp213_N500_K100_nominal_t0p05,training_seed_mean,5,30,raw/v14_036.npz;raw/v14_037.npz;raw/v14_038.npz;raw/v14_039.npz;raw/v14_040.npz,5.0,0.5,0.5,1.0
mlp213_N500_K100_H200_nominal_t0p05,mlp213,TGN-MLP,500,100,200,nominal,0.05,mlp213_N500_K100_nominal_t0p05,training_seed_mean,5,30,raw/v14_036.npz;raw/v14_037.npz;raw/v14_038.npz;raw/v14_039.npz;raw/v14_040.npz,5.0,0.5,0.5,1.0
mlp213_N500_K100_H800_nominal_t0p05,mlp213,TGN-MLP,500,100,800,nominal,0.05,mlp213_N500_K100_nominal_t0p05,training_seed_mean,5,30,raw/v14_036.npz;raw/v14_037.npz;raw/v14_038.npz;raw/v14_039.npz;raw/v14_040.npz,5.0,0.5,0.5,1.0
mlp213_N1000_K100_H50_nominal_t0p05,mlp213,TGN-MLP,1000,100,50,nominal,0.05,mlp213_N1000_K100_nominal_t0p05,training_seed_mean,5,30,raw/v14_041.npz;raw/v14_042.npz;raw/v14_043.npz;raw/v14_044.npz;raw/v14_045.npz,5.0,0.5,0.5,1.0
mlp213_N1000_K100_H200_nominal_t0p05,mlp213,TGN-MLP,1000,100,200,nominal,0.05,mlp213_N1000_K100_nominal_t0p05,training_seed_mean,5,30,raw/v14_041.npz;raw/v14_042.npz;raw/v14_043.npz;raw/v14_044.npz;raw/v14_045.npz,5.0,0.5,0.5,1.0
mlp213_N1000_K100_H800_nominal_t0p05,mlp213,TGN-MLP,1000,100,800,nominal,0.05,mlp213_N1000_K100_nominal_t0p05,training_seed_mean,5,30,raw/v14_041.npz;raw/v14_042.npz;raw/v14_043.npz;raw/v14_044.npz;raw/v14_045.npz,5.0,0.5,0.5,1.0
mlp213_N2000_K100_H50_nominal_t0p05,mlp213,TGN-MLP,2000,100,50,nominal,0.05,mlp213_N2000_K100_nominal_t0p05,training_seed_mean,5,30,raw/v14_046.npz;raw/v14_047.npz;raw/v14_048.npz;raw/v14_049.npz;raw/v14_050.npz,5.0,0.5,0.5,1.0
mlp213_N2000_K100_H200_nominal_t0p05,mlp213,TGN-MLP,2000,100,200,nominal,0.05,mlp213_N2000_K100_nominal_t0p05,training_seed_mean,5,30,raw/v14_046.npz;raw/v14_047.npz;raw/v14_048.npz;raw/v14_049.npz;raw/v14_050.npz,5.0,0.5,0.5,1.0
mlp213_N2000_K100_H800_nominal_t0p05,mlp213,TGN-MLP,2000,100,800,nominal,0.05,mlp213_N2000_K100_nominal_t0p05,training_seed_mean,5,30,raw/v14_046.npz;raw/v14_047.npz;raw/v14_048.npz;raw/v14_049.npz;raw/v14_050.npz,5.0,0.5,0.5,1.0
mlp213_N2000_K200_H200_nominal_t0p05,mlp213,TGN-MLP,2000,200,200,nominal,0.05,mlp213_N2000_K200_nominal_t0p05,training_seed_mean,5,30,raw/v14_051.npz;raw/v14_052.npz;raw/v14_053.npz;raw/v14_054.npz;raw/v14_055.npz,5.0,0.5,0.5,1.0
mlp213_N2000_K300_H200_nominal_t0p05,mlp213,TGN-MLP,2000,300,200,nominal,0.05,mlp213_N2000_K300_nominal_t0p05,training_seed_mean,5,30,raw/v14_056.npz;raw/v14_057.npz;raw/v14_058.npz;raw/v14_059.npz;raw/v14_060.npz,5.0,0.5,0.5,1.0
mlp213_N2000_K400_H200_nominal_t0p05,mlp213,TGN-MLP,2000,400,200,nominal,0.05,mlp213_N2000_K400_nominal_t0p05,training_seed_mean,5,30,raw/v14_061.npz;raw/v14_062.npz;raw/v14_063.npz;raw/v14_064.npz;raw/v14_065.npz,5.0,0.5,0.5,1.0
mlp213_N2000_K500_H200_nominal_t0p05,mlp213,TGN-MLP,2000,500,200,nominal,0.05,mlp213_N2000_K500_nominal_t0p05,training_seed_mean,5,30,raw/v14_066.npz;raw/v14_067.npz;raw/v14_068.npz;raw/v14_069.npz;raw/v14_070.npz,5.0,0.5,0.5,1.0
kan_generic_N500_K100_H50_nominal_t0p05,kan_generic,TGN-KAN,500,100,50,nominal,0.05,kan_generic_N500_K100_nominal_t0p05,training_seed_mean,5,30,raw/v14_071.npz;raw/v14_072.npz;raw/v14_073.npz;raw/v14_074.npz;raw/v14_075.npz,5.0,0.5,0.5,1.0
kan_generic_N500_K100_H200_nominal_t0p05,kan_generic,TGN-KAN,500,100,200,nominal,0.05,kan_generic_N500_K100_nominal_t0p05,training_seed_mean,5,30,raw/v14_071.npz;raw/v14_072.npz;raw/v14_073.npz;raw/v14_074.npz;raw/v14_075.npz,5.0,0.5,0.5,1.0
kan_generic_N500_K100_H800_nominal_t0p05,kan_generic,TGN-KAN,500,100,800,nominal,0.05,kan_generic_N500_K100_nominal_t0p05,training_seed_mean,5,30,raw/v14_071.npz;raw/v14_072.npz;raw/v14_073.npz;raw/v14_074.npz;raw/v14_075.npz,5.0,0.5,0.5,1.0
kan_generic_N1000_K100_H50_nominal_t0p05,kan_generic,TGN-KAN,1000,100,50,nominal,0.05,kan_generic_N1000_K100_nominal_t0p05,training_seed_mean,5,30,raw/v14_076.npz;raw/v14_077.npz;raw/v14_078.npz;raw/v14_079.npz;raw/v14_080.npz,5.0,0.5,0.5,1.0
kan_generic_N1000_K100_H200_nominal_t0p05,kan_generic,TGN-KAN,1000,100,200,nominal,0.05,kan_generic_N1000_K100_nominal_t0p05,training_seed_mean,5,30,raw/v14_076.npz;raw/v14_077.npz;raw/v14_078.npz;raw/v14_079.npz;raw/v14_080.npz,5.0,0.5,0.5,1.0
kan_generic_N1000_K100_H800_nominal_t0p05,kan_generic,TGN-KAN,1000,100,800,nominal,0.05,kan_generic_N1000_K100_nominal_t0p05,training_seed_mean,5,30,raw/v14_076.npz;raw/v14_077.npz;raw/v14_078.npz;raw/v14_079.npz;raw/v14_080.npz,5.0,0.5,0.5,1.0
kan_generic_N2000_K100_H50_nominal_t0p05,kan_generic,TGN-KAN,2000,100,50,nominal,0.05,kan_generic_N2000_K100_nominal_t0p05,training_seed_mean,5,30,raw/v14_081.npz;raw/v14_082.npz;raw/v14_083.npz;raw/v14_084.npz;raw/v14_085.npz,5.0,0.5,0.5,1.0
kan_generic_N2000_K100_H200_nominal_t0p05,kan_generic,TGN-KAN,2000,100,200,nominal,0.05,kan_generic_N2000_K100_nominal_t0p05,training_seed_mean,5,30,raw/v14_081.npz;raw/v14_082.npz;raw/v14_083.npz;raw/v14_084.npz;raw/v14_085.npz,5.0,0.5,0.5,1.0
kan_generic_N2000_K100_H800_nominal_t0p05,kan_generic,TGN-KAN,2000,100,800,nominal,0.05,kan_generic_N2000_K100_nominal_t0p05,training_seed_mean,5,30,raw/v14_081.npz;raw/v14_082.npz;raw/v14_083.npz;raw/v14_084.npz;raw/v14_085.npz,5.0,0.5,0.5,1.0
kan_generic_N2000_K200_H200_nominal_t0p05,kan_generic,TGN-KAN,2000,200,200,nominal,0.05,kan_generic_N2000_K200_nominal_t0p05,training_seed_mean,5,30,raw/v14_086.npz;raw/v14_087.npz;raw/v14_088.npz;raw/v14_089.npz;raw/v14_090.npz,5.0,0.5,0.5,1.0
kan_generic_N2000_K300_H200_nominal_t0p05,kan_generic,TGN-KAN,2000,300,200,nominal,0.05,kan_generic_N2000_K300_nominal_t0p05,training_seed_mean,5,30,raw/v14_091.npz;raw/v14_092.npz;raw/v14_093.npz;raw/v14_094.npz;raw/v14_095.npz,5.0,0.5,0.5,1.0
kan_generic_N2000_K400_H200_nominal_t0p05,kan_generic,TGN-KAN,2000,400,200,nominal,0.05,kan_generic_N2000_K400_nominal_t0p05,training_seed_mean,5,30,raw/v14_096.npz;raw/v14_097.npz;raw/v14_098.npz;raw/v14_099.npz;raw/v14_100.npz,5.0,0.5,0.5,1.0
kan_generic_N2000_K500_H200_nominal_t0p05,kan_generic,TGN-KAN,2000,500,200,nominal,0.05,kan_generic_N2000_K500_nominal_t0p05,training_seed_mean,5,30,raw/v14_101.npz;raw/v14_102.npz;raw/v14_103.npz;raw/v14_104.npz;raw/v14_105.npz,5.0,0.5,0.5,1.0
greedy_analytic_N2000_K100_H50_nominal_t0p05,greedy_analytic,Load-aware greedy,2000,100,50,nominal,0.05,greedy_analytic_N2000_K100_nominal_t0p05,episode,0,30,raw/v14_106.npz,5.0,0.5,0.5,1.0
greedy_analytic_N2000_K100_H200_nominal_t0p05,greedy_analytic,Load-aware greedy,2000,100,200,nominal,0.05,greedy_analytic_N2000_K100_nominal_t0p05,episode,0,30,raw/v14_106.npz,5.0,0.5,0.5,1.0
greedy_analytic_N2000_K100_H800_nominal_t0p05,greedy_analytic,Load-aware greedy,2000,100,800,nominal,0.05,greedy_analytic_N2000_K100_nominal_t0p05,episode,0,30,raw/v14_106.npz,5.0,0.5,0.5,1.0
greedy_analytic_N2000_K200_H200_nominal_t0p05,greedy_analytic,Load-aware greedy,2000,200,200,nominal,0.05,greedy_analytic_N2000_K200_nominal_t0p05,episode,0,30,raw/v14_107.npz,5.0,0.5,0.5,1.0
greedy_analytic_N2000_K300_H200_nominal_t0p05,greedy_analytic,Load-aware greedy,2000,300,200,nominal,0.05,greedy_analytic_N2000_K300_nominal_t0p05,episode,0,30,raw/v14_108.npz,5.0,0.5,0.5,1.0
greedy_analytic_N2000_K400_H200_nominal_t0p05,greedy_analytic,Load-aware greedy,2000,400,200,nominal,0.05,greedy_analytic_N2000_K400_nominal_t0p05,episode,0,30,raw/v14_109.npz,5.0,0.5,0.5,1.0
greedy_analytic_N2000_K500_H200_nominal_t0p05,greedy_analytic,Load-aware greedy,2000,500,200,nominal,0.05,greedy_analytic_N2000_K500_nominal_t0p05,episode,0,30,raw/v14_110.npz,5.0,0.5,0.5,1.0
maxsinr_ttt_N2000_K100_H50_nominal_tnative,maxsinr_ttt,Max-SINR+TTT,2000,100,50,nominal,,maxsinr_ttt_N2000_K100_nominal_tnative,episode,0,30,raw/v14_111.npz,5.0,0.5,0.5,1.0
maxsinr_ttt_N2000_K100_H200_nominal_tnative,maxsinr_ttt,Max-SINR+TTT,2000,100,200,nominal,,maxsinr_ttt_N2000_K100_nominal_tnative,episode,0,30,raw/v14_111.npz,5.0,0.5,0.5,1.0
maxsinr_ttt_N2000_K100_H800_nominal_tnative,maxsinr_ttt,Max-SINR+TTT,2000,100,800,nominal,,maxsinr_ttt_N2000_K100_nominal_tnative,episode,0,30,raw/v14_111.npz,5.0,0.5,0.5,1.0
maxsinr_ttt_N2000_K200_H200_nominal_tnative,maxsinr_ttt,Max-SINR+TTT,2000,200,200,nominal,,maxsinr_ttt_N2000_K200_nominal_tnative,episode,0,30,raw/v14_112.npz,5.0,0.5,0.5,1.0
maxsinr_ttt_N2000_K300_H200_nominal_tnative,maxsinr_ttt,Max-SINR+TTT,2000,300,200,nominal,,maxsinr_ttt_N2000_K300_nominal_tnative,episode,0,30,raw/v14_113.npz,5.0,0.5,0.5,1.0
maxsinr_ttt_N2000_K400_H200_nominal_tnative,maxsinr_ttt,Max-SINR+TTT,2000,400,200,nominal,,maxsinr_ttt_N2000_K400_nominal_tnative,episode,0,30,raw/v14_114.npz,5.0,0.5,0.5,1.0
maxsinr_ttt_N2000_K500_H200_nominal_tnative,maxsinr_ttt,Max-SINR+TTT,2000,500,200,nominal,,maxsinr_ttt_N2000_K500_nominal_tnative,episode,0,30,raw/v14_115.npz,5.0,0.5,0.5,1.0
maxrst_N2000_K100_H50_nominal_tnative,maxrst,Max-RST,2000,100,50,nominal,,maxrst_N2000_K100_nominal_tnative,episode,0,30,raw/v14_116.npz,5.0,0.5,0.5,1.0
maxrst_N2000_K100_H200_nominal_tnative,maxrst,Max-RST,2000,100,200,nominal,,maxrst_N2000_K100_nominal_tnative,episode,0,30,raw/v14_116.npz,5.0,0.5,0.5,1.0
maxrst_N2000_K100_H800_nominal_tnative,maxrst,Max-RST,2000,100,800,nominal,,maxrst_N2000_K100_nominal_tnative,episode,0,30,raw/v14_116.npz,5.0,0.5,0.5,1.0
maxrst_N2000_K200_H200_nominal_tnative,maxrst,Max-RST,2000,200,200,nominal,,maxrst_N2000_K200_nominal_tnative,episode,0,30,raw/v14_117.npz,5.0,0.5,0.5,1.0
maxrst_N2000_K300_H200_nominal_tnative,maxrst,Max-RST,2000,300,200,nominal,,maxrst_N2000_K300_nominal_tnative,episode,0,30,raw/v14_118.npz,5.0,0.5,0.5,1.0
maxrst_N2000_K400_H200_nominal_tnative,maxrst,Max-RST,2000,400,200,nominal,,maxrst_N2000_K400_nominal_tnative,episode,0,30,raw/v14_119.npz,5.0,0.5,0.5,1.0
maxrst_N2000_K500_H200_nominal_tnative,maxrst,Max-RST,2000,500,200,nominal,,maxrst_N2000_K500_nominal_tnative,episode,0,30,raw/v14_120.npz,5.0,0.5,0.5,1.0
cox_only_N2000_K100_H50_nominal_t0p05,cox_only,Cox-only,2000,100,50,nominal,0.05,cox_only_N2000_K100_nominal_t0p05,episode,0,30,raw/v14_121.npz,5.0,0.5,0.5,1.0
cox_only_N2000_K100_H200_nominal_t0p05,cox_only,Cox-only,2000,100,200,nominal,0.05,cox_only_N2000_K100_nominal_t0p05,episode,0,30,raw/v14_121.npz,5.0,0.5,0.5,1.0
cox_only_N2000_K100_H800_nominal_t0p05,cox_only,Cox-only,2000,100,800,nominal,0.05,cox_only_N2000_K100_nominal_t0p05,episode,0,30,raw/v14_121.npz,5.0,0.5,0.5,1.0
cox_only_N2000_K200_H200_nominal_t0p05,cox_only,Cox-only,2000,200,200,nominal,0.05,cox_only_N2000_K200_nominal_t0p05,episode,0,30,raw/v14_122.npz,5.0,0.5,0.5,1.0
cox_only_N2000_K300_H200_nominal_t0p05,cox_only,Cox-only,2000,300,200,nominal,0.05,cox_only_N2000_K300_nominal_t0p05,episode,0,30,raw/v14_123.npz,5.0,0.5,0.5,1.0
cox_only_N2000_K400_H200_nominal_t0p05,cox_only,Cox-only,2000,400,200,nominal,0.05,cox_only_N2000_K400_nominal_t0p05,episode,0,30,raw/v14_124.npz,5.0,0.5,0.5,1.0
cox_only_N2000_K500_H200_nominal_t0p05,cox_only,Cox-only,2000,500,200,nominal,0.05,cox_only_N2000_K500_nominal_t0p05,episode,0,30,raw/v14_125.npz,5.0,0.5,0.5,1.0
leo_madrl_N2000_K100_H50_nominal_tnative,leo_madrl,LEO-MADRL,2000,100,50,nominal,,leo_madrl_N2000_K100_nominal_tnative,training_seed_mean,5,30,raw/v14_126.npz;raw/v14_127.npz;raw/v14_128.npz;raw/v14_129.npz;raw/v14_130.npz,5.0,0.5,0.5,1.0
leo_madrl_N2000_K100_H200_nominal_tnative,leo_madrl,LEO-MADRL,2000,100,200,nominal,,leo_madrl_N2000_K100_nominal_tnative,training_seed_mean,5,30,raw/v14_126.npz;raw/v14_127.npz;raw/v14_128.npz;raw/v14_129.npz;raw/v14_130.npz,5.0,0.5,0.5,1.0
leo_madrl_N2000_K100_H800_nominal_tnative,leo_madrl,LEO-MADRL,2000,100,800,nominal,,leo_madrl_N2000_K100_nominal_tnative,training_seed_mean,5,30,raw/v14_126.npz;raw/v14_127.npz;raw/v14_128.npz;raw/v14_129.npz;raw/v14_130.npz,5.0,0.5,0.5,1.0
leo_madrl_N2000_K200_H200_nominal_tnative,leo_madrl,LEO-MADRL,2000,200,200,nominal,,leo_madrl_N2000_K200_nominal_tnative,training_seed_mean,5,30,raw/v14_131.npz;raw/v14_132.npz;raw/v14_133.npz;raw/v14_134.npz;raw/v14_135.npz,5.0,0.5,0.5,1.0
leo_madrl_N2000_K300_H200_nominal_tnative,leo_madrl,LEO-MADRL,2000,300,200,nominal,,leo_madrl_N2000_K300_nominal_tnative,training_seed_mean,5,30,raw/v14_136.npz;raw/v14_137.npz;raw/v14_138.npz;raw/v14_139.npz;raw/v14_140.npz,5.0,0.5,0.5,1.0
leo_madrl_N2000_K400_H200_nominal_tnative,leo_madrl,LEO-MADRL,2000,400,200,nominal,,leo_madrl_N2000_K400_nominal_tnative,training_seed_mean,5,30,raw/v14_141.npz;raw/v14_142.npz;raw/v14_143.npz;raw/v14_144.npz;raw/v14_145.npz,5.0,0.5,0.5,1.0
leo_madrl_N2000_K500_H200_nominal_tnative,leo_madrl,LEO-MADRL,2000,500,200,nominal,,leo_madrl_N2000_K500_nominal_tnative,training_seed_mean,5,30,raw/v14_146.npz;raw/v14_147.npz;raw/v14_148.npz;raw/v14_149.npz;raw/v14_150.npz,5.0,0.5,0.5,1.0
greedy_analytic_N500_K100_H200_nominal_t0p05,greedy_analytic,Load-aware greedy,500,100,200,nominal,0.05,greedy_analytic_N500_K100_nominal_t0p05,episode,0,30,raw/v14_151.npz,5.0,0.5,0.5,1.0
greedy_analytic_N1000_K100_H200_nominal_t0p05,greedy_analytic,Load-aware greedy,1000,100,200,nominal,0.05,greedy_analytic_N1000_K100_nominal_t0p05,episode,0,30,raw/v14_152.npz,5.0,0.5,0.5,1.0
cox_only_N500_K100_H200_nominal_t0p05,cox_only,Cox-only,500,100,200,nominal,0.05,cox_only_N500_K100_nominal_t0p05,episode,0,30,raw/v14_153.npz,5.0,0.5,0.5,1.0
cox_only_N1000_K100_H200_nominal_t0p05,cox_only,Cox-only,1000,100,200,nominal,0.05,cox_only_N1000_K100_nominal_t0p05,episode,0,30,raw/v14_154.npz,5.0,0.5,0.5,1.0
no_triplet_N500_K100_H200_nominal_t0p05,no_triplet,No arrival/RST descriptors,500,100,200,nominal,0.05,no_triplet_N500_K100_nominal_t0p05,training_seed_mean,5,30,raw/v14_155.npz;raw/v14_156.npz;raw/v14_157.npz;raw/v14_158.npz;raw/v14_159.npz,5.0,0.5,0.5,1.0
no_triplet_N1000_K100_H200_nominal_t0p05,no_triplet,No arrival/RST descriptors,1000,100,200,nominal,0.05,no_triplet_N1000_K100_nominal_t0p05,training_seed_mean,5,30,raw/v14_160.npz;raw/v14_161.npz;raw/v14_162.npz;raw/v14_163.npz;raw/v14_164.npz,5.0,0.5,0.5,1.0
no_triplet_N2000_K100_H200_nominal_t0p05,no_triplet,No arrival/RST descriptors,2000,100,200,nominal,0.05,no_triplet_N2000_K100_nominal_t0p05,training_seed_mean,5,30,raw/v14_165.npz;raw/v14_166.npz;raw/v14_167.npz;raw/v14_168.npz;raw/v14_169.npz,5.0,0.5,0.5,1.0
mlp_coeff_N500_K100_H200_nominal_t0p05,mlp_coeff,PhysiCK + MLP coefficient head,500,100,200,nominal,0.05,mlp_coeff_N500_K100_nominal_t0p05,training_seed_mean,5,30,raw/v14_170.npz;raw/v14_171.npz;raw/v14_172.npz;raw/v14_173.npz;raw/v14_174.npz,5.0,0.5,0.5,1.0
mlp_coeff_N1000_K100_H200_nominal_t0p05,mlp_coeff,PhysiCK + MLP coefficient head,1000,100,200,nominal,0.05,mlp_coeff_N1000_K100_nominal_t0p05,training_seed_mean,5,30,raw/v14_175.npz;raw/v14_176.npz;raw/v14_177.npz;raw/v14_178.npz;raw/v14_179.npz,5.0,0.5,0.5,1.0
mlp_coeff_N2000_K100_H200_nominal_t0p05,mlp_coeff,PhysiCK + MLP coefficient head,2000,100,200,nominal,0.05,mlp_coeff_N2000_K100_nominal_t0p05,training_seed_mean,5,30,raw/v14_180.npz;raw/v14_181.npz;raw/v14_182.npz;raw/v14_183.npz;raw/v14_184.npz,5.0,0.5,0.5,1.0
no_cox_rst_N2000_K100_H200_nominal_t0p05,no_cox_rst,"No Cox, RST retained",2000,100,200,nominal,0.05,no_cox_rst_N2000_K100_nominal_t0p05,training_seed_mean,5,30,raw/v14_185.npz;raw/v14_186.npz;raw/v14_187.npz;raw/v14_188.npz;raw/v14_189.npz,5.0,0.5,0.5,1.0
no_cox_rst_N500_K100_H200_nominal_t0p05,no_cox_rst,"No Cox, RST retained",500,100,200,nominal,0.05,no_cox_rst_N500_K100_nominal_t0p05,training_seed_mean,5,30,raw/v14_190.npz;raw/v14_191.npz;raw/v14_192.npz;raw/v14_193.npz;raw/v14_194.npz,5.0,0.5,0.5,1.0
no_cox_rst_N1000_K100_H200_nominal_t0p05,no_cox_rst,"No Cox, RST retained",1000,100,200,nominal,0.05,no_cox_rst_N1000_K100_nominal_t0p05,training_seed_mean,5,30,raw/v14_195.npz;raw/v14_196.npz;raw/v14_197.npz;raw/v14_198.npz;raw/v14_199.npz,5.0,0.5,0.5,1.0
eph_physick_N2000_K100_H200_nominal_t0p05,eph_physick,Ephemeris-PhysiCK,2000,100,200,nominal,0.05,eph_physick_N2000_K100_nominal_t0p05,training_seed_mean,5,30,raw/v14_200.npz;raw/v14_201.npz;raw/v14_202.npz;raw/v14_203.npz;raw/v14_204.npz,5.0,0.5,0.5,1.0
eph_physick_N500_K100_H200_nominal_t0p05,eph_physick,Ephemeris-PhysiCK,500,100,200,nominal,0.05,eph_physick_N500_K100_nominal_t0p05,training_seed_mean,5,30,raw/v14_205.npz;raw/v14_206.npz;raw/v14_207.npz;raw/v14_208.npz;raw/v14_209.npz,5.0,0.5,0.5,1.0
eph_physick_N1000_K100_H200_nominal_t0p05,eph_physick,Ephemeris-PhysiCK,1000,100,200,nominal,0.05,eph_physick_N1000_K100_nominal_t0p05,training_seed_mean,5,30,raw/v14_210.npz;raw/v14_211.npz;raw/v14_212.npz;raw/v14_213.npz;raw/v14_214.npz,5.0,0.5,0.5,1.0
full_N2000_K100_H200_nominal_t0p1,full,Cox-PhysiCK,2000,100,200,nominal,0.1,full_N2000_K100_nominal_t0p1,training_seed_mean,5,30,raw/v14_215.npz;raw/v14_216.npz;raw/v14_217.npz;raw/v14_218.npz;raw/v14_219.npz,5.0,0.5,0.5,1.0
full_N2000_K100_H200_nominal_t0p2,full,Cox-PhysiCK,2000,100,200,nominal,0.2,full_N2000_K100_nominal_t0p2,training_seed_mean,5,30,raw/v14_220.npz;raw/v14_221.npz;raw/v14_222.npz;raw/v14_223.npz;raw/v14_224.npz,5.0,0.5,0.5,1.0
full_N2000_K100_H200_nominal_t0p3,full,Cox-PhysiCK,2000,100,200,nominal,0.3,full_N2000_K100_nominal_t0p3,training_seed_mean,5,30,raw/v14_225.npz;raw/v14_226.npz;raw/v14_227.npz;raw/v14_228.npz;raw/v14_229.npz,5.0,0.5,0.5,1.0
cox_only_N2000_K100_H200_nominal_t0p1,cox_only,Cox-only,2000,100,200,nominal,0.1,cox_only_N2000_K100_nominal_t0p1,episode,0,30,raw/v14_230.npz,5.0,0.5,0.5,1.0
cox_only_N2000_K100_H200_nominal_t0p2,cox_only,Cox-only,2000,100,200,nominal,0.2,cox_only_N2000_K100_nominal_t0p2,episode,0,30,raw/v14_231.npz,5.0,0.5,0.5,1.0
cox_only_N2000_K100_H200_nominal_t0p3,cox_only,Cox-only,2000,100,200,nominal,0.3,cox_only_N2000_K100_nominal_t0p3,episode,0,30,raw/v14_232.npz,5.0,0.5,0.5,1.0
greedy_analytic_N2000_K100_H200_nominal_t0p1,greedy_analytic,Load-aware greedy,2000,100,200,nominal,0.1,greedy_analytic_N2000_K100_nominal_t0p1,episode,0,30,raw/v14_233.npz,5.0,0.5,0.5,1.0
greedy_analytic_N2000_K100_H200_nominal_t0p2,greedy_analytic,Load-aware greedy,2000,100,200,nominal,0.2,greedy_analytic_N2000_K100_nominal_t0p2,episode,0,30,raw/v14_234.npz,5.0,0.5,0.5,1.0
greedy_analytic_N2000_K100_H200_nominal_t0p3,greedy_analytic,Load-aware greedy,2000,100,200,nominal,0.3,greedy_analytic_N2000_K100_nominal_t0p3,episode,0,30,raw/v14_235.npz,5.0,0.5,0.5,1.0
full_N2000_K100_H200_w_out_0p5_t0p05,full,Cox-PhysiCK,2000,100,200,w_out_0p5,0.05,full_N2000_K100_w_out_0p5_t0p05,training_seed_mean,5,30,raw/v14_236.npz;raw/v14_237.npz;raw/v14_238.npz;raw/v14_239.npz;raw/v14_240.npz,2.5,0.5,0.5,1.0
full_N2000_K100_H200_w_out_0p75_t0p05,full,Cox-PhysiCK,2000,100,200,w_out_0p75,0.05,full_N2000_K100_w_out_0p75_t0p05,training_seed_mean,5,30,raw/v14_241.npz;raw/v14_242.npz;raw/v14_243.npz;raw/v14_244.npz;raw/v14_245.npz,3.75,0.5,0.5,1.0
full_N2000_K100_H200_w_out_1p25_t0p05,full,Cox-PhysiCK,2000,100,200,w_out_1p25,0.05,full_N2000_K100_w_out_1p25_t0p05,training_seed_mean,5,30,raw/v14_246.npz;raw/v14_247.npz;raw/v14_248.npz;raw/v14_249.npz;raw/v14_250.npz,6.25,0.5,0.5,1.0
full_N2000_K100_H200_w_out_1p5_t0p05,full,Cox-PhysiCK,2000,100,200,w_out_1p5,0.05,full_N2000_K100_w_out_1p5_t0p05,training_seed_mean,5,30,raw/v14_251.npz;raw/v14_252.npz;raw/v14_253.npz;raw/v14_254.npz;raw/v14_255.npz,7.5,0.5,0.5,1.0
full_N2000_K100_H200_w_ho_0p5_t0p05,full,Cox-PhysiCK,2000,100,200,w_ho_0p5,0.05,full_N2000_K100_w_ho_0p5_t0p05,training_seed_mean,5,30,raw/v14_256.npz;raw/v14_257.npz;raw/v14_258.npz;raw/v14_259.npz;raw/v14_260.npz,5.0,0.25,0.5,1.0
full_N2000_K100_H200_w_ho_0p75_t0p05,full,Cox-PhysiCK,2000,100,200,w_ho_0p75,0.05,full_N2000_K100_w_ho_0p75_t0p05,training_seed_mean,5,30,raw/v14_261.npz;raw/v14_262.npz;raw/v14_263.npz;raw/v14_264.npz;raw/v14_265.npz,5.0,0.375,0.5,1.0
full_N2000_K100_H200_w_ho_1p25_t0p05,full,Cox-PhysiCK,2000,100,200,w_ho_1p25,0.05,full_N2000_K100_w_ho_1p25_t0p05,training_seed_mean,5,30,raw/v14_266.npz;raw/v14_267.npz;raw/v14_268.npz;raw/v14_269.npz;raw/v14_270.npz,5.0,0.625,0.5,1.0
full_N2000_K100_H200_w_ho_1p5_t0p05,full,Cox-PhysiCK,2000,100,200,w_ho_1p5,0.05,full_N2000_K100_w_ho_1p5_t0p05,training_seed_mean,5,30,raw/v14_271.npz;raw/v14_272.npz;raw/v14_273.npz;raw/v14_274.npz;raw/v14_275.npz,5.0,0.75,0.5,1.0
full_N2000_K100_H200_w_load_0p5_t0p05,full,Cox-PhysiCK,2000,100,200,w_load_0p5,0.05,full_N2000_K100_w_load_0p5_t0p05,training_seed_mean,5,30,raw/v14_276.npz;raw/v14_277.npz;raw/v14_278.npz;raw/v14_279.npz;raw/v14_280.npz,5.0,0.5,0.25,1.0
full_N2000_K100_H200_w_load_0p75_t0p05,full,Cox-PhysiCK,2000,100,200,w_load_0p75,0.05,full_N2000_K100_w_load_0p75_t0p05,training_seed_mean,5,30,raw/v14_281.npz;raw/v14_282.npz;raw/v14_283.npz;raw/v14_284.npz;raw/v14_285.npz,5.0,0.5,0.375,1.0
full_N2000_K100_H200_w_load_1p25_t0p05,full,Cox-PhysiCK,2000,100,200,w_load_1p25,0.05,full_N2000_K100_w_load_1p25_t0p05,training_seed_mean,5,30,raw/v14_286.npz;raw/v14_287.npz;raw/v14_288.npz;raw/v14_289.npz;raw/v14_290.npz,5.0,0.5,0.625,1.0
full_N2000_K100_H200_w_load_1p5_t0p05,full,Cox-PhysiCK,2000,100,200,w_load_1p5,0.05,full_N2000_K100_w_load_1p5_t0p05,training_seed_mean,5,30,raw/v14_291.npz;raw/v14_292.npz;raw/v14_293.npz;raw/v14_294.npz;raw/v14_295.npz,5.0,0.5,0.75,1.0
full_N2000_K100_H200_w_rate_0p5_t0p05,full,Cox-PhysiCK,2000,100,200,w_rate_0p5,0.05,full_N2000_K100_w_rate_0p5_t0p05,training_seed_mean,5,30,raw/v14_296.npz;raw/v14_297.npz;raw/v14_298.npz;raw/v14_299.npz;raw/v14_300.npz,5.0,0.5,0.5,0.5
full_N2000_K100_H200_w_rate_0p75_t0p05,full,Cox-PhysiCK,2000,100,200,w_rate_0p75,0.05,full_N2000_K100_w_rate_0p75_t0p05,training_seed_mean,5,30,raw/v14_301.npz;raw/v14_302.npz;raw/v14_303.npz;raw/v14_304.npz;raw/v14_305.npz,5.0,0.5,0.5,0.75
full_N2000_K100_H200_w_rate_1p25_t0p05,full,Cox-PhysiCK,2000,100,200,w_rate_1p25,0.05,full_N2000_K100_w_rate_1p25_t0p05,training_seed_mean,5,30,raw/v14_306.npz;raw/v14_307.npz;raw/v14_308.npz;raw/v14_309.npz;raw/v14_310.npz,5.0,0.5,0.5,1.25
full_N2000_K100_H200_w_rate_1p5_t0p05,full,Cox-PhysiCK,2000,100,200,w_rate_1p5,0.05,full_N2000_K100_w_rate_1p5_t0p05,training_seed_mean,5,30,raw/v14_311.npz;raw/v14_312.npz;raw/v14_313.npz;raw/v14_314.npz;raw/v14_315.npz,5.0,0.5,0.5,1.5
