raw_file,job_id,method_id,training_seed,aggregation_unit,N_sat,K,saved_H,requested_H,case_ids,episodes,episode_prefixes,association_id_stride,empty_association_id,encoding,array_axes
raw/v14_001.npz,full_N500_K100_nominal_t0p05,full,1,training_seed_mean,500,100,800,50;200;800,full_N500_K100_H50_nominal_t0p05;full_N500_K100_H200_nominal_t0p05;full_N500_K100_H800_nominal_t0p05,30,90,2,-1,satellite_id * 2 + stored_beam_id,"epoch,episode,user"
raw/v14_002.npz,full_N500_K100_nominal_t0p05,full,2,training_seed_mean,500,100,800,50;200;800,full_N500_K100_H50_nominal_t0p05;full_N500_K100_H200_nominal_t0p05;full_N500_K100_H800_nominal_t0p05,30,90,2,-1,satellite_id * 2 + stored_beam_id,"epoch,episode,user"
raw/v14_003.npz,full_N500_K100_nominal_t0p05,full,3,training_seed_mean,500,100,800,50;200;800,full_N500_K100_H50_nominal_t0p05;full_N500_K100_H200_nominal_t0p05;full_N500_K100_H800_nominal_t0p05,30,90,2,-1,satellite_id * 2 + stored_beam_id,"epoch,episode,user"
raw/v14_004.npz,full_N500_K100_nominal_t0p05,full,4,training_seed_mean,500,100,800,50;200;800,full_N500_K100_H50_nominal_t0p05;full_N500_K100_H200_nominal_t0p05;full_N500_K100_H800_nominal_t0p05,30,90,2,-1,satellite_id * 2 + stored_beam_id,"epoch,episode,user"
raw/v14_005.npz,full_N500_K100_nominal_t0p05,full,5,training_seed_mean,500,100,800,50;200;800,full_N500_K100_H50_nominal_t0p05;full_N500_K100_H200_nominal_t0p05;full_N500_K100_H800_nominal_t0p05,30,90,2,-1,satellite_id * 2 + stored_beam_id,"epoch,episode,user"
raw/v14_006.npz,full_N1000_K100_nominal_t0p05,full,1,training_seed_mean,1000,100,800,50;200;800,full_N1000_K100_H50_nominal_t0p05;full_N1000_K100_H200_nominal_t0p05;full_N1000_K100_H800_nominal_t0p05,30,90,2,-1,satellite_id * 2 + stored_beam_id,"epoch,episode,user"
raw/v14_007.npz,full_N1000_K100_nominal_t0p05,full,2,training_seed_mean,1000,100,800,50;200;800,full_N1000_K100_H50_nominal_t0p05;full_N1000_K100_H200_nominal_t0p05;full_N1000_K100_H800_nominal_t0p05,30,90,2,-1,satellite_id * 2 + stored_beam_id,"epoch,episode,user"
raw/v14_008.npz,full_N1000_K100_nominal_t0p05,full,3,training_seed_mean,1000,100,800,50;200;800,full_N1000_K100_H50_nominal_t0p05;full_N1000_K100_H200_nominal_t0p05;full_N1000_K100_H800_nominal_t0p05,30,90,2,-1,satellite_id * 2 + stored_beam_id,"epoch,episode,user"
raw/v14_009.npz,full_N1000_K100_nominal_t0p05,full,4,training_seed_mean,1000,100,800,50;200;800,full_N1000_K100_H50_nominal_t0p05;full_N1000_K100_H200_nominal_t0p05;full_N1000_K100_H800_nominal_t0p05,30,90,2,-1,satellite_id * 2 + stored_beam_id,"epoch,episode,user"
raw/v14_010.npz,full_N1000_K100_nominal_t0p05,full,5,training_seed_mean,1000,100,800,50;200;800,full_N1000_K100_H50_nominal_t0p05;full_N1000_K100_H200_nominal_t0p05;full_N1000_K100_H800_nominal_t0p05,30,90,2,-1,satellite_id * 2 + stored_beam_id,"epoch,episode,user"
raw/v14_011.npz,full_N2000_K100_nominal_t0p05,full,1,training_seed_mean,2000,100,800,50;200;800,full_N2000_K100_H50_nominal_t0p05;full_N2000_K100_H200_nominal_t0p05;full_N2000_K100_H800_nominal_t0p05,30,90,2,-1,satellite_id * 2 + stored_beam_id,"epoch,episode,user"
raw/v14_012.npz,full_N2000_K100_nominal_t0p05,full,2,training_seed_mean,2000,100,800,50;200;800,full_N2000_K100_H50_nominal_t0p05;full_N2000_K100_H200_nominal_t0p05;full_N2000_K100_H800_nominal_t0p05,30,90,2,-1,satellite_id * 2 + stored_beam_id,"epoch,episode,user"
raw/v14_013.npz,full_N2000_K100_nominal_t0p05,full,3,training_seed_mean,2000,100,800,50;200;800,full_N2000_K100_H50_nominal_t0p05;full_N2000_K100_H200_nominal_t0p05;full_N2000_K100_H800_nominal_t0p05,30,90,2,-1,satellite_id * 2 + stored_beam_id,"epoch,episode,user"
raw/v14_014.npz,full_N2000_K100_nominal_t0p05,full,4,training_seed_mean,2000,100,800,50;200;800,full_N2000_K100_H50_nominal_t0p05;full_N2000_K100_H200_nominal_t0p05;full_N2000_K100_H800_nominal_t0p05,30,90,2,-1,satellite_id * 2 + stored_beam_id,"epoch,episode,user"
raw/v14_015.npz,full_N2000_K100_nominal_t0p05,full,5,training_seed_mean,2000,100,800,50;200;800,full_N2000_K100_H50_nominal_t0p05;full_N2000_K100_H200_nominal_t0p05;full_N2000_K100_H800_nominal_t0p05,30,90,2,-1,satellite_id * 2 + stored_beam_id,"epoch,episode,user"
raw/v14_016.npz,full_N2000_K200_nominal_t0p05,full,1,training_seed_mean,2000,200,200,200,full_N2000_K200_H200_nominal_t0p05,30,30,2,-1,satellite_id * 2 + stored_beam_id,"epoch,episode,user"
raw/v14_017.npz,full_N2000_K200_nominal_t0p05,full,2,training_seed_mean,2000,200,200,200,full_N2000_K200_H200_nominal_t0p05,30,30,2,-1,satellite_id * 2 + stored_beam_id,"epoch,episode,user"
raw/v14_018.npz,full_N2000_K200_nominal_t0p05,full,3,training_seed_mean,2000,200,200,200,full_N2000_K200_H200_nominal_t0p05,30,30,2,-1,satellite_id * 2 + stored_beam_id,"epoch,episode,user"
raw/v14_019.npz,full_N2000_K200_nominal_t0p05,full,4,training_seed_mean,2000,200,200,200,full_N2000_K200_H200_nominal_t0p05,30,30,2,-1,satellite_id * 2 + stored_beam_id,"epoch,episode,user"
raw/v14_020.npz,full_N2000_K200_nominal_t0p05,full,5,training_seed_mean,2000,200,200,200,full_N2000_K200_H200_nominal_t0p05,30,30,2,-1,satellite_id * 2 + stored_beam_id,"epoch,episode,user"
raw/v14_021.npz,full_N2000_K300_nominal_t0p05,full,1,training_seed_mean,2000,300,200,200,full_N2000_K300_H200_nominal_t0p05,30,30,2,-1,satellite_id * 2 + stored_beam_id,"epoch,episode,user"
raw/v14_022.npz,full_N2000_K300_nominal_t0p05,full,2,training_seed_mean,2000,300,200,200,full_N2000_K300_H200_nominal_t0p05,30,30,2,-1,satellite_id * 2 + stored_beam_id,"epoch,episode,user"
raw/v14_023.npz,full_N2000_K300_nominal_t0p05,full,3,training_seed_mean,2000,300,200,200,full_N2000_K300_H200_nominal_t0p05,30,30,2,-1,satellite_id * 2 + stored_beam_id,"epoch,episode,user"
raw/v14_024.npz,full_N2000_K300_nominal_t0p05,full,4,training_seed_mean,2000,300,200,200,full_N2000_K300_H200_nominal_t0p05,30,30,2,-1,satellite_id * 2 + stored_beam_id,"epoch,episode,user"
raw/v14_025.npz,full_N2000_K300_nominal_t0p05,full,5,training_seed_mean,2000,300,200,200,full_N2000_K300_H200_nominal_t0p05,30,30,2,-1,satellite_id * 2 + stored_beam_id,"epoch,episode,user"
raw/v14_026.npz,full_N2000_K400_nominal_t0p05,full,1,training_seed_mean,2000,400,200,200,full_N2000_K400_H200_nominal_t0p05,30,30,2,-1,satellite_id * 2 + stored_beam_id,"epoch,episode,user"
raw/v14_027.npz,full_N2000_K400_nominal_t0p05,full,2,training_seed_mean,2000,400,200,200,full_N2000_K400_H200_nominal_t0p05,30,30,2,-1,satellite_id * 2 + stored_beam_id,"epoch,episode,user"
raw/v14_028.npz,full_N2000_K400_nominal_t0p05,full,3,training_seed_mean,2000,400,200,200,full_N2000_K400_H200_nominal_t0p05,30,30,2,-1,satellite_id * 2 + stored_beam_id,"epoch,episode,user"
raw/v14_029.npz,full_N2000_K400_nominal_t0p05,full,4,training_seed_mean,2000,400,200,200,full_N2000_K400_H200_nominal_t0p05,30,30,2,-1,satellite_id * 2 + stored_beam_id,"epoch,episode,user"
raw/v14_030.npz,full_N2000_K400_nominal_t0p05,full,5,training_seed_mean,2000,400,200,200,full_N2000_K400_H200_nominal_t0p05,30,30,2,-1,satellite_id * 2 + stored_beam_id,"epoch,episode,user"
raw/v14_031.npz,full_N2000_K500_nominal_t0p05,full,1,training_seed_mean,2000,500,200,200,full_N2000_K500_H200_nominal_t0p05,30,30,2,-1,satellite_id * 2 + stored_beam_id,"epoch,episode,user"
raw/v14_032.npz,full_N2000_K500_nominal_t0p05,full,2,training_seed_mean,2000,500,200,200,full_N2000_K500_H200_nominal_t0p05,30,30,2,-1,satellite_id * 2 + stored_beam_id,"epoch,episode,user"
raw/v14_033.npz,full_N2000_K500_nominal_t0p05,full,3,training_seed_mean,2000,500,200,200,full_N2000_K500_H200_nominal_t0p05,30,30,2,-1,satellite_id * 2 + stored_beam_id,"epoch,episode,user"
raw/v14_034.npz,full_N2000_K500_nominal_t0p05,full,4,training_seed_mean,2000,500,200,200,full_N2000_K500_H200_nominal_t0p05,30,30,2,-1,satellite_id * 2 + stored_beam_id,"epoch,episode,user"
raw/v14_035.npz,full_N2000_K500_nominal_t0p05,full,5,training_seed_mean,2000,500,200,200,full_N2000_K500_H200_nominal_t0p05,30,30,2,-1,satellite_id * 2 + stored_beam_id,"epoch,episode,user"
raw/v14_036.npz,mlp213_N500_K100_nominal_t0p05,mlp213,1,training_seed_mean,500,100,800,50;200;800,mlp213_N500_K100_H50_nominal_t0p05;mlp213_N500_K100_H200_nominal_t0p05;mlp213_N500_K100_H800_nominal_t0p05,30,90,2,-1,satellite_id * 2 + stored_beam_id,"epoch,episode,user"
raw/v14_037.npz,mlp213_N500_K100_nominal_t0p05,mlp213,2,training_seed_mean,500,100,800,50;200;800,mlp213_N500_K100_H50_nominal_t0p05;mlp213_N500_K100_H200_nominal_t0p05;mlp213_N500_K100_H800_nominal_t0p05,30,90,2,-1,satellite_id * 2 + stored_beam_id,"epoch,episode,user"
raw/v14_038.npz,mlp213_N500_K100_nominal_t0p05,mlp213,3,training_seed_mean,500,100,800,50;200;800,mlp213_N500_K100_H50_nominal_t0p05;mlp213_N500_K100_H200_nominal_t0p05;mlp213_N500_K100_H800_nominal_t0p05,30,90,2,-1,satellite_id * 2 + stored_beam_id,"epoch,episode,user"
raw/v14_039.npz,mlp213_N500_K100_nominal_t0p05,mlp213,4,training_seed_mean,500,100,800,50;200;800,mlp213_N500_K100_H50_nominal_t0p05;mlp213_N500_K100_H200_nominal_t0p05;mlp213_N500_K100_H800_nominal_t0p05,30,90,2,-1,satellite_id * 2 + stored_beam_id,"epoch,episode,user"
raw/v14_040.npz,mlp213_N500_K100_nominal_t0p05,mlp213,5,training_seed_mean,500,100,800,50;200;800,mlp213_N500_K100_H50_nominal_t0p05;mlp213_N500_K100_H200_nominal_t0p05;mlp213_N500_K100_H800_nominal_t0p05,30,90,2,-1,satellite_id * 2 + stored_beam_id,"epoch,episode,user"
raw/v14_041.npz,mlp213_N1000_K100_nominal_t0p05,mlp213,1,training_seed_mean,1000,100,800,50;200;800,mlp213_N1000_K100_H50_nominal_t0p05;mlp213_N1000_K100_H200_nominal_t0p05;mlp213_N1000_K100_H800_nominal_t0p05,30,90,2,-1,satellite_id * 2 + stored_beam_id,"epoch,episode,user"
raw/v14_042.npz,mlp213_N1000_K100_nominal_t0p05,mlp213,2,training_seed_mean,1000,100,800,50;200;800,mlp213_N1000_K100_H50_nominal_t0p05;mlp213_N1000_K100_H200_nominal_t0p05;mlp213_N1000_K100_H800_nominal_t0p05,30,90,2,-1,satellite_id * 2 + stored_beam_id,"epoch,episode,user"
raw/v14_043.npz,mlp213_N1000_K100_nominal_t0p05,mlp213,3,training_seed_mean,1000,100,800,50;200;800,mlp213_N1000_K100_H50_nominal_t0p05;mlp213_N1000_K100_H200_nominal_t0p05;mlp213_N1000_K100_H800_nominal_t0p05,30,90,2,-1,satellite_id * 2 + stored_beam_id,"epoch,episode,user"
raw/v14_044.npz,mlp213_N1000_K100_nominal_t0p05,mlp213,4,training_seed_mean,1000,100,800,50;200;800,mlp213_N1000_K100_H50_nominal_t0p05;mlp213_N1000_K100_H200_nominal_t0p05;mlp213_N1000_K100_H800_nominal_t0p05,30,90,2,-1,satellite_id * 2 + stored_beam_id,"epoch,episode,user"
raw/v14_045.npz,mlp213_N1000_K100_nominal_t0p05,mlp213,5,training_seed_mean,1000,100,800,50;200;800,mlp213_N1000_K100_H50_nominal_t0p05;mlp213_N1000_K100_H200_nominal_t0p05;mlp213_N1000_K100_H800_nominal_t0p05,30,90,2,-1,satellite_id * 2 + stored_beam_id,"epoch,episode,user"
raw/v14_046.npz,mlp213_N2000_K100_nominal_t0p05,mlp213,1,training_seed_mean,2000,100,800,50;200;800,mlp213_N2000_K100_H50_nominal_t0p05;mlp213_N2000_K100_H200_nominal_t0p05;mlp213_N2000_K100_H800_nominal_t0p05,30,90,2,-1,satellite_id * 2 + stored_beam_id,"epoch,episode,user"
raw/v14_047.npz,mlp213_N2000_K100_nominal_t0p05,mlp213,2,training_seed_mean,2000,100,800,50;200;800,mlp213_N2000_K100_H50_nominal_t0p05;mlp213_N2000_K100_H200_nominal_t0p05;mlp213_N2000_K100_H800_nominal_t0p05,30,90,2,-1,satellite_id * 2 + stored_beam_id,"epoch,episode,user"
raw/v14_048.npz,mlp213_N2000_K100_nominal_t0p05,mlp213,3,training_seed_mean,2000,100,800,50;200;800,mlp213_N2000_K100_H50_nominal_t0p05;mlp213_N2000_K100_H200_nominal_t0p05;mlp213_N2000_K100_H800_nominal_t0p05,30,90,2,-1,satellite_id * 2 + stored_beam_id,"epoch,episode,user"
raw/v14_049.npz,mlp213_N2000_K100_nominal_t0p05,mlp213,4,training_seed_mean,2000,100,800,50;200;800,mlp213_N2000_K100_H50_nominal_t0p05;mlp213_N2000_K100_H200_nominal_t0p05;mlp213_N2000_K100_H800_nominal_t0p05,30,90,2,-1,satellite_id * 2 + stored_beam_id,"epoch,episode,user"
raw/v14_050.npz,mlp213_N2000_K100_nominal_t0p05,mlp213,5,training_seed_mean,2000,100,800,50;200;800,mlp213_N2000_K100_H50_nominal_t0p05;mlp213_N2000_K100_H200_nominal_t0p05;mlp213_N2000_K100_H800_nominal_t0p05,30,90,2,-1,satellite_id * 2 + stored_beam_id,"epoch,episode,user"
raw/v14_051.npz,mlp213_N2000_K200_nominal_t0p05,mlp213,1,training_seed_mean,2000,200,200,200,mlp213_N2000_K200_H200_nominal_t0p05,30,30,2,-1,satellite_id * 2 + stored_beam_id,"epoch,episode,user"
raw/v14_052.npz,mlp213_N2000_K200_nominal_t0p05,mlp213,2,training_seed_mean,2000,200,200,200,mlp213_N2000_K200_H200_nominal_t0p05,30,30,2,-1,satellite_id * 2 + stored_beam_id,"epoch,episode,user"
raw/v14_053.npz,mlp213_N2000_K200_nominal_t0p05,mlp213,3,training_seed_mean,2000,200,200,200,mlp213_N2000_K200_H200_nominal_t0p05,30,30,2,-1,satellite_id * 2 + stored_beam_id,"epoch,episode,user"
raw/v14_054.npz,mlp213_N2000_K200_nominal_t0p05,mlp213,4,training_seed_mean,2000,200,200,200,mlp213_N2000_K200_H200_nominal_t0p05,30,30,2,-1,satellite_id * 2 + stored_beam_id,"epoch,episode,user"
raw/v14_055.npz,mlp213_N2000_K200_nominal_t0p05,mlp213,5,training_seed_mean,2000,200,200,200,mlp213_N2000_K200_H200_nominal_t0p05,30,30,2,-1,satellite_id * 2 + stored_beam_id,"epoch,episode,user"
raw/v14_056.npz,mlp213_N2000_K300_nominal_t0p05,mlp213,1,training_seed_mean,2000,300,200,200,mlp213_N2000_K300_H200_nominal_t0p05,30,30,2,-1,satellite_id * 2 + stored_beam_id,"epoch,episode,user"
raw/v14_057.npz,mlp213_N2000_K300_nominal_t0p05,mlp213,2,training_seed_mean,2000,300,200,200,mlp213_N2000_K300_H200_nominal_t0p05,30,30,2,-1,satellite_id * 2 + stored_beam_id,"epoch,episode,user"
raw/v14_058.npz,mlp213_N2000_K300_nominal_t0p05,mlp213,3,training_seed_mean,2000,300,200,200,mlp213_N2000_K300_H200_nominal_t0p05,30,30,2,-1,satellite_id * 2 + stored_beam_id,"epoch,episode,user"
raw/v14_059.npz,mlp213_N2000_K300_nominal_t0p05,mlp213,4,training_seed_mean,2000,300,200,200,mlp213_N2000_K300_H200_nominal_t0p05,30,30,2,-1,satellite_id * 2 + stored_beam_id,"epoch,episode,user"
raw/v14_060.npz,mlp213_N2000_K300_nominal_t0p05,mlp213,5,training_seed_mean,2000,300,200,200,mlp213_N2000_K300_H200_nominal_t0p05,30,30,2,-1,satellite_id * 2 + stored_beam_id,"epoch,episode,user"
raw/v14_061.npz,mlp213_N2000_K400_nominal_t0p05,mlp213,1,training_seed_mean,2000,400,200,200,mlp213_N2000_K400_H200_nominal_t0p05,30,30,2,-1,satellite_id * 2 + stored_beam_id,"epoch,episode,user"
raw/v14_062.npz,mlp213_N2000_K400_nominal_t0p05,mlp213,2,training_seed_mean,2000,400,200,200,mlp213_N2000_K400_H200_nominal_t0p05,30,30,2,-1,satellite_id * 2 + stored_beam_id,"epoch,episode,user"
raw/v14_063.npz,mlp213_N2000_K400_nominal_t0p05,mlp213,3,training_seed_mean,2000,400,200,200,mlp213_N2000_K400_H200_nominal_t0p05,30,30,2,-1,satellite_id * 2 + stored_beam_id,"epoch,episode,user"
raw/v14_064.npz,mlp213_N2000_K400_nominal_t0p05,mlp213,4,training_seed_mean,2000,400,200,200,mlp213_N2000_K400_H200_nominal_t0p05,30,30,2,-1,satellite_id * 2 + stored_beam_id,"epoch,episode,user"
raw/v14_065.npz,mlp213_N2000_K400_nominal_t0p05,mlp213,5,training_seed_mean,2000,400,200,200,mlp213_N2000_K400_H200_nominal_t0p05,30,30,2,-1,satellite_id * 2 + stored_beam_id,"epoch,episode,user"
raw/v14_066.npz,mlp213_N2000_K500_nominal_t0p05,mlp213,1,training_seed_mean,2000,500,200,200,mlp213_N2000_K500_H200_nominal_t0p05,30,30,2,-1,satellite_id * 2 + stored_beam_id,"epoch,episode,user"
raw/v14_067.npz,mlp213_N2000_K500_nominal_t0p05,mlp213,2,training_seed_mean,2000,500,200,200,mlp213_N2000_K500_H200_nominal_t0p05,30,30,2,-1,satellite_id * 2 + stored_beam_id,"epoch,episode,user"
raw/v14_068.npz,mlp213_N2000_K500_nominal_t0p05,mlp213,3,training_seed_mean,2000,500,200,200,mlp213_N2000_K500_H200_nominal_t0p05,30,30,2,-1,satellite_id * 2 + stored_beam_id,"epoch,episode,user"
raw/v14_069.npz,mlp213_N2000_K500_nominal_t0p05,mlp213,4,training_seed_mean,2000,500,200,200,mlp213_N2000_K500_H200_nominal_t0p05,30,30,2,-1,satellite_id * 2 + stored_beam_id,"epoch,episode,user"
raw/v14_070.npz,mlp213_N2000_K500_nominal_t0p05,mlp213,5,training_seed_mean,2000,500,200,200,mlp213_N2000_K500_H200_nominal_t0p05,30,30,2,-1,satellite_id * 2 + stored_beam_id,"epoch,episode,user"
raw/v14_071.npz,kan_generic_N500_K100_nominal_t0p05,kan_generic,1,training_seed_mean,500,100,800,50;200;800,kan_generic_N500_K100_H50_nominal_t0p05;kan_generic_N500_K100_H200_nominal_t0p05;kan_generic_N500_K100_H800_nominal_t0p05,30,90,2,-1,satellite_id * 2 + stored_beam_id,"epoch,episode,user"
raw/v14_072.npz,kan_generic_N500_K100_nominal_t0p05,kan_generic,2,training_seed_mean,500,100,800,50;200;800,kan_generic_N500_K100_H50_nominal_t0p05;kan_generic_N500_K100_H200_nominal_t0p05;kan_generic_N500_K100_H800_nominal_t0p05,30,90,2,-1,satellite_id * 2 + stored_beam_id,"epoch,episode,user"
raw/v14_073.npz,kan_generic_N500_K100_nominal_t0p05,kan_generic,3,training_seed_mean,500,100,800,50;200;800,kan_generic_N500_K100_H50_nominal_t0p05;kan_generic_N500_K100_H200_nominal_t0p05;kan_generic_N500_K100_H800_nominal_t0p05,30,90,2,-1,satellite_id * 2 + stored_beam_id,"epoch,episode,user"
raw/v14_074.npz,kan_generic_N500_K100_nominal_t0p05,kan_generic,4,training_seed_mean,500,100,800,50;200;800,kan_generic_N500_K100_H50_nominal_t0p05;kan_generic_N500_K100_H200_nominal_t0p05;kan_generic_N500_K100_H800_nominal_t0p05,30,90,2,-1,satellite_id * 2 + stored_beam_id,"epoch,episode,user"
raw/v14_075.npz,kan_generic_N500_K100_nominal_t0p05,kan_generic,5,training_seed_mean,500,100,800,50;200;800,kan_generic_N500_K100_H50_nominal_t0p05;kan_generic_N500_K100_H200_nominal_t0p05;kan_generic_N500_K100_H800_nominal_t0p05,30,90,2,-1,satellite_id * 2 + stored_beam_id,"epoch,episode,user"
raw/v14_076.npz,kan_generic_N1000_K100_nominal_t0p05,kan_generic,1,training_seed_mean,1000,100,800,50;200;800,kan_generic_N1000_K100_H50_nominal_t0p05;kan_generic_N1000_K100_H200_nominal_t0p05;kan_generic_N1000_K100_H800_nominal_t0p05,30,90,2,-1,satellite_id * 2 + stored_beam_id,"epoch,episode,user"
raw/v14_077.npz,kan_generic_N1000_K100_nominal_t0p05,kan_generic,2,training_seed_mean,1000,100,800,50;200;800,kan_generic_N1000_K100_H50_nominal_t0p05;kan_generic_N1000_K100_H200_nominal_t0p05;kan_generic_N1000_K100_H800_nominal_t0p05,30,90,2,-1,satellite_id * 2 + stored_beam_id,"epoch,episode,user"
raw/v14_078.npz,kan_generic_N1000_K100_nominal_t0p05,kan_generic,3,training_seed_mean,1000,100,800,50;200;800,kan_generic_N1000_K100_H50_nominal_t0p05;kan_generic_N1000_K100_H200_nominal_t0p05;kan_generic_N1000_K100_H800_nominal_t0p05,30,90,2,-1,satellite_id * 2 + stored_beam_id,"epoch,episode,user"
raw/v14_079.npz,kan_generic_N1000_K100_nominal_t0p05,kan_generic,4,training_seed_mean,1000,100,800,50;200;800,kan_generic_N1000_K100_H50_nominal_t0p05;kan_generic_N1000_K100_H200_nominal_t0p05;kan_generic_N1000_K100_H800_nominal_t0p05,30,90,2,-1,satellite_id * 2 + stored_beam_id,"epoch,episode,user"
raw/v14_080.npz,kan_generic_N1000_K100_nominal_t0p05,kan_generic,5,training_seed_mean,1000,100,800,50;200;800,kan_generic_N1000_K100_H50_nominal_t0p05;kan_generic_N1000_K100_H200_nominal_t0p05;kan_generic_N1000_K100_H800_nominal_t0p05,30,90,2,-1,satellite_id * 2 + stored_beam_id,"epoch,episode,user"
raw/v14_081.npz,kan_generic_N2000_K100_nominal_t0p05,kan_generic,1,training_seed_mean,2000,100,800,50;200;800,kan_generic_N2000_K100_H50_nominal_t0p05;kan_generic_N2000_K100_H200_nominal_t0p05;kan_generic_N2000_K100_H800_nominal_t0p05,30,90,2,-1,satellite_id * 2 + stored_beam_id,"epoch,episode,user"
raw/v14_082.npz,kan_generic_N2000_K100_nominal_t0p05,kan_generic,2,training_seed_mean,2000,100,800,50;200;800,kan_generic_N2000_K100_H50_nominal_t0p05;kan_generic_N2000_K100_H200_nominal_t0p05;kan_generic_N2000_K100_H800_nominal_t0p05,30,90,2,-1,satellite_id * 2 + stored_beam_id,"epoch,episode,user"
raw/v14_083.npz,kan_generic_N2000_K100_nominal_t0p05,kan_generic,3,training_seed_mean,2000,100,800,50;200;800,kan_generic_N2000_K100_H50_nominal_t0p05;kan_generic_N2000_K100_H200_nominal_t0p05;kan_generic_N2000_K100_H800_nominal_t0p05,30,90,2,-1,satellite_id * 2 + stored_beam_id,"epoch,episode,user"
raw/v14_084.npz,kan_generic_N2000_K100_nominal_t0p05,kan_generic,4,training_seed_mean,2000,100,800,50;200;800,kan_generic_N2000_K100_H50_nominal_t0p05;kan_generic_N2000_K100_H200_nominal_t0p05;kan_generic_N2000_K100_H800_nominal_t0p05,30,90,2,-1,satellite_id * 2 + stored_beam_id,"epoch,episode,user"
raw/v14_085.npz,kan_generic_N2000_K100_nominal_t0p05,kan_generic,5,training_seed_mean,2000,100,800,50;200;800,kan_generic_N2000_K100_H50_nominal_t0p05;kan_generic_N2000_K100_H200_nominal_t0p05;kan_generic_N2000_K100_H800_nominal_t0p05,30,90,2,-1,satellite_id * 2 + stored_beam_id,"epoch,episode,user"
raw/v14_086.npz,kan_generic_N2000_K200_nominal_t0p05,kan_generic,1,training_seed_mean,2000,200,200,200,kan_generic_N2000_K200_H200_nominal_t0p05,30,30,2,-1,satellite_id * 2 + stored_beam_id,"epoch,episode,user"
raw/v14_087.npz,kan_generic_N2000_K200_nominal_t0p05,kan_generic,2,training_seed_mean,2000,200,200,200,kan_generic_N2000_K200_H200_nominal_t0p05,30,30,2,-1,satellite_id * 2 + stored_beam_id,"epoch,episode,user"
raw/v14_088.npz,kan_generic_N2000_K200_nominal_t0p05,kan_generic,3,training_seed_mean,2000,200,200,200,kan_generic_N2000_K200_H200_nominal_t0p05,30,30,2,-1,satellite_id * 2 + stored_beam_id,"epoch,episode,user"
raw/v14_089.npz,kan_generic_N2000_K200_nominal_t0p05,kan_generic,4,training_seed_mean,2000,200,200,200,kan_generic_N2000_K200_H200_nominal_t0p05,30,30,2,-1,satellite_id * 2 + stored_beam_id,"epoch,episode,user"
raw/v14_090.npz,kan_generic_N2000_K200_nominal_t0p05,kan_generic,5,training_seed_mean,2000,200,200,200,kan_generic_N2000_K200_H200_nominal_t0p05,30,30,2,-1,satellite_id * 2 + stored_beam_id,"epoch,episode,user"
raw/v14_091.npz,kan_generic_N2000_K300_nominal_t0p05,kan_generic,1,training_seed_mean,2000,300,200,200,kan_generic_N2000_K300_H200_nominal_t0p05,30,30,2,-1,satellite_id * 2 + stored_beam_id,"epoch,episode,user"
raw/v14_092.npz,kan_generic_N2000_K300_nominal_t0p05,kan_generic,2,training_seed_mean,2000,300,200,200,kan_generic_N2000_K300_H200_nominal_t0p05,30,30,2,-1,satellite_id * 2 + stored_beam_id,"epoch,episode,user"
raw/v14_093.npz,kan_generic_N2000_K300_nominal_t0p05,kan_generic,3,training_seed_mean,2000,300,200,200,kan_generic_N2000_K300_H200_nominal_t0p05,30,30,2,-1,satellite_id * 2 + stored_beam_id,"epoch,episode,user"
raw/v14_094.npz,kan_generic_N2000_K300_nominal_t0p05,kan_generic,4,training_seed_mean,2000,300,200,200,kan_generic_N2000_K300_H200_nominal_t0p05,30,30,2,-1,satellite_id * 2 + stored_beam_id,"epoch,episode,user"
raw/v14_095.npz,kan_generic_N2000_K300_nominal_t0p05,kan_generic,5,training_seed_mean,2000,300,200,200,kan_generic_N2000_K300_H200_nominal_t0p05,30,30,2,-1,satellite_id * 2 + stored_beam_id,"epoch,episode,user"
raw/v14_096.npz,kan_generic_N2000_K400_nominal_t0p05,kan_generic,1,training_seed_mean,2000,400,200,200,kan_generic_N2000_K400_H200_nominal_t0p05,30,30,2,-1,satellite_id * 2 + stored_beam_id,"epoch,episode,user"
raw/v14_097.npz,kan_generic_N2000_K400_nominal_t0p05,kan_generic,2,training_seed_mean,2000,400,200,200,kan_generic_N2000_K400_H200_nominal_t0p05,30,30,2,-1,satellite_id * 2 + stored_beam_id,"epoch,episode,user"
raw/v14_098.npz,kan_generic_N2000_K400_nominal_t0p05,kan_generic,3,training_seed_mean,2000,400,200,200,kan_generic_N2000_K400_H200_nominal_t0p05,30,30,2,-1,satellite_id * 2 + stored_beam_id,"epoch,episode,user"
raw/v14_099.npz,kan_generic_N2000_K400_nominal_t0p05,kan_generic,4,training_seed_mean,2000,400,200,200,kan_generic_N2000_K400_H200_nominal_t0p05,30,30,2,-1,satellite_id * 2 + stored_beam_id,"epoch,episode,user"
raw/v14_100.npz,kan_generic_N2000_K400_nominal_t0p05,kan_generic,5,training_seed_mean,2000,400,200,200,kan_generic_N2000_K400_H200_nominal_t0p05,30,30,2,-1,satellite_id * 2 + stored_beam_id,"epoch,episode,user"
raw/v14_101.npz,kan_generic_N2000_K500_nominal_t0p05,kan_generic,1,training_seed_mean,2000,500,200,200,kan_generic_N2000_K500_H200_nominal_t0p05,30,30,2,-1,satellite_id * 2 + stored_beam_id,"epoch,episode,user"
raw/v14_102.npz,kan_generic_N2000_K500_nominal_t0p05,kan_generic,2,training_seed_mean,2000,500,200,200,kan_generic_N2000_K500_H200_nominal_t0p05,30,30,2,-1,satellite_id * 2 + stored_beam_id,"epoch,episode,user"
raw/v14_103.npz,kan_generic_N2000_K500_nominal_t0p05,kan_generic,3,training_seed_mean,2000,500,200,200,kan_generic_N2000_K500_H200_nominal_t0p05,30,30,2,-1,satellite_id * 2 + stored_beam_id,"epoch,episode,user"
raw/v14_104.npz,kan_generic_N2000_K500_nominal_t0p05,kan_generic,4,training_seed_mean,2000,500,200,200,kan_generic_N2000_K500_H200_nominal_t0p05,30,30,2,-1,satellite_id * 2 + stored_beam_id,"epoch,episode,user"
raw/v14_105.npz,kan_generic_N2000_K500_nominal_t0p05,kan_generic,5,training_seed_mean,2000,500,200,200,kan_generic_N2000_K500_H200_nominal_t0p05,30,30,2,-1,satellite_id * 2 + stored_beam_id,"epoch,episode,user"
raw/v14_106.npz,greedy_analytic_N2000_K100_nominal_t0p05,greedy_analytic,,episode,2000,100,800,50;200;800,greedy_analytic_N2000_K100_H50_nominal_t0p05;greedy_analytic_N2000_K100_H200_nominal_t0p05;greedy_analytic_N2000_K100_H800_nominal_t0p05,30,90,2,-1,satellite_id * 2 + stored_beam_id,"epoch,episode,user"
raw/v14_107.npz,greedy_analytic_N2000_K200_nominal_t0p05,greedy_analytic,,episode,2000,200,200,200,greedy_analytic_N2000_K200_H200_nominal_t0p05,30,30,2,-1,satellite_id * 2 + stored_beam_id,"epoch,episode,user"
raw/v14_108.npz,greedy_analytic_N2000_K300_nominal_t0p05,greedy_analytic,,episode,2000,300,200,200,greedy_analytic_N2000_K300_H200_nominal_t0p05,30,30,2,-1,satellite_id * 2 + stored_beam_id,"epoch,episode,user"
raw/v14_109.npz,greedy_analytic_N2000_K400_nominal_t0p05,greedy_analytic,,episode,2000,400,200,200,greedy_analytic_N2000_K400_H200_nominal_t0p05,30,30,2,-1,satellite_id * 2 + stored_beam_id,"epoch,episode,user"
raw/v14_110.npz,greedy_analytic_N2000_K500_nominal_t0p05,greedy_analytic,,episode,2000,500,200,200,greedy_analytic_N2000_K500_H200_nominal_t0p05,30,30,2,-1,satellite_id * 2 + stored_beam_id,"epoch,episode,user"
raw/v14_111.npz,maxsinr_ttt_N2000_K100_nominal_tnative,maxsinr_ttt,,episode,2000,100,800,50;200;800,maxsinr_ttt_N2000_K100_H50_nominal_tnative;maxsinr_ttt_N2000_K100_H200_nominal_tnative;maxsinr_ttt_N2000_K100_H800_nominal_tnative,30,90,2,-1,satellite_id * 2 + stored_beam_id,"epoch,episode,user"
raw/v14_112.npz,maxsinr_ttt_N2000_K200_nominal_tnative,maxsinr_ttt,,episode,2000,200,200,200,maxsinr_ttt_N2000_K200_H200_nominal_tnative,30,30,2,-1,satellite_id * 2 + stored_beam_id,"epoch,episode,user"
raw/v14_113.npz,maxsinr_ttt_N2000_K300_nominal_tnative,maxsinr_ttt,,episode,2000,300,200,200,maxsinr_ttt_N2000_K300_H200_nominal_tnative,30,30,2,-1,satellite_id * 2 + stored_beam_id,"epoch,episode,user"
raw/v14_114.npz,maxsinr_ttt_N2000_K400_nominal_tnative,maxsinr_ttt,,episode,2000,400,200,200,maxsinr_ttt_N2000_K400_H200_nominal_tnative,30,30,2,-1,satellite_id * 2 + stored_beam_id,"epoch,episode,user"
raw/v14_115.npz,maxsinr_ttt_N2000_K500_nominal_tnative,maxsinr_ttt,,episode,2000,500,200,200,maxsinr_ttt_N2000_K500_H200_nominal_tnative,30,30,2,-1,satellite_id * 2 + stored_beam_id,"epoch,episode,user"
raw/v14_116.npz,maxrst_N2000_K100_nominal_tnative,maxrst,,episode,2000,100,800,50;200;800,maxrst_N2000_K100_H50_nominal_tnative;maxrst_N2000_K100_H200_nominal_tnative;maxrst_N2000_K100_H800_nominal_tnative,30,90,2,-1,satellite_id * 2 + stored_beam_id,"epoch,episode,user"
raw/v14_117.npz,maxrst_N2000_K200_nominal_tnative,maxrst,,episode,2000,200,200,200,maxrst_N2000_K200_H200_nominal_tnative,30,30,2,-1,satellite_id * 2 + stored_beam_id,"epoch,episode,user"
raw/v14_118.npz,maxrst_N2000_K300_nominal_tnative,maxrst,,episode,2000,300,200,200,maxrst_N2000_K300_H200_nominal_tnative,30,30,2,-1,satellite_id * 2 + stored_beam_id,"epoch,episode,user"
raw/v14_119.npz,maxrst_N2000_K400_nominal_tnative,maxrst,,episode,2000,400,200,200,maxrst_N2000_K400_H200_nominal_tnative,30,30,2,-1,satellite_id * 2 + stored_beam_id,"epoch,episode,user"
raw/v14_120.npz,maxrst_N2000_K500_nominal_tnative,maxrst,,episode,2000,500,200,200,maxrst_N2000_K500_H200_nominal_tnative,30,30,2,-1,satellite_id * 2 + stored_beam_id,"epoch,episode,user"
raw/v14_121.npz,cox_only_N2000_K100_nominal_t0p05,cox_only,,episode,2000,100,800,50;200;800,cox_only_N2000_K100_H50_nominal_t0p05;cox_only_N2000_K100_H200_nominal_t0p05;cox_only_N2000_K100_H800_nominal_t0p05,30,90,2,-1,satellite_id * 2 + stored_beam_id,"epoch,episode,user"
raw/v14_122.npz,cox_only_N2000_K200_nominal_t0p05,cox_only,,episode,2000,200,200,200,cox_only_N2000_K200_H200_nominal_t0p05,30,30,2,-1,satellite_id * 2 + stored_beam_id,"epoch,episode,user"
raw/v14_123.npz,cox_only_N2000_K300_nominal_t0p05,cox_only,,episode,2000,300,200,200,cox_only_N2000_K300_H200_nominal_t0p05,30,30,2,-1,satellite_id * 2 + stored_beam_id,"epoch,episode,user"
raw/v14_124.npz,cox_only_N2000_K400_nominal_t0p05,cox_only,,episode,2000,400,200,200,cox_only_N2000_K400_H200_nominal_t0p05,30,30,2,-1,satellite_id * 2 + stored_beam_id,"epoch,episode,user"
raw/v14_125.npz,cox_only_N2000_K500_nominal_t0p05,cox_only,,episode,2000,500,200,200,cox_only_N2000_K500_H200_nominal_t0p05,30,30,2,-1,satellite_id * 2 + stored_beam_id,"epoch,episode,user"
raw/v14_126.npz,leo_madrl_N2000_K100_nominal_tnative,leo_madrl,1,training_seed_mean,2000,100,800,50;200;800,leo_madrl_N2000_K100_H50_nominal_tnative;leo_madrl_N2000_K100_H200_nominal_tnative;leo_madrl_N2000_K100_H800_nominal_tnative,30,90,2,-1,satellite_id * 2 + stored_beam_id,"epoch,episode,user"
raw/v14_127.npz,leo_madrl_N2000_K100_nominal_tnative,leo_madrl,2,training_seed_mean,2000,100,800,50;200;800,leo_madrl_N2000_K100_H50_nominal_tnative;leo_madrl_N2000_K100_H200_nominal_tnative;leo_madrl_N2000_K100_H800_nominal_tnative,30,90,2,-1,satellite_id * 2 + stored_beam_id,"epoch,episode,user"
raw/v14_128.npz,leo_madrl_N2000_K100_nominal_tnative,leo_madrl,3,training_seed_mean,2000,100,800,50;200;800,leo_madrl_N2000_K100_H50_nominal_tnative;leo_madrl_N2000_K100_H200_nominal_tnative;leo_madrl_N2000_K100_H800_nominal_tnative,30,90,2,-1,satellite_id * 2 + stored_beam_id,"epoch,episode,user"
raw/v14_129.npz,leo_madrl_N2000_K100_nominal_tnative,leo_madrl,4,training_seed_mean,2000,100,800,50;200;800,leo_madrl_N2000_K100_H50_nominal_tnative;leo_madrl_N2000_K100_H200_nominal_tnative;leo_madrl_N2000_K100_H800_nominal_tnative,30,90,2,-1,satellite_id * 2 + stored_beam_id,"epoch,episode,user"
raw/v14_130.npz,leo_madrl_N2000_K100_nominal_tnative,leo_madrl,5,training_seed_mean,2000,100,800,50;200;800,leo_madrl_N2000_K100_H50_nominal_tnative;leo_madrl_N2000_K100_H200_nominal_tnative;leo_madrl_N2000_K100_H800_nominal_tnative,30,90,2,-1,satellite_id * 2 + stored_beam_id,"epoch,episode,user"
raw/v14_131.npz,leo_madrl_N2000_K200_nominal_tnative,leo_madrl,1,training_seed_mean,2000,200,200,200,leo_madrl_N2000_K200_H200_nominal_tnative,30,30,2,-1,satellite_id * 2 + stored_beam_id,"epoch,episode,user"
raw/v14_132.npz,leo_madrl_N2000_K200_nominal_tnative,leo_madrl,2,training_seed_mean,2000,200,200,200,leo_madrl_N2000_K200_H200_nominal_tnative,30,30,2,-1,satellite_id * 2 + stored_beam_id,"epoch,episode,user"
raw/v14_133.npz,leo_madrl_N2000_K200_nominal_tnative,leo_madrl,3,training_seed_mean,2000,200,200,200,leo_madrl_N2000_K200_H200_nominal_tnative,30,30,2,-1,satellite_id * 2 + stored_beam_id,"epoch,episode,user"
raw/v14_134.npz,leo_madrl_N2000_K200_nominal_tnative,leo_madrl,4,training_seed_mean,2000,200,200,200,leo_madrl_N2000_K200_H200_nominal_tnative,30,30,2,-1,satellite_id * 2 + stored_beam_id,"epoch,episode,user"
raw/v14_135.npz,leo_madrl_N2000_K200_nominal_tnative,leo_madrl,5,training_seed_mean,2000,200,200,200,leo_madrl_N2000_K200_H200_nominal_tnative,30,30,2,-1,satellite_id * 2 + stored_beam_id,"epoch,episode,user"
raw/v14_136.npz,leo_madrl_N2000_K300_nominal_tnative,leo_madrl,1,training_seed_mean,2000,300,200,200,leo_madrl_N2000_K300_H200_nominal_tnative,30,30,2,-1,satellite_id * 2 + stored_beam_id,"epoch,episode,user"
raw/v14_137.npz,leo_madrl_N2000_K300_nominal_tnative,leo_madrl,2,training_seed_mean,2000,300,200,200,leo_madrl_N2000_K300_H200_nominal_tnative,30,30,2,-1,satellite_id * 2 + stored_beam_id,"epoch,episode,user"
raw/v14_138.npz,leo_madrl_N2000_K300_nominal_tnative,leo_madrl,3,training_seed_mean,2000,300,200,200,leo_madrl_N2000_K300_H200_nominal_tnative,30,30,2,-1,satellite_id * 2 + stored_beam_id,"epoch,episode,user"
raw/v14_139.npz,leo_madrl_N2000_K300_nominal_tnative,leo_madrl,4,training_seed_mean,2000,300,200,200,leo_madrl_N2000_K300_H200_nominal_tnative,30,30,2,-1,satellite_id * 2 + stored_beam_id,"epoch,episode,user"
raw/v14_140.npz,leo_madrl_N2000_K300_nominal_tnative,leo_madrl,5,training_seed_mean,2000,300,200,200,leo_madrl_N2000_K300_H200_nominal_tnative,30,30,2,-1,satellite_id * 2 + stored_beam_id,"epoch,episode,user"
raw/v14_141.npz,leo_madrl_N2000_K400_nominal_tnative,leo_madrl,1,training_seed_mean,2000,400,200,200,leo_madrl_N2000_K400_H200_nominal_tnative,30,30,2,-1,satellite_id * 2 + stored_beam_id,"epoch,episode,user"
raw/v14_142.npz,leo_madrl_N2000_K400_nominal_tnative,leo_madrl,2,training_seed_mean,2000,400,200,200,leo_madrl_N2000_K400_H200_nominal_tnative,30,30,2,-1,satellite_id * 2 + stored_beam_id,"epoch,episode,user"
raw/v14_143.npz,leo_madrl_N2000_K400_nominal_tnative,leo_madrl,3,training_seed_mean,2000,400,200,200,leo_madrl_N2000_K400_H200_nominal_tnative,30,30,2,-1,satellite_id * 2 + stored_beam_id,"epoch,episode,user"
raw/v14_144.npz,leo_madrl_N2000_K400_nominal_tnative,leo_madrl,4,training_seed_mean,2000,400,200,200,leo_madrl_N2000_K400_H200_nominal_tnative,30,30,2,-1,satellite_id * 2 + stored_beam_id,"epoch,episode,user"
raw/v14_145.npz,leo_madrl_N2000_K400_nominal_tnative,leo_madrl,5,training_seed_mean,2000,400,200,200,leo_madrl_N2000_K400_H200_nominal_tnative,30,30,2,-1,satellite_id * 2 + stored_beam_id,"epoch,episode,user"
raw/v14_146.npz,leo_madrl_N2000_K500_nominal_tnative,leo_madrl,1,training_seed_mean,2000,500,200,200,leo_madrl_N2000_K500_H200_nominal_tnative,30,30,2,-1,satellite_id * 2 + stored_beam_id,"epoch,episode,user"
raw/v14_147.npz,leo_madrl_N2000_K500_nominal_tnative,leo_madrl,2,training_seed_mean,2000,500,200,200,leo_madrl_N2000_K500_H200_nominal_tnative,30,30,2,-1,satellite_id * 2 + stored_beam_id,"epoch,episode,user"
raw/v14_148.npz,leo_madrl_N2000_K500_nominal_tnative,leo_madrl,3,training_seed_mean,2000,500,200,200,leo_madrl_N2000_K500_H200_nominal_tnative,30,30,2,-1,satellite_id * 2 + stored_beam_id,"epoch,episode,user"
raw/v14_149.npz,leo_madrl_N2000_K500_nominal_tnative,leo_madrl,4,training_seed_mean,2000,500,200,200,leo_madrl_N2000_K500_H200_nominal_tnative,30,30,2,-1,satellite_id * 2 + stored_beam_id,"epoch,episode,user"
raw/v14_150.npz,leo_madrl_N2000_K500_nominal_tnative,leo_madrl,5,training_seed_mean,2000,500,200,200,leo_madrl_N2000_K500_H200_nominal_tnative,30,30,2,-1,satellite_id * 2 + stored_beam_id,"epoch,episode,user"
raw/v14_151.npz,greedy_analytic_N500_K100_nominal_t0p05,greedy_analytic,,episode,500,100,200,200,greedy_analytic_N500_K100_H200_nominal_t0p05,30,30,2,-1,satellite_id * 2 + stored_beam_id,"epoch,episode,user"
raw/v14_152.npz,greedy_analytic_N1000_K100_nominal_t0p05,greedy_analytic,,episode,1000,100,200,200,greedy_analytic_N1000_K100_H200_nominal_t0p05,30,30,2,-1,satellite_id * 2 + stored_beam_id,"epoch,episode,user"
raw/v14_153.npz,cox_only_N500_K100_nominal_t0p05,cox_only,,episode,500,100,200,200,cox_only_N500_K100_H200_nominal_t0p05,30,30,2,-1,satellite_id * 2 + stored_beam_id,"epoch,episode,user"
raw/v14_154.npz,cox_only_N1000_K100_nominal_t0p05,cox_only,,episode,1000,100,200,200,cox_only_N1000_K100_H200_nominal_t0p05,30,30,2,-1,satellite_id * 2 + stored_beam_id,"epoch,episode,user"
raw/v14_155.npz,no_triplet_N500_K100_nominal_t0p05,no_triplet,1,training_seed_mean,500,100,200,200,no_triplet_N500_K100_H200_nominal_t0p05,30,30,2,-1,satellite_id * 2 + stored_beam_id,"epoch,episode,user"
raw/v14_156.npz,no_triplet_N500_K100_nominal_t0p05,no_triplet,2,training_seed_mean,500,100,200,200,no_triplet_N500_K100_H200_nominal_t0p05,30,30,2,-1,satellite_id * 2 + stored_beam_id,"epoch,episode,user"
raw/v14_157.npz,no_triplet_N500_K100_nominal_t0p05,no_triplet,3,training_seed_mean,500,100,200,200,no_triplet_N500_K100_H200_nominal_t0p05,30,30,2,-1,satellite_id * 2 + stored_beam_id,"epoch,episode,user"
raw/v14_158.npz,no_triplet_N500_K100_nominal_t0p05,no_triplet,4,training_seed_mean,500,100,200,200,no_triplet_N500_K100_H200_nominal_t0p05,30,30,2,-1,satellite_id * 2 + stored_beam_id,"epoch,episode,user"
raw/v14_159.npz,no_triplet_N500_K100_nominal_t0p05,no_triplet,5,training_seed_mean,500,100,200,200,no_triplet_N500_K100_H200_nominal_t0p05,30,30,2,-1,satellite_id * 2 + stored_beam_id,"epoch,episode,user"
raw/v14_160.npz,no_triplet_N1000_K100_nominal_t0p05,no_triplet,1,training_seed_mean,1000,100,200,200,no_triplet_N1000_K100_H200_nominal_t0p05,30,30,2,-1,satellite_id * 2 + stored_beam_id,"epoch,episode,user"
raw/v14_161.npz,no_triplet_N1000_K100_nominal_t0p05,no_triplet,2,training_seed_mean,1000,100,200,200,no_triplet_N1000_K100_H200_nominal_t0p05,30,30,2,-1,satellite_id * 2 + stored_beam_id,"epoch,episode,user"
raw/v14_162.npz,no_triplet_N1000_K100_nominal_t0p05,no_triplet,3,training_seed_mean,1000,100,200,200,no_triplet_N1000_K100_H200_nominal_t0p05,30,30,2,-1,satellite_id * 2 + stored_beam_id,"epoch,episode,user"
raw/v14_163.npz,no_triplet_N1000_K100_nominal_t0p05,no_triplet,4,training_seed_mean,1000,100,200,200,no_triplet_N1000_K100_H200_nominal_t0p05,30,30,2,-1,satellite_id * 2 + stored_beam_id,"epoch,episode,user"
raw/v14_164.npz,no_triplet_N1000_K100_nominal_t0p05,no_triplet,5,training_seed_mean,1000,100,200,200,no_triplet_N1000_K100_H200_nominal_t0p05,30,30,2,-1,satellite_id * 2 + stored_beam_id,"epoch,episode,user"
raw/v14_165.npz,no_triplet_N2000_K100_nominal_t0p05,no_triplet,1,training_seed_mean,2000,100,200,200,no_triplet_N2000_K100_H200_nominal_t0p05,30,30,2,-1,satellite_id * 2 + stored_beam_id,"epoch,episode,user"
raw/v14_166.npz,no_triplet_N2000_K100_nominal_t0p05,no_triplet,2,training_seed_mean,2000,100,200,200,no_triplet_N2000_K100_H200_nominal_t0p05,30,30,2,-1,satellite_id * 2 + stored_beam_id,"epoch,episode,user"
raw/v14_167.npz,no_triplet_N2000_K100_nominal_t0p05,no_triplet,3,training_seed_mean,2000,100,200,200,no_triplet_N2000_K100_H200_nominal_t0p05,30,30,2,-1,satellite_id * 2 + stored_beam_id,"epoch,episode,user"
raw/v14_168.npz,no_triplet_N2000_K100_nominal_t0p05,no_triplet,4,training_seed_mean,2000,100,200,200,no_triplet_N2000_K100_H200_nominal_t0p05,30,30,2,-1,satellite_id * 2 + stored_beam_id,"epoch,episode,user"
raw/v14_169.npz,no_triplet_N2000_K100_nominal_t0p05,no_triplet,5,training_seed_mean,2000,100,200,200,no_triplet_N2000_K100_H200_nominal_t0p05,30,30,2,-1,satellite_id * 2 + stored_beam_id,"epoch,episode,user"
raw/v14_170.npz,mlp_coeff_N500_K100_nominal_t0p05,mlp_coeff,1,training_seed_mean,500,100,200,200,mlp_coeff_N500_K100_H200_nominal_t0p05,30,30,2,-1,satellite_id * 2 + stored_beam_id,"epoch,episode,user"
raw/v14_171.npz,mlp_coeff_N500_K100_nominal_t0p05,mlp_coeff,2,training_seed_mean,500,100,200,200,mlp_coeff_N500_K100_H200_nominal_t0p05,30,30,2,-1,satellite_id * 2 + stored_beam_id,"epoch,episode,user"
raw/v14_172.npz,mlp_coeff_N500_K100_nominal_t0p05,mlp_coeff,3,training_seed_mean,500,100,200,200,mlp_coeff_N500_K100_H200_nominal_t0p05,30,30,2,-1,satellite_id * 2 + stored_beam_id,"epoch,episode,user"
raw/v14_173.npz,mlp_coeff_N500_K100_nominal_t0p05,mlp_coeff,4,training_seed_mean,500,100,200,200,mlp_coeff_N500_K100_H200_nominal_t0p05,30,30,2,-1,satellite_id * 2 + stored_beam_id,"epoch,episode,user"
raw/v14_174.npz,mlp_coeff_N500_K100_nominal_t0p05,mlp_coeff,5,training_seed_mean,500,100,200,200,mlp_coeff_N500_K100_H200_nominal_t0p05,30,30,2,-1,satellite_id * 2 + stored_beam_id,"epoch,episode,user"
raw/v14_175.npz,mlp_coeff_N1000_K100_nominal_t0p05,mlp_coeff,1,training_seed_mean,1000,100,200,200,mlp_coeff_N1000_K100_H200_nominal_t0p05,30,30,2,-1,satellite_id * 2 + stored_beam_id,"epoch,episode,user"
raw/v14_176.npz,mlp_coeff_N1000_K100_nominal_t0p05,mlp_coeff,2,training_seed_mean,1000,100,200,200,mlp_coeff_N1000_K100_H200_nominal_t0p05,30,30,2,-1,satellite_id * 2 + stored_beam_id,"epoch,episode,user"
raw/v14_177.npz,mlp_coeff_N1000_K100_nominal_t0p05,mlp_coeff,3,training_seed_mean,1000,100,200,200,mlp_coeff_N1000_K100_H200_nominal_t0p05,30,30,2,-1,satellite_id * 2 + stored_beam_id,"epoch,episode,user"
raw/v14_178.npz,mlp_coeff_N1000_K100_nominal_t0p05,mlp_coeff,4,training_seed_mean,1000,100,200,200,mlp_coeff_N1000_K100_H200_nominal_t0p05,30,30,2,-1,satellite_id * 2 + stored_beam_id,"epoch,episode,user"
raw/v14_179.npz,mlp_coeff_N1000_K100_nominal_t0p05,mlp_coeff,5,training_seed_mean,1000,100,200,200,mlp_coeff_N1000_K100_H200_nominal_t0p05,30,30,2,-1,satellite_id * 2 + stored_beam_id,"epoch,episode,user"
raw/v14_180.npz,mlp_coeff_N2000_K100_nominal_t0p05,mlp_coeff,1,training_seed_mean,2000,100,200,200,mlp_coeff_N2000_K100_H200_nominal_t0p05,30,30,2,-1,satellite_id * 2 + stored_beam_id,"epoch,episode,user"
raw/v14_181.npz,mlp_coeff_N2000_K100_nominal_t0p05,mlp_coeff,2,training_seed_mean,2000,100,200,200,mlp_coeff_N2000_K100_H200_nominal_t0p05,30,30,2,-1,satellite_id * 2 + stored_beam_id,"epoch,episode,user"
raw/v14_182.npz,mlp_coeff_N2000_K100_nominal_t0p05,mlp_coeff,3,training_seed_mean,2000,100,200,200,mlp_coeff_N2000_K100_H200_nominal_t0p05,30,30,2,-1,satellite_id * 2 + stored_beam_id,"epoch,episode,user"
raw/v14_183.npz,mlp_coeff_N2000_K100_nominal_t0p05,mlp_coeff,4,training_seed_mean,2000,100,200,200,mlp_coeff_N2000_K100_H200_nominal_t0p05,30,30,2,-1,satellite_id * 2 + stored_beam_id,"epoch,episode,user"
raw/v14_184.npz,mlp_coeff_N2000_K100_nominal_t0p05,mlp_coeff,5,training_seed_mean,2000,100,200,200,mlp_coeff_N2000_K100_H200_nominal_t0p05,30,30,2,-1,satellite_id * 2 + stored_beam_id,"epoch,episode,user"
raw/v14_185.npz,no_cox_rst_N2000_K100_nominal_t0p05,no_cox_rst,1,training_seed_mean,2000,100,200,200,no_cox_rst_N2000_K100_H200_nominal_t0p05,30,30,2,-1,satellite_id * 2 + stored_beam_id,"epoch,episode,user"
raw/v14_186.npz,no_cox_rst_N2000_K100_nominal_t0p05,no_cox_rst,2,training_seed_mean,2000,100,200,200,no_cox_rst_N2000_K100_H200_nominal_t0p05,30,30,2,-1,satellite_id * 2 + stored_beam_id,"epoch,episode,user"
raw/v14_187.npz,no_cox_rst_N2000_K100_nominal_t0p05,no_cox_rst,3,training_seed_mean,2000,100,200,200,no_cox_rst_N2000_K100_H200_nominal_t0p05,30,30,2,-1,satellite_id * 2 + stored_beam_id,"epoch,episode,user"
raw/v14_188.npz,no_cox_rst_N2000_K100_nominal_t0p05,no_cox_rst,4,training_seed_mean,2000,100,200,200,no_cox_rst_N2000_K100_H200_nominal_t0p05,30,30,2,-1,satellite_id * 2 + stored_beam_id,"epoch,episode,user"
raw/v14_189.npz,no_cox_rst_N2000_K100_nominal_t0p05,no_cox_rst,5,training_seed_mean,2000,100,200,200,no_cox_rst_N2000_K100_H200_nominal_t0p05,30,30,2,-1,satellite_id * 2 + stored_beam_id,"epoch,episode,user"
raw/v14_190.npz,no_cox_rst_N500_K100_nominal_t0p05,no_cox_rst,1,training_seed_mean,500,100,200,200,no_cox_rst_N500_K100_H200_nominal_t0p05,30,30,2,-1,satellite_id * 2 + stored_beam_id,"epoch,episode,user"
raw/v14_191.npz,no_cox_rst_N500_K100_nominal_t0p05,no_cox_rst,2,training_seed_mean,500,100,200,200,no_cox_rst_N500_K100_H200_nominal_t0p05,30,30,2,-1,satellite_id * 2 + stored_beam_id,"epoch,episode,user"
raw/v14_192.npz,no_cox_rst_N500_K100_nominal_t0p05,no_cox_rst,3,training_seed_mean,500,100,200,200,no_cox_rst_N500_K100_H200_nominal_t0p05,30,30,2,-1,satellite_id * 2 + stored_beam_id,"epoch,episode,user"
raw/v14_193.npz,no_cox_rst_N500_K100_nominal_t0p05,no_cox_rst,4,training_seed_mean,500,100,200,200,no_cox_rst_N500_K100_H200_nominal_t0p05,30,30,2,-1,satellite_id * 2 + stored_beam_id,"epoch,episode,user"
raw/v14_194.npz,no_cox_rst_N500_K100_nominal_t0p05,no_cox_rst,5,training_seed_mean,500,100,200,200,no_cox_rst_N500_K100_H200_nominal_t0p05,30,30,2,-1,satellite_id * 2 + stored_beam_id,"epoch,episode,user"
raw/v14_195.npz,no_cox_rst_N1000_K100_nominal_t0p05,no_cox_rst,1,training_seed_mean,1000,100,200,200,no_cox_rst_N1000_K100_H200_nominal_t0p05,30,30,2,-1,satellite_id * 2 + stored_beam_id,"epoch,episode,user"
raw/v14_196.npz,no_cox_rst_N1000_K100_nominal_t0p05,no_cox_rst,2,training_seed_mean,1000,100,200,200,no_cox_rst_N1000_K100_H200_nominal_t0p05,30,30,2,-1,satellite_id * 2 + stored_beam_id,"epoch,episode,user"
raw/v14_197.npz,no_cox_rst_N1000_K100_nominal_t0p05,no_cox_rst,3,training_seed_mean,1000,100,200,200,no_cox_rst_N1000_K100_H200_nominal_t0p05,30,30,2,-1,satellite_id * 2 + stored_beam_id,"epoch,episode,user"
raw/v14_198.npz,no_cox_rst_N1000_K100_nominal_t0p05,no_cox_rst,4,training_seed_mean,1000,100,200,200,no_cox_rst_N1000_K100_H200_nominal_t0p05,30,30,2,-1,satellite_id * 2 + stored_beam_id,"epoch,episode,user"
raw/v14_199.npz,no_cox_rst_N1000_K100_nominal_t0p05,no_cox_rst,5,training_seed_mean,1000,100,200,200,no_cox_rst_N1000_K100_H200_nominal_t0p05,30,30,2,-1,satellite_id * 2 + stored_beam_id,"epoch,episode,user"
raw/v14_200.npz,eph_physick_N2000_K100_nominal_t0p05,eph_physick,1,training_seed_mean,2000,100,200,200,eph_physick_N2000_K100_H200_nominal_t0p05,30,30,2,-1,satellite_id * 2 + stored_beam_id,"epoch,episode,user"
raw/v14_201.npz,eph_physick_N2000_K100_nominal_t0p05,eph_physick,2,training_seed_mean,2000,100,200,200,eph_physick_N2000_K100_H200_nominal_t0p05,30,30,2,-1,satellite_id * 2 + stored_beam_id,"epoch,episode,user"
raw/v14_202.npz,eph_physick_N2000_K100_nominal_t0p05,eph_physick,3,training_seed_mean,2000,100,200,200,eph_physick_N2000_K100_H200_nominal_t0p05,30,30,2,-1,satellite_id * 2 + stored_beam_id,"epoch,episode,user"
raw/v14_203.npz,eph_physick_N2000_K100_nominal_t0p05,eph_physick,4,training_seed_mean,2000,100,200,200,eph_physick_N2000_K100_H200_nominal_t0p05,30,30,2,-1,satellite_id * 2 + stored_beam_id,"epoch,episode,user"
raw/v14_204.npz,eph_physick_N2000_K100_nominal_t0p05,eph_physick,5,training_seed_mean,2000,100,200,200,eph_physick_N2000_K100_H200_nominal_t0p05,30,30,2,-1,satellite_id * 2 + stored_beam_id,"epoch,episode,user"
raw/v14_205.npz,eph_physick_N500_K100_nominal_t0p05,eph_physick,1,training_seed_mean,500,100,200,200,eph_physick_N500_K100_H200_nominal_t0p05,30,30,2,-1,satellite_id * 2 + stored_beam_id,"epoch,episode,user"
raw/v14_206.npz,eph_physick_N500_K100_nominal_t0p05,eph_physick,2,training_seed_mean,500,100,200,200,eph_physick_N500_K100_H200_nominal_t0p05,30,30,2,-1,satellite_id * 2 + stored_beam_id,"epoch,episode,user"
raw/v14_207.npz,eph_physick_N500_K100_nominal_t0p05,eph_physick,3,training_seed_mean,500,100,200,200,eph_physick_N500_K100_H200_nominal_t0p05,30,30,2,-1,satellite_id * 2 + stored_beam_id,"epoch,episode,user"
raw/v14_208.npz,eph_physick_N500_K100_nominal_t0p05,eph_physick,4,training_seed_mean,500,100,200,200,eph_physick_N500_K100_H200_nominal_t0p05,30,30,2,-1,satellite_id * 2 + stored_beam_id,"epoch,episode,user"
raw/v14_209.npz,eph_physick_N500_K100_nominal_t0p05,eph_physick,5,training_seed_mean,500,100,200,200,eph_physick_N500_K100_H200_nominal_t0p05,30,30,2,-1,satellite_id * 2 + stored_beam_id,"epoch,episode,user"
raw/v14_210.npz,eph_physick_N1000_K100_nominal_t0p05,eph_physick,1,training_seed_mean,1000,100,200,200,eph_physick_N1000_K100_H200_nominal_t0p05,30,30,2,-1,satellite_id * 2 + stored_beam_id,"epoch,episode,user"
raw/v14_211.npz,eph_physick_N1000_K100_nominal_t0p05,eph_physick,2,training_seed_mean,1000,100,200,200,eph_physick_N1000_K100_H200_nominal_t0p05,30,30,2,-1,satellite_id * 2 + stored_beam_id,"epoch,episode,user"
raw/v14_212.npz,eph_physick_N1000_K100_nominal_t0p05,eph_physick,3,training_seed_mean,1000,100,200,200,eph_physick_N1000_K100_H200_nominal_t0p05,30,30,2,-1,satellite_id * 2 + stored_beam_id,"epoch,episode,user"
raw/v14_213.npz,eph_physick_N1000_K100_nominal_t0p05,eph_physick,4,training_seed_mean,1000,100,200,200,eph_physick_N1000_K100_H200_nominal_t0p05,30,30,2,-1,satellite_id * 2 + stored_beam_id,"epoch,episode,user"
raw/v14_214.npz,eph_physick_N1000_K100_nominal_t0p05,eph_physick,5,training_seed_mean,1000,100,200,200,eph_physick_N1000_K100_H200_nominal_t0p05,30,30,2,-1,satellite_id * 2 + stored_beam_id,"epoch,episode,user"
raw/v14_215.npz,full_N2000_K100_nominal_t0p1,full,1,training_seed_mean,2000,100,200,200,full_N2000_K100_H200_nominal_t0p1,30,30,2,-1,satellite_id * 2 + stored_beam_id,"epoch,episode,user"
raw/v14_216.npz,full_N2000_K100_nominal_t0p1,full,2,training_seed_mean,2000,100,200,200,full_N2000_K100_H200_nominal_t0p1,30,30,2,-1,satellite_id * 2 + stored_beam_id,"epoch,episode,user"
raw/v14_217.npz,full_N2000_K100_nominal_t0p1,full,3,training_seed_mean,2000,100,200,200,full_N2000_K100_H200_nominal_t0p1,30,30,2,-1,satellite_id * 2 + stored_beam_id,"epoch,episode,user"
raw/v14_218.npz,full_N2000_K100_nominal_t0p1,full,4,training_seed_mean,2000,100,200,200,full_N2000_K100_H200_nominal_t0p1,30,30,2,-1,satellite_id * 2 + stored_beam_id,"epoch,episode,user"
raw/v14_219.npz,full_N2000_K100_nominal_t0p1,full,5,training_seed_mean,2000,100,200,200,full_N2000_K100_H200_nominal_t0p1,30,30,2,-1,satellite_id * 2 + stored_beam_id,"epoch,episode,user"
raw/v14_220.npz,full_N2000_K100_nominal_t0p2,full,1,training_seed_mean,2000,100,200,200,full_N2000_K100_H200_nominal_t0p2,30,30,2,-1,satellite_id * 2 + stored_beam_id,"epoch,episode,user"
raw/v14_221.npz,full_N2000_K100_nominal_t0p2,full,2,training_seed_mean,2000,100,200,200,full_N2000_K100_H200_nominal_t0p2,30,30,2,-1,satellite_id * 2 + stored_beam_id,"epoch,episode,user"
raw/v14_222.npz,full_N2000_K100_nominal_t0p2,full,3,training_seed_mean,2000,100,200,200,full_N2000_K100_H200_nominal_t0p2,30,30,2,-1,satellite_id * 2 + stored_beam_id,"epoch,episode,user"
raw/v14_223.npz,full_N2000_K100_nominal_t0p2,full,4,training_seed_mean,2000,100,200,200,full_N2000_K100_H200_nominal_t0p2,30,30,2,-1,satellite_id * 2 + stored_beam_id,"epoch,episode,user"
raw/v14_224.npz,full_N2000_K100_nominal_t0p2,full,5,training_seed_mean,2000,100,200,200,full_N2000_K100_H200_nominal_t0p2,30,30,2,-1,satellite_id * 2 + stored_beam_id,"epoch,episode,user"
raw/v14_225.npz,full_N2000_K100_nominal_t0p3,full,1,training_seed_mean,2000,100,200,200,full_N2000_K100_H200_nominal_t0p3,30,30,2,-1,satellite_id * 2 + stored_beam_id,"epoch,episode,user"
raw/v14_226.npz,full_N2000_K100_nominal_t0p3,full,2,training_seed_mean,2000,100,200,200,full_N2000_K100_H200_nominal_t0p3,30,30,2,-1,satellite_id * 2 + stored_beam_id,"epoch,episode,user"
raw/v14_227.npz,full_N2000_K100_nominal_t0p3,full,3,training_seed_mean,2000,100,200,200,full_N2000_K100_H200_nominal_t0p3,30,30,2,-1,satellite_id * 2 + stored_beam_id,"epoch,episode,user"
raw/v14_228.npz,full_N2000_K100_nominal_t0p3,full,4,training_seed_mean,2000,100,200,200,full_N2000_K100_H200_nominal_t0p3,30,30,2,-1,satellite_id * 2 + stored_beam_id,"epoch,episode,user"
raw/v14_229.npz,full_N2000_K100_nominal_t0p3,full,5,training_seed_mean,2000,100,200,200,full_N2000_K100_H200_nominal_t0p3,30,30,2,-1,satellite_id * 2 + stored_beam_id,"epoch,episode,user"
raw/v14_230.npz,cox_only_N2000_K100_nominal_t0p1,cox_only,,episode,2000,100,200,200,cox_only_N2000_K100_H200_nominal_t0p1,30,30,2,-1,satellite_id * 2 + stored_beam_id,"epoch,episode,user"
raw/v14_231.npz,cox_only_N2000_K100_nominal_t0p2,cox_only,,episode,2000,100,200,200,cox_only_N2000_K100_H200_nominal_t0p2,30,30,2,-1,satellite_id * 2 + stored_beam_id,"epoch,episode,user"
raw/v14_232.npz,cox_only_N2000_K100_nominal_t0p3,cox_only,,episode,2000,100,200,200,cox_only_N2000_K100_H200_nominal_t0p3,30,30,2,-1,satellite_id * 2 + stored_beam_id,"epoch,episode,user"
raw/v14_233.npz,greedy_analytic_N2000_K100_nominal_t0p1,greedy_analytic,,episode,2000,100,200,200,greedy_analytic_N2000_K100_H200_nominal_t0p1,30,30,2,-1,satellite_id * 2 + stored_beam_id,"epoch,episode,user"
raw/v14_234.npz,greedy_analytic_N2000_K100_nominal_t0p2,greedy_analytic,,episode,2000,100,200,200,greedy_analytic_N2000_K100_H200_nominal_t0p2,30,30,2,-1,satellite_id * 2 + stored_beam_id,"epoch,episode,user"
raw/v14_235.npz,greedy_analytic_N2000_K100_nominal_t0p3,greedy_analytic,,episode,2000,100,200,200,greedy_analytic_N2000_K100_H200_nominal_t0p3,30,30,2,-1,satellite_id * 2 + stored_beam_id,"epoch,episode,user"
raw/v14_236.npz,full_N2000_K100_w_out_0p5_t0p05,full,1,training_seed_mean,2000,100,200,200,full_N2000_K100_H200_w_out_0p5_t0p05,30,30,2,-1,satellite_id * 2 + stored_beam_id,"epoch,episode,user"
raw/v14_237.npz,full_N2000_K100_w_out_0p5_t0p05,full,2,training_seed_mean,2000,100,200,200,full_N2000_K100_H200_w_out_0p5_t0p05,30,30,2,-1,satellite_id * 2 + stored_beam_id,"epoch,episode,user"
raw/v14_238.npz,full_N2000_K100_w_out_0p5_t0p05,full,3,training_seed_mean,2000,100,200,200,full_N2000_K100_H200_w_out_0p5_t0p05,30,30,2,-1,satellite_id * 2 + stored_beam_id,"epoch,episode,user"
raw/v14_239.npz,full_N2000_K100_w_out_0p5_t0p05,full,4,training_seed_mean,2000,100,200,200,full_N2000_K100_H200_w_out_0p5_t0p05,30,30,2,-1,satellite_id * 2 + stored_beam_id,"epoch,episode,user"
raw/v14_240.npz,full_N2000_K100_w_out_0p5_t0p05,full,5,training_seed_mean,2000,100,200,200,full_N2000_K100_H200_w_out_0p5_t0p05,30,30,2,-1,satellite_id * 2 + stored_beam_id,"epoch,episode,user"
raw/v14_241.npz,full_N2000_K100_w_out_0p75_t0p05,full,1,training_seed_mean,2000,100,200,200,full_N2000_K100_H200_w_out_0p75_t0p05,30,30,2,-1,satellite_id * 2 + stored_beam_id,"epoch,episode,user"
raw/v14_242.npz,full_N2000_K100_w_out_0p75_t0p05,full,2,training_seed_mean,2000,100,200,200,full_N2000_K100_H200_w_out_0p75_t0p05,30,30,2,-1,satellite_id * 2 + stored_beam_id,"epoch,episode,user"
raw/v14_243.npz,full_N2000_K100_w_out_0p75_t0p05,full,3,training_seed_mean,2000,100,200,200,full_N2000_K100_H200_w_out_0p75_t0p05,30,30,2,-1,satellite_id * 2 + stored_beam_id,"epoch,episode,user"
raw/v14_244.npz,full_N2000_K100_w_out_0p75_t0p05,full,4,training_seed_mean,2000,100,200,200,full_N2000_K100_H200_w_out_0p75_t0p05,30,30,2,-1,satellite_id * 2 + stored_beam_id,"epoch,episode,user"
raw/v14_245.npz,full_N2000_K100_w_out_0p75_t0p05,full,5,training_seed_mean,2000,100,200,200,full_N2000_K100_H200_w_out_0p75_t0p05,30,30,2,-1,satellite_id * 2 + stored_beam_id,"epoch,episode,user"
raw/v14_246.npz,full_N2000_K100_w_out_1p25_t0p05,full,1,training_seed_mean,2000,100,200,200,full_N2000_K100_H200_w_out_1p25_t0p05,30,30,2,-1,satellite_id * 2 + stored_beam_id,"epoch,episode,user"
raw/v14_247.npz,full_N2000_K100_w_out_1p25_t0p05,full,2,training_seed_mean,2000,100,200,200,full_N2000_K100_H200_w_out_1p25_t0p05,30,30,2,-1,satellite_id * 2 + stored_beam_id,"epoch,episode,user"
raw/v14_248.npz,full_N2000_K100_w_out_1p25_t0p05,full,3,training_seed_mean,2000,100,200,200,full_N2000_K100_H200_w_out_1p25_t0p05,30,30,2,-1,satellite_id * 2 + stored_beam_id,"epoch,episode,user"
raw/v14_249.npz,full_N2000_K100_w_out_1p25_t0p05,full,4,training_seed_mean,2000,100,200,200,full_N2000_K100_H200_w_out_1p25_t0p05,30,30,2,-1,satellite_id * 2 + stored_beam_id,"epoch,episode,user"
raw/v14_250.npz,full_N2000_K100_w_out_1p25_t0p05,full,5,training_seed_mean,2000,100,200,200,full_N2000_K100_H200_w_out_1p25_t0p05,30,30,2,-1,satellite_id * 2 + stored_beam_id,"epoch,episode,user"
raw/v14_251.npz,full_N2000_K100_w_out_1p5_t0p05,full,1,training_seed_mean,2000,100,200,200,full_N2000_K100_H200_w_out_1p5_t0p05,30,30,2,-1,satellite_id * 2 + stored_beam_id,"epoch,episode,user"
raw/v14_252.npz,full_N2000_K100_w_out_1p5_t0p05,full,2,training_seed_mean,2000,100,200,200,full_N2000_K100_H200_w_out_1p5_t0p05,30,30,2,-1,satellite_id * 2 + stored_beam_id,"epoch,episode,user"
raw/v14_253.npz,full_N2000_K100_w_out_1p5_t0p05,full,3,training_seed_mean,2000,100,200,200,full_N2000_K100_H200_w_out_1p5_t0p05,30,30,2,-1,satellite_id * 2 + stored_beam_id,"epoch,episode,user"
raw/v14_254.npz,full_N2000_K100_w_out_1p5_t0p05,full,4,training_seed_mean,2000,100,200,200,full_N2000_K100_H200_w_out_1p5_t0p05,30,30,2,-1,satellite_id * 2 + stored_beam_id,"epoch,episode,user"
raw/v14_255.npz,full_N2000_K100_w_out_1p5_t0p05,full,5,training_seed_mean,2000,100,200,200,full_N2000_K100_H200_w_out_1p5_t0p05,30,30,2,-1,satellite_id * 2 + stored_beam_id,"epoch,episode,user"
raw/v14_256.npz,full_N2000_K100_w_ho_0p5_t0p05,full,1,training_seed_mean,2000,100,200,200,full_N2000_K100_H200_w_ho_0p5_t0p05,30,30,2,-1,satellite_id * 2 + stored_beam_id,"epoch,episode,user"
raw/v14_257.npz,full_N2000_K100_w_ho_0p5_t0p05,full,2,training_seed_mean,2000,100,200,200,full_N2000_K100_H200_w_ho_0p5_t0p05,30,30,2,-1,satellite_id * 2 + stored_beam_id,"epoch,episode,user"
raw/v14_258.npz,full_N2000_K100_w_ho_0p5_t0p05,full,3,training_seed_mean,2000,100,200,200,full_N2000_K100_H200_w_ho_0p5_t0p05,30,30,2,-1,satellite_id * 2 + stored_beam_id,"epoch,episode,user"
raw/v14_259.npz,full_N2000_K100_w_ho_0p5_t0p05,full,4,training_seed_mean,2000,100,200,200,full_N2000_K100_H200_w_ho_0p5_t0p05,30,30,2,-1,satellite_id * 2 + stored_beam_id,"epoch,episode,user"
raw/v14_260.npz,full_N2000_K100_w_ho_0p5_t0p05,full,5,training_seed_mean,2000,100,200,200,full_N2000_K100_H200_w_ho_0p5_t0p05,30,30,2,-1,satellite_id * 2 + stored_beam_id,"epoch,episode,user"
raw/v14_261.npz,full_N2000_K100_w_ho_0p75_t0p05,full,1,training_seed_mean,2000,100,200,200,full_N2000_K100_H200_w_ho_0p75_t0p05,30,30,2,-1,satellite_id * 2 + stored_beam_id,"epoch,episode,user"
raw/v14_262.npz,full_N2000_K100_w_ho_0p75_t0p05,full,2,training_seed_mean,2000,100,200,200,full_N2000_K100_H200_w_ho_0p75_t0p05,30,30,2,-1,satellite_id * 2 + stored_beam_id,"epoch,episode,user"
raw/v14_263.npz,full_N2000_K100_w_ho_0p75_t0p05,full,3,training_seed_mean,2000,100,200,200,full_N2000_K100_H200_w_ho_0p75_t0p05,30,30,2,-1,satellite_id * 2 + stored_beam_id,"epoch,episode,user"
raw/v14_264.npz,full_N2000_K100_w_ho_0p75_t0p05,full,4,training_seed_mean,2000,100,200,200,full_N2000_K100_H200_w_ho_0p75_t0p05,30,30,2,-1,satellite_id * 2 + stored_beam_id,"epoch,episode,user"
raw/v14_265.npz,full_N2000_K100_w_ho_0p75_t0p05,full,5,training_seed_mean,2000,100,200,200,full_N2000_K100_H200_w_ho_0p75_t0p05,30,30,2,-1,satellite_id * 2 + stored_beam_id,"epoch,episode,user"
raw/v14_266.npz,full_N2000_K100_w_ho_1p25_t0p05,full,1,training_seed_mean,2000,100,200,200,full_N2000_K100_H200_w_ho_1p25_t0p05,30,30,2,-1,satellite_id * 2 + stored_beam_id,"epoch,episode,user"
raw/v14_267.npz,full_N2000_K100_w_ho_1p25_t0p05,full,2,training_seed_mean,2000,100,200,200,full_N2000_K100_H200_w_ho_1p25_t0p05,30,30,2,-1,satellite_id * 2 + stored_beam_id,"epoch,episode,user"
raw/v14_268.npz,full_N2000_K100_w_ho_1p25_t0p05,full,3,training_seed_mean,2000,100,200,200,full_N2000_K100_H200_w_ho_1p25_t0p05,30,30,2,-1,satellite_id * 2 + stored_beam_id,"epoch,episode,user"
raw/v14_269.npz,full_N2000_K100_w_ho_1p25_t0p05,full,4,training_seed_mean,2000,100,200,200,full_N2000_K100_H200_w_ho_1p25_t0p05,30,30,2,-1,satellite_id * 2 + stored_beam_id,"epoch,episode,user"
raw/v14_270.npz,full_N2000_K100_w_ho_1p25_t0p05,full,5,training_seed_mean,2000,100,200,200,full_N2000_K100_H200_w_ho_1p25_t0p05,30,30,2,-1,satellite_id * 2 + stored_beam_id,"epoch,episode,user"
raw/v14_271.npz,full_N2000_K100_w_ho_1p5_t0p05,full,1,training_seed_mean,2000,100,200,200,full_N2000_K100_H200_w_ho_1p5_t0p05,30,30,2,-1,satellite_id * 2 + stored_beam_id,"epoch,episode,user"
raw/v14_272.npz,full_N2000_K100_w_ho_1p5_t0p05,full,2,training_seed_mean,2000,100,200,200,full_N2000_K100_H200_w_ho_1p5_t0p05,30,30,2,-1,satellite_id * 2 + stored_beam_id,"epoch,episode,user"
raw/v14_273.npz,full_N2000_K100_w_ho_1p5_t0p05,full,3,training_seed_mean,2000,100,200,200,full_N2000_K100_H200_w_ho_1p5_t0p05,30,30,2,-1,satellite_id * 2 + stored_beam_id,"epoch,episode,user"
raw/v14_274.npz,full_N2000_K100_w_ho_1p5_t0p05,full,4,training_seed_mean,2000,100,200,200,full_N2000_K100_H200_w_ho_1p5_t0p05,30,30,2,-1,satellite_id * 2 + stored_beam_id,"epoch,episode,user"
raw/v14_275.npz,full_N2000_K100_w_ho_1p5_t0p05,full,5,training_seed_mean,2000,100,200,200,full_N2000_K100_H200_w_ho_1p5_t0p05,30,30,2,-1,satellite_id * 2 + stored_beam_id,"epoch,episode,user"
raw/v14_276.npz,full_N2000_K100_w_load_0p5_t0p05,full,1,training_seed_mean,2000,100,200,200,full_N2000_K100_H200_w_load_0p5_t0p05,30,30,2,-1,satellite_id * 2 + stored_beam_id,"epoch,episode,user"
raw/v14_277.npz,full_N2000_K100_w_load_0p5_t0p05,full,2,training_seed_mean,2000,100,200,200,full_N2000_K100_H200_w_load_0p5_t0p05,30,30,2,-1,satellite_id * 2 + stored_beam_id,"epoch,episode,user"
raw/v14_278.npz,full_N2000_K100_w_load_0p5_t0p05,full,3,training_seed_mean,2000,100,200,200,full_N2000_K100_H200_w_load_0p5_t0p05,30,30,2,-1,satellite_id * 2 + stored_beam_id,"epoch,episode,user"
raw/v14_279.npz,full_N2000_K100_w_load_0p5_t0p05,full,4,training_seed_mean,2000,100,200,200,full_N2000_K100_H200_w_load_0p5_t0p05,30,30,2,-1,satellite_id * 2 + stored_beam_id,"epoch,episode,user"
raw/v14_280.npz,full_N2000_K100_w_load_0p5_t0p05,full,5,training_seed_mean,2000,100,200,200,full_N2000_K100_H200_w_load_0p5_t0p05,30,30,2,-1,satellite_id * 2 + stored_beam_id,"epoch,episode,user"
raw/v14_281.npz,full_N2000_K100_w_load_0p75_t0p05,full,1,training_seed_mean,2000,100,200,200,full_N2000_K100_H200_w_load_0p75_t0p05,30,30,2,-1,satellite_id * 2 + stored_beam_id,"epoch,episode,user"
raw/v14_282.npz,full_N2000_K100_w_load_0p75_t0p05,full,2,training_seed_mean,2000,100,200,200,full_N2000_K100_H200_w_load_0p75_t0p05,30,30,2,-1,satellite_id * 2 + stored_beam_id,"epoch,episode,user"
raw/v14_283.npz,full_N2000_K100_w_load_0p75_t0p05,full,3,training_seed_mean,2000,100,200,200,full_N2000_K100_H200_w_load_0p75_t0p05,30,30,2,-1,satellite_id * 2 + stored_beam_id,"epoch,episode,user"
raw/v14_284.npz,full_N2000_K100_w_load_0p75_t0p05,full,4,training_seed_mean,2000,100,200,200,full_N2000_K100_H200_w_load_0p75_t0p05,30,30,2,-1,satellite_id * 2 + stored_beam_id,"epoch,episode,user"
raw/v14_285.npz,full_N2000_K100_w_load_0p75_t0p05,full,5,training_seed_mean,2000,100,200,200,full_N2000_K100_H200_w_load_0p75_t0p05,30,30,2,-1,satellite_id * 2 + stored_beam_id,"epoch,episode,user"
raw/v14_286.npz,full_N2000_K100_w_load_1p25_t0p05,full,1,training_seed_mean,2000,100,200,200,full_N2000_K100_H200_w_load_1p25_t0p05,30,30,2,-1,satellite_id * 2 + stored_beam_id,"epoch,episode,user"
raw/v14_287.npz,full_N2000_K100_w_load_1p25_t0p05,full,2,training_seed_mean,2000,100,200,200,full_N2000_K100_H200_w_load_1p25_t0p05,30,30,2,-1,satellite_id * 2 + stored_beam_id,"epoch,episode,user"
raw/v14_288.npz,full_N2000_K100_w_load_1p25_t0p05,full,3,training_seed_mean,2000,100,200,200,full_N2000_K100_H200_w_load_1p25_t0p05,30,30,2,-1,satellite_id * 2 + stored_beam_id,"epoch,episode,user"
raw/v14_289.npz,full_N2000_K100_w_load_1p25_t0p05,full,4,training_seed_mean,2000,100,200,200,full_N2000_K100_H200_w_load_1p25_t0p05,30,30,2,-1,satellite_id * 2 + stored_beam_id,"epoch,episode,user"
raw/v14_290.npz,full_N2000_K100_w_load_1p25_t0p05,full,5,training_seed_mean,2000,100,200,200,full_N2000_K100_H200_w_load_1p25_t0p05,30,30,2,-1,satellite_id * 2 + stored_beam_id,"epoch,episode,user"
raw/v14_291.npz,full_N2000_K100_w_load_1p5_t0p05,full,1,training_seed_mean,2000,100,200,200,full_N2000_K100_H200_w_load_1p5_t0p05,30,30,2,-1,satellite_id * 2 + stored_beam_id,"epoch,episode,user"
raw/v14_292.npz,full_N2000_K100_w_load_1p5_t0p05,full,2,training_seed_mean,2000,100,200,200,full_N2000_K100_H200_w_load_1p5_t0p05,30,30,2,-1,satellite_id * 2 + stored_beam_id,"epoch,episode,user"
raw/v14_293.npz,full_N2000_K100_w_load_1p5_t0p05,full,3,training_seed_mean,2000,100,200,200,full_N2000_K100_H200_w_load_1p5_t0p05,30,30,2,-1,satellite_id * 2 + stored_beam_id,"epoch,episode,user"
raw/v14_294.npz,full_N2000_K100_w_load_1p5_t0p05,full,4,training_seed_mean,2000,100,200,200,full_N2000_K100_H200_w_load_1p5_t0p05,30,30,2,-1,satellite_id * 2 + stored_beam_id,"epoch,episode,user"
raw/v14_295.npz,full_N2000_K100_w_load_1p5_t0p05,full,5,training_seed_mean,2000,100,200,200,full_N2000_K100_H200_w_load_1p5_t0p05,30,30,2,-1,satellite_id * 2 + stored_beam_id,"epoch,episode,user"
raw/v14_296.npz,full_N2000_K100_w_rate_0p5_t0p05,full,1,training_seed_mean,2000,100,200,200,full_N2000_K100_H200_w_rate_0p5_t0p05,30,30,2,-1,satellite_id * 2 + stored_beam_id,"epoch,episode,user"
raw/v14_297.npz,full_N2000_K100_w_rate_0p5_t0p05,full,2,training_seed_mean,2000,100,200,200,full_N2000_K100_H200_w_rate_0p5_t0p05,30,30,2,-1,satellite_id * 2 + stored_beam_id,"epoch,episode,user"
raw/v14_298.npz,full_N2000_K100_w_rate_0p5_t0p05,full,3,training_seed_mean,2000,100,200,200,full_N2000_K100_H200_w_rate_0p5_t0p05,30,30,2,-1,satellite_id * 2 + stored_beam_id,"epoch,episode,user"
raw/v14_299.npz,full_N2000_K100_w_rate_0p5_t0p05,full,4,training_seed_mean,2000,100,200,200,full_N2000_K100_H200_w_rate_0p5_t0p05,30,30,2,-1,satellite_id * 2 + stored_beam_id,"epoch,episode,user"
raw/v14_300.npz,full_N2000_K100_w_rate_0p5_t0p05,full,5,training_seed_mean,2000,100,200,200,full_N2000_K100_H200_w_rate_0p5_t0p05,30,30,2,-1,satellite_id * 2 + stored_beam_id,"epoch,episode,user"
raw/v14_301.npz,full_N2000_K100_w_rate_0p75_t0p05,full,1,training_seed_mean,2000,100,200,200,full_N2000_K100_H200_w_rate_0p75_t0p05,30,30,2,-1,satellite_id * 2 + stored_beam_id,"epoch,episode,user"
raw/v14_302.npz,full_N2000_K100_w_rate_0p75_t0p05,full,2,training_seed_mean,2000,100,200,200,full_N2000_K100_H200_w_rate_0p75_t0p05,30,30,2,-1,satellite_id * 2 + stored_beam_id,"epoch,episode,user"
raw/v14_303.npz,full_N2000_K100_w_rate_0p75_t0p05,full,3,training_seed_mean,2000,100,200,200,full_N2000_K100_H200_w_rate_0p75_t0p05,30,30,2,-1,satellite_id * 2 + stored_beam_id,"epoch,episode,user"
raw/v14_304.npz,full_N2000_K100_w_rate_0p75_t0p05,full,4,training_seed_mean,2000,100,200,200,full_N2000_K100_H200_w_rate_0p75_t0p05,30,30,2,-1,satellite_id * 2 + stored_beam_id,"epoch,episode,user"
raw/v14_305.npz,full_N2000_K100_w_rate_0p75_t0p05,full,5,training_seed_mean,2000,100,200,200,full_N2000_K100_H200_w_rate_0p75_t0p05,30,30,2,-1,satellite_id * 2 + stored_beam_id,"epoch,episode,user"
raw/v14_306.npz,full_N2000_K100_w_rate_1p25_t0p05,full,1,training_seed_mean,2000,100,200,200,full_N2000_K100_H200_w_rate_1p25_t0p05,30,30,2,-1,satellite_id * 2 + stored_beam_id,"epoch,episode,user"
raw/v14_307.npz,full_N2000_K100_w_rate_1p25_t0p05,full,2,training_seed_mean,2000,100,200,200,full_N2000_K100_H200_w_rate_1p25_t0p05,30,30,2,-1,satellite_id * 2 + stored_beam_id,"epoch,episode,user"
raw/v14_308.npz,full_N2000_K100_w_rate_1p25_t0p05,full,3,training_seed_mean,2000,100,200,200,full_N2000_K100_H200_w_rate_1p25_t0p05,30,30,2,-1,satellite_id * 2 + stored_beam_id,"epoch,episode,user"
raw/v14_309.npz,full_N2000_K100_w_rate_1p25_t0p05,full,4,training_seed_mean,2000,100,200,200,full_N2000_K100_H200_w_rate_1p25_t0p05,30,30,2,-1,satellite_id * 2 + stored_beam_id,"epoch,episode,user"
raw/v14_310.npz,full_N2000_K100_w_rate_1p25_t0p05,full,5,training_seed_mean,2000,100,200,200,full_N2000_K100_H200_w_rate_1p25_t0p05,30,30,2,-1,satellite_id * 2 + stored_beam_id,"epoch,episode,user"
raw/v14_311.npz,full_N2000_K100_w_rate_1p5_t0p05,full,1,training_seed_mean,2000,100,200,200,full_N2000_K100_H200_w_rate_1p5_t0p05,30,30,2,-1,satellite_id * 2 + stored_beam_id,"epoch,episode,user"
raw/v14_312.npz,full_N2000_K100_w_rate_1p5_t0p05,full,2,training_seed_mean,2000,100,200,200,full_N2000_K100_H200_w_rate_1p5_t0p05,30,30,2,-1,satellite_id * 2 + stored_beam_id,"epoch,episode,user"
raw/v14_313.npz,full_N2000_K100_w_rate_1p5_t0p05,full,3,training_seed_mean,2000,100,200,200,full_N2000_K100_H200_w_rate_1p5_t0p05,30,30,2,-1,satellite_id * 2 + stored_beam_id,"epoch,episode,user"
raw/v14_314.npz,full_N2000_K100_w_rate_1p5_t0p05,full,4,training_seed_mean,2000,100,200,200,full_N2000_K100_H200_w_rate_1p5_t0p05,30,30,2,-1,satellite_id * 2 + stored_beam_id,"epoch,episode,user"
raw/v14_315.npz,full_N2000_K100_w_rate_1p5_t0p05,full,5,training_seed_mean,2000,100,200,200,full_N2000_K100_H200_w_rate_1p5_t0p05,30,30,2,-1,satellite_id * 2 + stored_beam_id,"epoch,episode,user"
