method_id,N_sat,K,H,training_seed,model_id,selected_update,checkpoint_zero_eligible,selected_validation_J_user,selected_validation_J_network,greedy_validation_J_user,selected_minus_greedy_J_user,validation_meaning,source_record
mlp213,500,100,800,1,REF_ONLY_mlp213_N500_K100_H800_s1,20000,0,-0.6050644658417909,-60.50644658417909,-0.5961821302083333,-0.008882335633457528,"HYPOTHETICAL_REFERENCE_ONLY: argmin of 20 generated positive-update component forecasts; seed is reference replicate; 10 shared slots alias copied Greedy inputs; no trained model, no old-test binding",HYPOTHETICAL_REFERENCE_ONLY:04_selection/checkpoint_curve_600.csv#model=REF_ONLY_mlp213_N500_K100_H800_s1;synthetic://REF_ONLY_mlp213_N500_K100_H800_s1/positive_update_20000/NO_WEIGHTS
mlp213,500,100,800,2,REF_ONLY_mlp213_N500_K100_H800_s2,17000,0,-0.5079504896636056,-50.795048966360554,-0.5961821302083333,0.08823164054472776,"HYPOTHETICAL_REFERENCE_ONLY: argmin of 20 generated positive-update component forecasts; seed is reference replicate; 10 shared slots alias copied Greedy inputs; no trained model, no old-test binding",HYPOTHETICAL_REFERENCE_ONLY:04_selection/checkpoint_curve_600.csv#model=REF_ONLY_mlp213_N500_K100_H800_s2;synthetic://REF_ONLY_mlp213_N500_K100_H800_s2/positive_update_17000/NO_WEIGHTS
mlp213,500,100,800,3,REF_ONLY_mlp213_N500_K100_H800_s3,20000,0,-0.48022620260741916,-48.02262026074192,-0.5961821302083333,0.11595592760091417,"HYPOTHETICAL_REFERENCE_ONLY: argmin of 20 generated positive-update component forecasts; seed is reference replicate; 10 shared slots alias copied Greedy inputs; no trained model, no old-test binding",HYPOTHETICAL_REFERENCE_ONLY:04_selection/checkpoint_curve_600.csv#model=REF_ONLY_mlp213_N500_K100_H800_s3;synthetic://REF_ONLY_mlp213_N500_K100_H800_s3/positive_update_20000/NO_WEIGHTS
mlp213,500,100,800,4,REF_ONLY_mlp213_N500_K100_H800_s4,9000,0,-0.5461005751335752,-54.610057513357525,-0.5961821302083333,0.05008155507475809,"HYPOTHETICAL_REFERENCE_ONLY: argmin of 20 generated positive-update component forecasts; seed is reference replicate; 10 shared slots alias copied Greedy inputs; no trained model, no old-test binding",HYPOTHETICAL_REFERENCE_ONLY:04_selection/checkpoint_curve_600.csv#model=REF_ONLY_mlp213_N500_K100_H800_s4;synthetic://REF_ONLY_mlp213_N500_K100_H800_s4/positive_update_09000/NO_WEIGHTS
mlp213,500,100,800,5,REF_ONLY_mlp213_N500_K100_H800_s5,19000,0,-0.5620110532293623,-56.20110532293623,-0.5961821302083333,0.03417107697897104,"HYPOTHETICAL_REFERENCE_ONLY: argmin of 20 generated positive-update component forecasts; seed is reference replicate; 10 shared slots alias copied Greedy inputs; no trained model, no old-test binding",HYPOTHETICAL_REFERENCE_ONLY:04_selection/checkpoint_curve_600.csv#model=REF_ONLY_mlp213_N500_K100_H800_s5;synthetic://REF_ONLY_mlp213_N500_K100_H800_s5/positive_update_19000/NO_WEIGHTS
kan_generic,500,100,800,1,REF_ONLY_kan_generic_N500_K100_H800_s1,18000,0,-0.5400951807213666,-54.009518072136665,-0.5961821302083333,0.056086949486966686,"HYPOTHETICAL_REFERENCE_ONLY: argmin of 20 generated positive-update component forecasts; seed is reference replicate; 10 shared slots alias copied Greedy inputs; no trained model, no old-test binding",HYPOTHETICAL_REFERENCE_ONLY:04_selection/checkpoint_curve_600.csv#model=REF_ONLY_kan_generic_N500_K100_H800_s1;synthetic://REF_ONLY_kan_generic_N500_K100_H800_s1/positive_update_18000/NO_WEIGHTS
kan_generic,500,100,800,2,REF_ONLY_kan_generic_N500_K100_H800_s2,20000,0,-0.590124267611885,-59.01242676118849,-0.5961821302083333,0.00605786259644836,"HYPOTHETICAL_REFERENCE_ONLY: argmin of 20 generated positive-update component forecasts; seed is reference replicate; 10 shared slots alias copied Greedy inputs; no trained model, no old-test binding",HYPOTHETICAL_REFERENCE_ONLY:04_selection/checkpoint_curve_600.csv#model=REF_ONLY_kan_generic_N500_K100_H800_s2;synthetic://REF_ONLY_kan_generic_N500_K100_H800_s2/positive_update_20000/NO_WEIGHTS
kan_generic,500,100,800,3,REF_ONLY_kan_generic_N500_K100_H800_s3,19000,0,-0.566612950214183,-56.6612950214183,-0.5961821302083333,0.02956917999415032,"HYPOTHETICAL_REFERENCE_ONLY: argmin of 20 generated positive-update component forecasts; seed is reference replicate; 10 shared slots alias copied Greedy inputs; no trained model, no old-test binding",HYPOTHETICAL_REFERENCE_ONLY:04_selection/checkpoint_curve_600.csv#model=REF_ONLY_kan_generic_N500_K100_H800_s3;synthetic://REF_ONLY_kan_generic_N500_K100_H800_s3/positive_update_19000/NO_WEIGHTS
kan_generic,500,100,800,4,REF_ONLY_kan_generic_N500_K100_H800_s4,20000,0,-0.5953994330333178,-59.539943303331775,-0.5961821302083333,0.0007826971750155565,"HYPOTHETICAL_REFERENCE_ONLY: argmin of 20 generated positive-update component forecasts; seed is reference replicate; 10 shared slots alias copied Greedy inputs; no trained model, no old-test binding",HYPOTHETICAL_REFERENCE_ONLY:04_selection/checkpoint_curve_600.csv#model=REF_ONLY_kan_generic_N500_K100_H800_s4;synthetic://REF_ONLY_kan_generic_N500_K100_H800_s4/positive_update_20000/NO_WEIGHTS
kan_generic,500,100,800,5,REF_ONLY_kan_generic_N500_K100_H800_s5,17000,0,-0.5838692383131618,-58.38692383131618,-0.5961821302083333,0.012312891895171485,"HYPOTHETICAL_REFERENCE_ONLY: argmin of 20 generated positive-update component forecasts; seed is reference replicate; 10 shared slots alias copied Greedy inputs; no trained model, no old-test binding",HYPOTHETICAL_REFERENCE_ONLY:04_selection/checkpoint_curve_600.csv#model=REF_ONLY_kan_generic_N500_K100_H800_s5;synthetic://REF_ONLY_kan_generic_N500_K100_H800_s5/positive_update_17000/NO_WEIGHTS
mlp213,1000,100,800,1,REF_ONLY_mlp213_N1000_K100_H800_s1,16000,0,-0.6035044181882159,-60.35044181882159,-0.6567550520833334,0.05325063389511753,"HYPOTHETICAL_REFERENCE_ONLY: argmin of 20 generated positive-update component forecasts; seed is reference replicate; 10 shared slots alias copied Greedy inputs; no trained model, no old-test binding",HYPOTHETICAL_REFERENCE_ONLY:04_selection/checkpoint_curve_600.csv#model=REF_ONLY_mlp213_N1000_K100_H800_s1;synthetic://REF_ONLY_mlp213_N1000_K100_H800_s1/positive_update_16000/NO_WEIGHTS
mlp213,1000,100,800,2,REF_ONLY_mlp213_N1000_K100_H800_s2,11000,0,-0.6043972155202689,-60.439721552026896,-0.6567550520833334,0.052357836563064475,"HYPOTHETICAL_REFERENCE_ONLY: argmin of 20 generated positive-update component forecasts; seed is reference replicate; 10 shared slots alias copied Greedy inputs; no trained model, no old-test binding",HYPOTHETICAL_REFERENCE_ONLY:04_selection/checkpoint_curve_600.csv#model=REF_ONLY_mlp213_N1000_K100_H800_s2;synthetic://REF_ONLY_mlp213_N1000_K100_H800_s2/positive_update_11000/NO_WEIGHTS
mlp213,1000,100,800,3,REF_ONLY_mlp213_N1000_K100_H800_s3,18000,0,-0.6253222172889009,-62.53222172889009,-0.6567550520833334,0.031432834794432485,"HYPOTHETICAL_REFERENCE_ONLY: argmin of 20 generated positive-update component forecasts; seed is reference replicate; 10 shared slots alias copied Greedy inputs; no trained model, no old-test binding",HYPOTHETICAL_REFERENCE_ONLY:04_selection/checkpoint_curve_600.csv#model=REF_ONLY_mlp213_N1000_K100_H800_s3;synthetic://REF_ONLY_mlp213_N1000_K100_H800_s3/positive_update_18000/NO_WEIGHTS
mlp213,1000,100,800,4,REF_ONLY_mlp213_N1000_K100_H800_s4,20000,0,-0.6187762386474428,-61.87762386474428,-0.6567550520833334,0.0379788134358906,"HYPOTHETICAL_REFERENCE_ONLY: argmin of 20 generated positive-update component forecasts; seed is reference replicate; 10 shared slots alias copied Greedy inputs; no trained model, no old-test binding",HYPOTHETICAL_REFERENCE_ONLY:04_selection/checkpoint_curve_600.csv#model=REF_ONLY_mlp213_N1000_K100_H800_s4;synthetic://REF_ONLY_mlp213_N1000_K100_H800_s4/positive_update_20000/NO_WEIGHTS
mlp213,1000,100,800,5,REF_ONLY_mlp213_N1000_K100_H800_s5,20000,0,-0.6543973034647764,-65.43973034647765,-0.6567550520833334,0.0023577486185569763,"HYPOTHETICAL_REFERENCE_ONLY: argmin of 20 generated positive-update component forecasts; seed is reference replicate; 10 shared slots alias copied Greedy inputs; no trained model, no old-test binding",HYPOTHETICAL_REFERENCE_ONLY:04_selection/checkpoint_curve_600.csv#model=REF_ONLY_mlp213_N1000_K100_H800_s5;synthetic://REF_ONLY_mlp213_N1000_K100_H800_s5/positive_update_20000/NO_WEIGHTS
kan_generic,1000,100,800,1,REF_ONLY_kan_generic_N1000_K100_H800_s1,18000,0,-0.6791746683500991,-67.9174668350099,-0.6567550520833334,-0.022419616266765696,"HYPOTHETICAL_REFERENCE_ONLY: argmin of 20 generated positive-update component forecasts; seed is reference replicate; 10 shared slots alias copied Greedy inputs; no trained model, no old-test binding",HYPOTHETICAL_REFERENCE_ONLY:04_selection/checkpoint_curve_600.csv#model=REF_ONLY_kan_generic_N1000_K100_H800_s1;synthetic://REF_ONLY_kan_generic_N1000_K100_H800_s1/positive_update_18000/NO_WEIGHTS
kan_generic,1000,100,800,2,REF_ONLY_kan_generic_N1000_K100_H800_s2,18000,0,-0.5983242804727882,-59.83242804727882,-0.6567550520833334,0.05843077161054522,"HYPOTHETICAL_REFERENCE_ONLY: argmin of 20 generated positive-update component forecasts; seed is reference replicate; 10 shared slots alias copied Greedy inputs; no trained model, no old-test binding",HYPOTHETICAL_REFERENCE_ONLY:04_selection/checkpoint_curve_600.csv#model=REF_ONLY_kan_generic_N1000_K100_H800_s2;synthetic://REF_ONLY_kan_generic_N1000_K100_H800_s2/positive_update_18000/NO_WEIGHTS
kan_generic,1000,100,800,3,REF_ONLY_kan_generic_N1000_K100_H800_s3,12000,0,-0.6094846507975887,-60.948465079758876,-0.6567550520833334,0.04727040128574467,"HYPOTHETICAL_REFERENCE_ONLY: argmin of 20 generated positive-update component forecasts; seed is reference replicate; 10 shared slots alias copied Greedy inputs; no trained model, no old-test binding",HYPOTHETICAL_REFERENCE_ONLY:04_selection/checkpoint_curve_600.csv#model=REF_ONLY_kan_generic_N1000_K100_H800_s3;synthetic://REF_ONLY_kan_generic_N1000_K100_H800_s3/positive_update_12000/NO_WEIGHTS
kan_generic,1000,100,800,4,REF_ONLY_kan_generic_N1000_K100_H800_s4,15000,0,-0.6350360737763291,-63.50360737763291,-0.6567550520833334,0.02171897830700431,"HYPOTHETICAL_REFERENCE_ONLY: argmin of 20 generated positive-update component forecasts; seed is reference replicate; 10 shared slots alias copied Greedy inputs; no trained model, no old-test binding",HYPOTHETICAL_REFERENCE_ONLY:04_selection/checkpoint_curve_600.csv#model=REF_ONLY_kan_generic_N1000_K100_H800_s4;synthetic://REF_ONLY_kan_generic_N1000_K100_H800_s4/positive_update_15000/NO_WEIGHTS
kan_generic,1000,100,800,5,REF_ONLY_kan_generic_N1000_K100_H800_s5,18000,0,-0.634516905228011,-63.451690522801094,-0.6567550520833334,0.022238146855322438,"HYPOTHETICAL_REFERENCE_ONLY: argmin of 20 generated positive-update component forecasts; seed is reference replicate; 10 shared slots alias copied Greedy inputs; no trained model, no old-test binding",HYPOTHETICAL_REFERENCE_ONLY:04_selection/checkpoint_curve_600.csv#model=REF_ONLY_kan_generic_N1000_K100_H800_s5;synthetic://REF_ONLY_kan_generic_N1000_K100_H800_s5/positive_update_18000/NO_WEIGHTS
mlp213,2000,100,800,1,REF_ONLY_mlp213_N2000_K100_H800_s1,7000,0,-0.6272216691385599,-62.72216691385599,-0.6877816510416667,0.06055998190310674,"HYPOTHETICAL_REFERENCE_ONLY: argmin of 20 generated positive-update component forecasts; seed is reference replicate; 10 shared slots alias copied Greedy inputs; no trained model, no old-test binding",HYPOTHETICAL_REFERENCE_ONLY:04_selection/checkpoint_curve_600.csv#model=REF_ONLY_mlp213_N2000_K100_H800_s1;synthetic://REF_ONLY_mlp213_N2000_K100_H800_s1/positive_update_07000/NO_WEIGHTS
mlp213,2000,100,800,2,REF_ONLY_mlp213_N2000_K100_H800_s2,11000,0,-0.6127836570925672,-61.27836570925672,-0.6877816510416667,0.07499799394909945,"HYPOTHETICAL_REFERENCE_ONLY: argmin of 20 generated positive-update component forecasts; seed is reference replicate; 10 shared slots alias copied Greedy inputs; no trained model, no old-test binding",HYPOTHETICAL_REFERENCE_ONLY:04_selection/checkpoint_curve_600.csv#model=REF_ONLY_mlp213_N2000_K100_H800_s2;synthetic://REF_ONLY_mlp213_N2000_K100_H800_s2/positive_update_11000/NO_WEIGHTS
mlp213,2000,100,800,3,REF_ONLY_mlp213_N2000_K100_H800_s3,14000,0,-0.6385896051519635,-63.85896051519635,-0.6877816510416667,0.04919204588970316,"HYPOTHETICAL_REFERENCE_ONLY: argmin of 20 generated positive-update component forecasts; seed is reference replicate; 10 shared slots alias copied Greedy inputs; no trained model, no old-test binding",HYPOTHETICAL_REFERENCE_ONLY:04_selection/checkpoint_curve_600.csv#model=REF_ONLY_mlp213_N2000_K100_H800_s3;synthetic://REF_ONLY_mlp213_N2000_K100_H800_s3/positive_update_14000/NO_WEIGHTS
mlp213,2000,100,800,4,REF_ONLY_mlp213_N2000_K100_H800_s4,20000,0,-0.6985734120071733,-69.85734120071733,-0.6877816510416667,-0.010791760965506603,"HYPOTHETICAL_REFERENCE_ONLY: argmin of 20 generated positive-update component forecasts; seed is reference replicate; 10 shared slots alias copied Greedy inputs; no trained model, no old-test binding",HYPOTHETICAL_REFERENCE_ONLY:04_selection/checkpoint_curve_600.csv#model=REF_ONLY_mlp213_N2000_K100_H800_s4;synthetic://REF_ONLY_mlp213_N2000_K100_H800_s4/positive_update_20000/NO_WEIGHTS
mlp213,2000,100,800,5,REF_ONLY_mlp213_N2000_K100_H800_s5,20000,0,-0.7094741862251144,-70.94741862251144,-0.6877816510416667,-0.021692535183447714,"HYPOTHETICAL_REFERENCE_ONLY: argmin of 20 generated positive-update component forecasts; seed is reference replicate; 10 shared slots alias copied Greedy inputs; no trained model, no old-test binding",HYPOTHETICAL_REFERENCE_ONLY:04_selection/checkpoint_curve_600.csv#model=REF_ONLY_mlp213_N2000_K100_H800_s5;synthetic://REF_ONLY_mlp213_N2000_K100_H800_s5/positive_update_20000/NO_WEIGHTS
kan_generic,2000,100,800,1,REF_ONLY_kan_generic_N2000_K100_H800_s1,14000,0,-0.6211680711543561,-62.11680711543561,-0.6877816510416667,0.06661357988731054,"HYPOTHETICAL_REFERENCE_ONLY: argmin of 20 generated positive-update component forecasts; seed is reference replicate; 10 shared slots alias copied Greedy inputs; no trained model, no old-test binding",HYPOTHETICAL_REFERENCE_ONLY:04_selection/checkpoint_curve_600.csv#model=REF_ONLY_kan_generic_N2000_K100_H800_s1;synthetic://REF_ONLY_kan_generic_N2000_K100_H800_s1/positive_update_14000/NO_WEIGHTS
kan_generic,2000,100,800,2,REF_ONLY_kan_generic_N2000_K100_H800_s2,20000,0,-0.7206129033225276,-72.06129033225275,-0.6877816510416667,-0.03283125228086092,"HYPOTHETICAL_REFERENCE_ONLY: argmin of 20 generated positive-update component forecasts; seed is reference replicate; 10 shared slots alias copied Greedy inputs; no trained model, no old-test binding",HYPOTHETICAL_REFERENCE_ONLY:04_selection/checkpoint_curve_600.csv#model=REF_ONLY_kan_generic_N2000_K100_H800_s2;synthetic://REF_ONLY_kan_generic_N2000_K100_H800_s2/positive_update_20000/NO_WEIGHTS
kan_generic,2000,100,800,3,REF_ONLY_kan_generic_N2000_K100_H800_s3,13000,0,-0.6888190518945929,-68.88190518945929,-0.6877816510416667,-0.0010374008529262513,"HYPOTHETICAL_REFERENCE_ONLY: argmin of 20 generated positive-update component forecasts; seed is reference replicate; 10 shared slots alias copied Greedy inputs; no trained model, no old-test binding",HYPOTHETICAL_REFERENCE_ONLY:04_selection/checkpoint_curve_600.csv#model=REF_ONLY_kan_generic_N2000_K100_H800_s3;synthetic://REF_ONLY_kan_generic_N2000_K100_H800_s3/positive_update_13000/NO_WEIGHTS
kan_generic,2000,100,800,4,REF_ONLY_kan_generic_N2000_K100_H800_s4,20000,0,-0.8106650686227266,-81.06650686227266,-0.6877816510416667,-0.12288341758105992,"HYPOTHETICAL_REFERENCE_ONLY: argmin of 20 generated positive-update component forecasts; seed is reference replicate; 10 shared slots alias copied Greedy inputs; no trained model, no old-test binding",HYPOTHETICAL_REFERENCE_ONLY:04_selection/checkpoint_curve_600.csv#model=REF_ONLY_kan_generic_N2000_K100_H800_s4;synthetic://REF_ONLY_kan_generic_N2000_K100_H800_s4/positive_update_20000/NO_WEIGHTS
kan_generic,2000,100,800,5,REF_ONLY_kan_generic_N2000_K100_H800_s5,20000,0,-0.6785347640910795,-67.85347640910796,-0.6877816510416667,0.009246886950587174,"HYPOTHETICAL_REFERENCE_ONLY: argmin of 20 generated positive-update component forecasts; seed is reference replicate; 10 shared slots alias copied Greedy inputs; no trained model, no old-test binding",HYPOTHETICAL_REFERENCE_ONLY:04_selection/checkpoint_curve_600.csv#model=REF_ONLY_kan_generic_N2000_K100_H800_s5;synthetic://REF_ONLY_kan_generic_N2000_K100_H800_s5/positive_update_20000/NO_WEIGHTS
