split,environment_seed,trace_id,episode_id,trace_start_utc,trace_end_utc,monitored_users,episode_duration_s,monitored_user_seconds,geometric_entry_count,feasible_entry_count,geometric_exposure_kappa_1,earth_radius_km,altitude_km,orbital_radius_km,elevation_mask_deg,gravitational_parameter_km3_s2,P_planes,Q_satellites_per_plane,expected_constellation_size,alpha_rad,P_in,rho,theta_rad_per_s,circular_period_s,beta_at_kappa_1_per_s,geometry_kind,geometry_parameter_status,source_rng_stream,independent_cluster_definition,utc_status,provenance,is_observed
calibration,1,SYN_KAPPA_CALIBRATION_S1_T001,SYN_KAPPA_CALIBRATION_S1_T001_E001,2026-08-01T00:00:00.000000Z,2026-08-01T00:13:20.000000Z,10,800,8000,244,106,414.5892366642479,6371,557.5430591570703,6928.54305915707,25,398600.4418,20,100,2000,0.14927462613221215,0.1487208645206133,2.974417290412266,0.0010947274482637184,5739.497367262481,0.01742312847295479,analytic_circular_shell_fixture_not_SGP4,explicit_preexperiment_assumption,"SeedSequence([2026092905,0,1,1])",one independently generated complete analytic trace,synthetic_calendar_fixture_not_observed,synthetic_preexperiment_reference,false
calibration,1,SYN_KAPPA_CALIBRATION_S1_T002,SYN_KAPPA_CALIBRATION_S1_T002_E001,2026-08-01T00:15:00.000000Z,2026-08-01T00:28:20.000000Z,10,800,8000,228,107,413.80985335315097,6371,556.0167630334121,6927.016763033412,25,398600.4418,20,100,2000,0.14894231173094635,0.14839223751013314,2.967844750202663,0.0010950892859107229,5737.600931739755,0.01742888729796654,analytic_circular_shell_fixture_not_SGP4,explicit_preexperiment_assumption,"SeedSequence([2026092905,0,1,2])",one independently generated complete analytic trace,synthetic_calendar_fixture_not_observed,synthetic_preexperiment_reference,false
calibration,1,SYN_KAPPA_CALIBRATION_S1_T003,SYN_KAPPA_CALIBRATION_S1_T003_E001,2026-08-01T00:30:00.000000Z,2026-08-01T00:43:20.000000Z,10,800,8000,249,119,411.16032032139356,6371,550.8490610408547,6921.849061040854,25,398600.4418,20,100,2000,0.14781483873054418,0.14727715315105436,2.9455430630210873,0.0010963158695467261,5731.181570670305,0.017448408982845096,analytic_circular_shell_fixture_not_SGP4,explicit_preexperiment_assumption,"SeedSequence([2026092905,0,1,3])",one independently generated complete analytic trace,synthetic_calendar_fixture_not_observed,synthetic_preexperiment_reference,false
calibration,1,SYN_KAPPA_CALIBRATION_S1_T004,SYN_KAPPA_CALIBRATION_S1_T004_E001,2026-08-01T00:45:00.000000Z,2026-08-01T00:58:20.000000Z,10,800,8000,200,61,414.0745064898913,6371,556.5347274619207,6927.534727461921,25,398600.4418,20,100,2000,0.14905512116171976,0.14850379703629257,2.9700759407258515,0.0010949664702087957,5738.244483396342,0.01742693262536144,analytic_circular_shell_fixture_not_SGP4,explicit_preexperiment_assumption,"SeedSequence([2026092905,0,1,4])",one independently generated complete analytic trace,synthetic_calendar_fixture_not_observed,synthetic_preexperiment_reference,false
calibration,1,SYN_KAPPA_CALIBRATION_S1_T005,SYN_KAPPA_CALIBRATION_S1_T005_E001,2026-08-01T01:00:00.000000Z,2026-08-01T01:13:20.000000Z,10,800,8000,276,153,414.8110421869085,6371,557.9779449528872,6928.977944952887,25,398600.4418,20,100,2000,0.1493692548238011,0.14881444020098572,2.976288804019714,0.0010946243867549802,5740.037754691472,0.017421488198098974,analytic_circular_shell_fixture_not_SGP4,explicit_preexperiment_assumption,"SeedSequence([2026092905,0,1,5])",one independently generated complete analytic trace,synthetic_calendar_fixture_not_observed,synthetic_preexperiment_reference,false
calibration,1,SYN_KAPPA_CALIBRATION_S1_T006,SYN_KAPPA_CALIBRATION_S1_T006_E001,2026-08-01T01:15:00.000000Z,2026-08-01T01:28:20.000000Z,10,800,8000,274,134,418.04399431346263,6371,564.3427659146348,6935.342765914635,25,398600.4418,20,100,2000,0.15075130806463172,0.15018096191243313,3.0036192382486626,0.0010931178665128296,5747.948597001404,0.017397511183758346,analytic_circular_shell_fixture_not_SGP4,explicit_preexperiment_assumption,"SeedSequence([2026092905,0,1,6])",one independently generated complete analytic trace,synthetic_calendar_fixture_not_observed,synthetic_preexperiment_reference,false
calibration,1,SYN_KAPPA_CALIBRATION_S1_T007,SYN_KAPPA_CALIBRATION_S1_T007_E001,2026-08-01T01:30:00.000000Z,2026-08-01T01:43:20.000000Z,10,800,8000,308,186,413.87603316475577,6371,556.1462560573209,6927.146256057321,25,398600.4418,20,100,2000,0.14897051788786514,0.14842013132591594,2.9684026265183188,0.0010950585793783813,5737.761819779802,0.017428398588325802,analytic_circular_shell_fixture_not_SGP4,explicit_preexperiment_assumption,"SeedSequence([2026092905,0,1,7])",one independently generated complete analytic trace,synthetic_calendar_fixture_not_observed,synthetic_preexperiment_reference,false
calibration,1,SYN_KAPPA_CALIBRATION_S1_T008,SYN_KAPPA_CALIBRATION_S1_T008_E001,2026-08-01T01:45:00.000000Z,2026-08-01T01:58:20.000000Z,10,800,8000,244,115,411.6837913141166,6371,551.867490121368,6922.867490121368,25,398600.4418,20,100,2000,0.14803732166898037,0.1474972063248317,2.949944126496634,0.00109607395846714,5732.446481956951,0.017444558848434613,analytic_circular_shell_fixture_not_SGP4,explicit_preexperiment_assumption,"SeedSequence([2026092905,0,1,8])",one independently generated complete analytic trace,synthetic_calendar_fixture_not_observed,synthetic_preexperiment_reference,false
calibration,1,SYN_KAPPA_CALIBRATION_S1_T009,SYN_KAPPA_CALIBRATION_S1_T009_E001,2026-08-01T02:00:00.000000Z,2026-08-01T02:13:20.000000Z,10,800,8000,271,140,405.4035471349667,6371,539.7312073537167,6910.731207353717,25,398600.4418,20,100,2000,0.14537689380956614,0.14486535808965123,2.897307161793025,0.0010989625316687754,5717.3790062146745,0.017490531918786918,analytic_circular_shell_fixture_not_SGP4,explicit_preexperiment_assumption,"SeedSequence([2026092905,0,1,9])",one independently generated complete analytic trace,synthetic_calendar_fixture_not_observed,synthetic_preexperiment_reference,false
calibration,1,SYN_KAPPA_CALIBRATION_S1_T010,SYN_KAPPA_CALIBRATION_S1_T010_E001,2026-08-01T02:15:00.000000Z,2026-08-01T02:28:20.000000Z,10,800,8000,274,130,411.0752160013954,6371,550.683606563607,6921.683606563607,25,398600.4418,20,100,2000,0.14777868079200512,0.14724138940904258,2.9448277881808513,0.001096355178939508,5730.976081361919,0.017449034611262213,analytic_circular_shell_fixture_not_SGP4,explicit_preexperiment_assumption,"SeedSequence([2026092905,0,1,10])",one independently generated complete analytic trace,synthetic_calendar_fixture_not_observed,synthetic_preexperiment_reference,false
calibration,1,SYN_KAPPA_CALIBRATION_S1_T011,SYN_KAPPA_CALIBRATION_S1_T011_E001,2026-08-01T02:30:00.000000Z,2026-08-01T02:43:20.000000Z,10,800,8000,326,160,408.63476326187754,6371,545.953085581911,6916.953085581911,25,398600.4418,20,100,2000,0.14674331551871883,0.14621723027137598,2.9243446054275197,0.0010974800711604585,5725.10196065414,0.0174669378270032,analytic_circular_shell_fixture_not_SGP4,explicit_preexperiment_assumption,"SeedSequence([2026092905,0,1,11])",one independently generated complete analytic trace,synthetic_calendar_fixture_not_observed,synthetic_preexperiment_reference,false
calibration,1,SYN_KAPPA_CALIBRATION_S1_T012,SYN_KAPPA_CALIBRATION_S1_T012_E001,2026-08-01T02:45:00.000000Z,2026-08-01T02:58:20.000000Z,10,800,8000,267,118,409.7659760959407,6371,548.1424339350053,6919.142433935005,25,398600.4418,20,100,2000,0.14722287422704633,0.14669161809414125,2.933832361882825,0.0010969592169948535,5727.820332639645,0.017458648175494598,analytic_circular_shell_fixture_not_SGP4,explicit_preexperiment_assumption,"SeedSequence([2026092905,0,1,12])",one independently generated complete analytic trace,synthetic_calendar_fixture_not_observed,synthetic_preexperiment_reference,false
calibration,1,SYN_KAPPA_CALIBRATION_S1_T013,SYN_KAPPA_CALIBRATION_S1_T013_E001,2026-08-01T03:00:00.000000Z,2026-08-01T03:13:20.000000Z,10,800,8000,172,82,413.46339544913474,6371,555.3391850618544,6926.339185061855,25,398600.4418,20,100,2000,0.14879468498672727,0.14824624358656793,2.9649248717313585,0.0010952499826014015,5736.75910247994,0.017431444865232543,analytic_circular_shell_fixture_not_SGP4,explicit_preexperiment_assumption,"SeedSequence([2026092905,0,1,13])",one independently generated complete analytic trace,synthetic_calendar_fixture_not_observed,synthetic_preexperiment_reference,false
calibration,1,SYN_KAPPA_CALIBRATION_S1_T014,SYN_KAPPA_CALIBRATION_S1_T014_E001,2026-08-01T03:15:00.000000Z,2026-08-01T03:28:20.000000Z,10,800,8000,249,117,417.9041681421863,6371,564.066470122965,6935.066470122965,25,398600.4418,20,100,2000,0.15069142562108656,0.15012175835490368,3.002435167098074,0.0010931831925358284,5747.605113288145,0.017398550879705623,analytic_circular_shell_fixture_not_SGP4,explicit_preexperiment_assumption,"SeedSequence([2026092905,0,1,14])",one independently generated complete analytic trace,synthetic_calendar_fixture_not_observed,synthetic_preexperiment_reference,false
calibration,1,SYN_KAPPA_CALIBRATION_S1_T015,SYN_KAPPA_CALIBRATION_S1_T015_E001,2026-08-01T03:30:00.000000Z,2026-08-01T03:43:20.000000Z,10,800,8000,286,143,414.40469452361987,6371,557.1814085287231,6928.181408528723,25,398600.4418,20,100,2000,0.14919591366619728,0.1486430269382754,2.9728605387655085,0.0010948131664369476,5739.047994488516,0.017424492720053014,analytic_circular_shell_fixture_not_SGP4,explicit_preexperiment_assumption,"SeedSequence([2026092905,0,1,15])",one independently generated complete analytic trace,synthetic_calendar_fixture_not_observed,synthetic_preexperiment_reference,false
calibration,1,SYN_KAPPA_CALIBRATION_S1_T016,SYN_KAPPA_CALIBRATION_S1_T016_E001,2026-08-01T03:45:00.000000Z,2026-08-01T03:58:20.000000Z,10,800,8000,278,133,409.7868433083752,6371,548.1828749247395,6919.18287492474,25,398600.4418,20,100,2000,0.1472317263621869,0.14670037446355283,2.934007489271057,0.00109694959980759,5727.870549642104,0.017458495113205436,analytic_circular_shell_fixture_not_SGP4,explicit_preexperiment_assumption,"SeedSequence([2026092905,0,1,16])",one independently generated complete analytic trace,synthetic_calendar_fixture_not_observed,synthetic_preexperiment_reference,false
calibration,1,SYN_KAPPA_CALIBRATION_S1_T017,SYN_KAPPA_CALIBRATION_S1_T017_E001,2026-08-01T04:00:00.000000Z,2026-08-01T04:13:20.000000Z,10,800,8000,224,106,407.9517535337965,6371,544.6339961610238,6915.633996161024,25,398600.4418,20,100,2000,0.1464540647630927,0.1459310821236571,2.918621642473142,0.0010977940864877304,5723.464340459272,0.017471935536157397,analytic_circular_shell_fixture_not_SGP4,explicit_preexperiment_assumption,"SeedSequence([2026092905,0,1,17])",one independently generated complete analytic trace,synthetic_calendar_fixture_not_observed,synthetic_preexperiment_reference,false
calibration,1,SYN_KAPPA_CALIBRATION_S1_T018,SYN_KAPPA_CALIBRATION_S1_T018_E001,2026-08-01T04:15:00.000000Z,2026-08-01T04:28:20.000000Z,10,800,8000,265,147,409.895482594902,6371,548.3934516057226,6919.3934516057225,25,398600.4418,20,100,2000,0.14727781593809836,0.1467459652393328,2.934919304786656,0.0010968995252779138,5728.132032501026,0.017457698152313336,analytic_circular_shell_fixture_not_SGP4,explicit_preexperiment_assumption,"SeedSequence([2026092905,0,1,18])",one independently generated complete analytic trace,synthetic_calendar_fixture_not_observed,synthetic_preexperiment_reference,false
calibration,1,SYN_KAPPA_CALIBRATION_S1_T019,SYN_KAPPA_CALIBRATION_S1_T019_E001,2026-08-01T04:30:00.000000Z,2026-08-01T04:43:20.000000Z,10,800,8000,230,138,414.39356274260916,6371,557.1595984309654,6928.159598430965,25,398600.4418,20,100,2000,0.1491911661847805,0.14863833219533712,2.972766643906742,0.0010948183362083652,5739.020894498221,0.01742457499952059,analytic_circular_shell_fixture_not_SGP4,explicit_preexperiment_assumption,"SeedSequence([2026092905,0,1,19])",one independently generated complete analytic trace,synthetic_calendar_fixture_not_observed,synthetic_preexperiment_reference,false
calibration,1,SYN_KAPPA_CALIBRATION_S1_T020,SYN_KAPPA_CALIBRATION_S1_T020_E001,2026-08-01T04:45:00.000000Z,2026-08-01T04:58:20.000000Z,10,800,8000,195,77,413.5884619759682,6371,555.5837173059239,6926.5837173059235,25,398600.4418,20,100,2000,0.1488479693727212,0.14829893899517896,2.9659787799035793,0.0010951919839725243,5737.062906896894,0.017430521788384706,analytic_circular_shell_fixture_not_SGP4,explicit_preexperiment_assumption,"SeedSequence([2026092905,0,1,20])",one independently generated complete analytic trace,synthetic_calendar_fixture_not_observed,synthetic_preexperiment_reference,false
calibration,1,SYN_KAPPA_CALIBRATION_S1_T021,SYN_KAPPA_CALIBRATION_S1_T021_E001,2026-08-01T05:00:00.000000Z,2026-08-01T05:13:20.000000Z,10,800,8000,319,141,412.6602023939724,6371,553.7704901587219,6924.770490158722,25,398600.4418,20,100,2000,0.14845266962982168,0.1479079986713765,2.95815997342753,0.0010956221704667224,5734.810299159081,0.017437368419085005,analytic_circular_shell_fixture_not_SGP4,explicit_preexperiment_assumption,"SeedSequence([2026092905,0,1,21])",one independently generated complete analytic trace,synthetic_calendar_fixture_not_observed,synthetic_preexperiment_reference,false
calibration,1,SYN_KAPPA_CALIBRATION_S1_T022,SYN_KAPPA_CALIBRATION_S1_T022_E001,2026-08-01T05:15:00.000000Z,2026-08-01T05:28:20.000000Z,10,800,8000,334,167,403.52282402842445,6371,536.1312801962587,6907.131280196259,25,398600.4418,20,100,2000,0.1445838687821544,0.14408065291420483,2.8816130582840964,0.0010998217958853751,5712.912156029346,0.0175042075335363,analytic_circular_shell_fixture_not_SGP4,explicit_preexperiment_assumption,"SeedSequence([2026092905,0,1,22])",one independently generated complete analytic trace,synthetic_calendar_fixture_not_observed,synthetic_preexperiment_reference,false
calibration,1,SYN_KAPPA_CALIBRATION_S1_T023,SYN_KAPPA_CALIBRATION_S1_T023_E001,2026-08-01T05:30:00.000000Z,2026-08-01T05:43:20.000000Z,10,800,8000,171,75,406.4922571870763,6371,541.8223365653042,6912.822336565304,25,398600.4418,20,100,2000,0.1458367293994261,0.14532032771553122,2.9064065543106246,0.0010984639150242294,5719.974248804518,0.01748259618841818,analytic_circular_shell_fixture_not_SGP4,explicit_preexperiment_assumption,"SeedSequence([2026092905,0,1,23])",one independently generated complete analytic trace,synthetic_calendar_fixture_not_observed,synthetic_preexperiment_reference,false
calibration,1,SYN_KAPPA_CALIBRATION_S1_T024,SYN_KAPPA_CALIBRATION_S1_T024_E001,2026-08-01T05:45:00.000000Z,2026-08-01T05:58:20.000000Z,10,800,8000,215,107,407.1930544923131,6371,543.1711974284623,6914.171197428463,25,398600.4418,20,100,2000,0.14613302369275466,0.14561347036058583,2.9122694072117166,0.0010981424876232624,5721.648490969914,0.01747748051244727,analytic_circular_shell_fixture_not_SGP4,explicit_preexperiment_assumption,"SeedSequence([2026092905,0,1,24])",one independently generated complete analytic trace,synthetic_calendar_fixture_not_observed,synthetic_preexperiment_reference,false
calibration,1,SYN_KAPPA_CALIBRATION_S1_T025,SYN_KAPPA_CALIBRATION_S1_T025_E001,2026-08-01T06:00:00.000000Z,2026-08-01T06:13:20.000000Z,10,800,8000,249,130,406.6361583217605,6371,542.0991305669165,6913.099130566917,25,398600.4418,20,100,2000,0.14589755099530216,0.1453805034005663,2.907610068011326,0.0010983979434881384,5720.317799600321,0.017481546218810956,analytic_circular_shell_fixture_not_SGP4,explicit_preexperiment_assumption,"SeedSequence([2026092905,0,1,25])",one independently generated complete analytic trace,synthetic_calendar_fixture_not_observed,synthetic_preexperiment_reference,false
calibration,1,SYN_KAPPA_CALIBRATION_S1_T026,SYN_KAPPA_CALIBRATION_S1_T026_E001,2026-08-01T06:15:00.000000Z,2026-08-01T06:28:20.000000Z,10,800,8000,307,192,409.8491847905582,6371,548.3037055121769,6919.303705512177,25,398600.4418,20,100,2000,0.14725817366666655,0.1467265355826599,2.9345307116531982,0.001096920866175236,5728.020590115961,0.017458037803243225,analytic_circular_shell_fixture_not_SGP4,explicit_preexperiment_assumption,"SeedSequence([2026092905,0,1,26])",one independently generated complete analytic trace,synthetic_calendar_fixture_not_observed,synthetic_preexperiment_reference,false
calibration,1,SYN_KAPPA_CALIBRATION_S1_T027,SYN_KAPPA_CALIBRATION_S1_T027_E001,2026-08-01T06:30:00.000000Z,2026-08-01T06:43:20.000000Z,10,800,8000,205,72,410.29136077217765,6371,549.1612412993737,6920.161241299374,25,398600.4418,20,100,2000,0.14744581347479208,0.14691214199870975,2.938242839974195,0.001096716979360148,5729.085466375612,0.017454792843797973,analytic_circular_shell_fixture_not_SGP4,explicit_preexperiment_assumption,"SeedSequence([2026092905,0,1,27])",one independently generated complete analytic trace,synthetic_calendar_fixture_not_observed,synthetic_preexperiment_reference,false
calibration,1,SYN_KAPPA_CALIBRATION_S1_T028,SYN_KAPPA_CALIBRATION_S1_T028_E001,2026-08-01T06:45:00.000000Z,2026-08-01T06:58:20.000000Z,10,800,8000,205,115,403.4215307439001,6371,535.9378385562034,6906.937838556203,25,398600.4418,20,100,2000,0.14454120514262309,0.14403843429819257,2.8807686859638517,0.0010998680000412302,5712.672163336011,0.017504942895515872,analytic_circular_shell_fixture_not_SGP4,explicit_preexperiment_assumption,"SeedSequence([2026092905,0,1,28])",one independently generated complete analytic trace,synthetic_calendar_fixture_not_observed,synthetic_preexperiment_reference,false
calibration,1,SYN_KAPPA_CALIBRATION_S1_T029,SYN_KAPPA_CALIBRATION_S1_T029_E001,2026-08-01T07:00:00.000000Z,2026-08-01T07:13:20.000000Z,10,800,8000,253,130,403.73352987807493,6371,536.5338146180757,6907.533814618076,25,398600.4418,20,100,2000,0.144672631382394,0.14416848879315192,2.8833697758630383,0.0010997256596174813,5713.411569722828,0.01750267747731173,analytic_circular_shell_fixture_not_SGP4,explicit_preexperiment_assumption,"SeedSequence([2026092905,0,1,29])",one independently generated complete analytic trace,synthetic_calendar_fixture_not_observed,synthetic_preexperiment_reference,false
calibration,1,SYN_KAPPA_CALIBRATION_S1_T030,SYN_KAPPA_CALIBRATION_S1_T030_E001,2026-08-01T07:15:00.000000Z,2026-08-01T07:28:20.000000Z,10,800,8000,218,114,413.97983419820247,6371,556.3494028206147,6927.349402820615,25,398600.4418,20,100,2000,0.1490147627514546,0.1484638860057096,2.9692777201141918,0.0010950104103106403,5738.014221615599,0.017427631953802293,analytic_circular_shell_fixture_not_SGP4,explicit_preexperiment_assumption,"SeedSequence([2026092905,0,1,30])",one independently generated complete analytic trace,synthetic_calendar_fixture_not_observed,synthetic_preexperiment_reference,false
calibration,2,SYN_KAPPA_CALIBRATION_S2_T001,SYN_KAPPA_CALIBRATION_S2_T001_E001,2026-08-04T00:00:00.000000Z,2026-08-04T00:13:20.000000Z,10,800,8000,279,125,409.6974602002427,6371,548.0096629704158,6919.009662970416,25,398600.4418,20,100,2000,0.1471938104059088,0.14666286861553532,2.9332573723107065,0.0010969907919685458,5727.655467284674,0.017459150706808712,analytic_circular_shell_fixture_not_SGP4,explicit_preexperiment_assumption,"SeedSequence([2026092905,0,2,1])",one independently generated complete analytic trace,synthetic_calendar_fixture_not_observed,synthetic_preexperiment_reference,false
calibration,2,SYN_KAPPA_CALIBRATION_S2_T002,SYN_KAPPA_CALIBRATION_S2_T002_E001,2026-08-04T00:15:00.000000Z,2026-08-04T00:28:20.000000Z,10,800,8000,252,106,404.34260219297545,6371,537.6984993834059,6908.698499383406,25,398600.4418,20,100,2000,0.1449293294626282,0.144422500435663,2.8884500087132596,0.001099447579801384,5714.856644929491,0.017498251699581132,analytic_circular_shell_fixture_not_SGP4,explicit_preexperiment_assumption,"SeedSequence([2026092905,0,2,2])",one independently generated complete analytic trace,synthetic_calendar_fixture_not_observed,synthetic_preexperiment_reference,false
calibration,2,SYN_KAPPA_CALIBRATION_S2_T003,SYN_KAPPA_CALIBRATION_S2_T003_E001,2026-08-04T00:30:00.000000Z,2026-08-04T00:43:20.000000Z,10,800,8000,251,123,416.4279130858885,6371,561.1550118765482,6932.155011876548,25,398600.4418,20,100,2000,0.15005979777338813,0.14949725851523665,2.989945170304733,0.0010938719591695896,5743.986080372196,0.01740951294114561,analytic_circular_shell_fixture_not_SGP4,explicit_preexperiment_assumption,"SeedSequence([2026092905,0,2,3])",one independently generated complete analytic trace,synthetic_calendar_fixture_not_observed,synthetic_preexperiment_reference,false
calibration,2,SYN_KAPPA_CALIBRATION_S2_T004,SYN_KAPPA_CALIBRATION_S2_T004_E001,2026-08-04T00:45:00.000000Z,2026-08-04T00:58:20.000000Z,10,800,8000,229,114,409.13053371546306,6371,546.9118844262508,6917.911884426251,25,398600.4418,20,100,2000,0.1469534127534156,0.14642506625879845,2.928501325175969,0.0010972519186093733,5726.2923861119525,0.01746330666637478,analytic_circular_shell_fixture_not_SGP4,explicit_preexperiment_assumption,"SeedSequence([2026092905,0,2,4])",one independently generated complete analytic trace,synthetic_calendar_fixture_not_observed,synthetic_preexperiment_reference,false
calibration,2,SYN_KAPPA_CALIBRATION_S2_T005,SYN_KAPPA_CALIBRATION_S2_T005_E001,2026-08-04T01:00:00.000000Z,2026-08-04T01:13:20.000000Z,10,800,8000,326,130,416.36228652186634,6371,561.0258212238978,6932.025821223898,25,398600.4418,20,100,2000,0.1500317442252604,0.14946952017012882,2.9893904034025764,0.0010939025386915919,5743.825509989998,0.017409999629354012,analytic_circular_shell_fixture_not_SGP4,explicit_preexperiment_assumption,"SeedSequence([2026092905,0,2,5])",one independently generated complete analytic trace,synthetic_calendar_fixture_not_observed,synthetic_preexperiment_reference,false
calibration,2,SYN_KAPPA_CALIBRATION_S2_T006,SYN_KAPPA_CALIBRATION_S2_T006_E001,2026-08-04T01:15:00.000000Z,2026-08-04T01:28:20.000000Z,10,800,8000,210,127,414.3791456754875,6371,557.1313524455186,6928.131352445518,25,398600.4418,20,100,2000,0.14918501768590092,0.1486322519934786,2.972645039869572,0.001094825031575284,5738.985797702354,0.017424681559594684,analytic_circular_shell_fixture_not_SGP4,explicit_preexperiment_assumption,"SeedSequence([2026092905,0,2,6])",one independently generated complete analytic trace,synthetic_calendar_fixture_not_observed,synthetic_preexperiment_reference,false
calibration,2,SYN_KAPPA_CALIBRATION_S2_T007,SYN_KAPPA_CALIBRATION_S2_T007_E001,2026-08-04T01:30:00.000000Z,2026-08-04T01:43:20.000000Z,10,800,8000,262,139,406.0995590288984,6371,541.0674536649909,6912.067453664991,25,398600.4418,20,100,2000,0.14567080114470904,0.14515615884617294,2.903123176923459,0.0010986438686208717,5719.037339248862,0.01748546023886146,analytic_circular_shell_fixture_not_SGP4,explicit_preexperiment_assumption,"SeedSequence([2026092905,0,2,7])",one independently generated complete analytic trace,synthetic_calendar_fixture_not_observed,synthetic_preexperiment_reference,false
calibration,2,SYN_KAPPA_CALIBRATION_S2_T008,SYN_KAPPA_CALIBRATION_S2_T008_E001,2026-08-04T01:45:00.000000Z,2026-08-04T01:58:20.000000Z,10,800,8000,271,129,412.12352258851735,6371,552.7239725289065,6923.723972528906,25,398600.4418,20,100,2000,0.14822431766684224,0.14768215446890615,2.953643089378123,0.0010958705840185246,5733.510323946587,0.01744132204355504,analytic_circular_shell_fixture_not_SGP4,explicit_preexperiment_assumption,"SeedSequence([2026092905,0,2,8])",one independently generated complete analytic trace,synthetic_calendar_fixture_not_observed,synthetic_preexperiment_reference,false
calibration,2,SYN_KAPPA_CALIBRATION_S2_T009,SYN_KAPPA_CALIBRATION_S2_T009_E001,2026-08-04T02:00:00.000000Z,2026-08-04T02:13:20.000000Z,10,800,8000,198,97,405.31631183233725,6371,539.5638803399705,6910.563880339971,25,398600.4418,20,100,2000,0.14534007297405066,0.14482892556504326,2.896578511300865,0.0010990024460451435,5717.171358253277,0.01749116717581686,analytic_circular_shell_fixture_not_SGP4,explicit_preexperiment_assumption,"SeedSequence([2026092905,0,2,9])",one independently generated complete analytic trace,synthetic_calendar_fixture_not_observed,synthetic_preexperiment_reference,false
calibration,2,SYN_KAPPA_CALIBRATION_S2_T010,SYN_KAPPA_CALIBRATION_S2_T010_E001,2026-08-04T02:15:00.000000Z,2026-08-04T02:28:20.000000Z,10,800,8000,251,102,403.37324506325825,6371,535.845642496222,6906.845642496222,25,398600.4418,20,100,2000,0.14452086944395265,0.14401831062849255,2.880366212569851,0.0010998900225041054,5712.55778179962,0.01750529339389844,analytic_circular_shell_fixture_not_SGP4,explicit_preexperiment_assumption,"SeedSequence([2026092905,0,2,10])",one independently generated complete analytic trace,synthetic_calendar_fixture_not_observed,synthetic_preexperiment_reference,false
calibration,2,SYN_KAPPA_CALIBRATION_S2_T011,SYN_KAPPA_CALIBRATION_S2_T011_E001,2026-08-04T02:30:00.000000Z,2026-08-04T02:43:20.000000Z,10,800,8000,352,168,414.1958356790897,6371,556.7722947604661,6927.772294760466,25,398600.4418,20,100,2000,0.14910684977847105,0.14855495187902354,2.971099037580471,0.0010949101477752995,5738.539660031573,0.01742603622599165,analytic_circular_shell_fixture_not_SGP4,explicit_preexperiment_assumption,"SeedSequence([2026092905,0,2,11])",one independently generated complete analytic trace,synthetic_calendar_fixture_not_observed,synthetic_preexperiment_reference,false
calibration,2,SYN_KAPPA_CALIBRATION_S2_T012,SYN_KAPPA_CALIBRATION_S2_T012_E001,2026-08-04T02:45:00.000000Z,2026-08-04T02:58:20.000000Z,10,800,8000,242,139,408.0375880085565,6371,544.7996515428783,6915.799651542879,25,398600.4418,20,100,2000,0.14649040280676323,0.14596703106344036,2.919340621268807,0.0010977546432377632,5723.669989359096,0.01747130777733701,analytic_circular_shell_fixture_not_SGP4,explicit_preexperiment_assumption,"SeedSequence([2026092905,0,2,12])",one independently generated complete analytic trace,synthetic_calendar_fixture_not_observed,synthetic_preexperiment_reference,false
calibration,2,SYN_KAPPA_CALIBRATION_S2_T013,SYN_KAPPA_CALIBRATION_S2_T013_E001,2026-08-04T03:00:00.000000Z,2026-08-04T03:13:20.000000Z,10,800,8000,224,111,415.4407127365834,6371,559.2137641862167,6930.213764186216,25,398600.4418,20,100,2000,0.14963802365694018,0.14908021095229512,2.9816042190459022,0.0010943316041062267,5741.573471517577,0.017416828417518904,analytic_circular_shell_fixture_not_SGP4,explicit_preexperiment_assumption,"SeedSequence([2026092905,0,2,13])",one independently generated complete analytic trace,synthetic_calendar_fixture_not_observed,synthetic_preexperiment_reference,false
calibration,2,SYN_KAPPA_CALIBRATION_S2_T014,SYN_KAPPA_CALIBRATION_S2_T014_E001,2026-08-04T03:15:00.000000Z,2026-08-04T03:28:20.000000Z,10,800,8000,327,149,405.01420230500446,6371,538.9846630738314,6909.984663073831,25,398600.4418,20,100,2000,0.1452125846948899,0.14470278025506447,2.8940556051012893,0.0010991406318507826,5716.452585871269,0.01749336647122012,analytic_circular_shell_fixture_not_SGP4,explicit_preexperiment_assumption,"SeedSequence([2026092905,0,2,14])",one independently generated complete analytic trace,synthetic_calendar_fixture_not_observed,synthetic_preexperiment_reference,false
calibration,2,SYN_KAPPA_CALIBRATION_S2_T015,SYN_KAPPA_CALIBRATION_S2_T015_E001,2026-08-04T03:30:00.000000Z,2026-08-04T03:43:20.000000Z,10,800,8000,136,75,417.68934490493103,6371,563.642160133187,6934.642160133187,25,398600.4418,20,100,2000,0.15059944381216345,0.15003081829340056,3.0006163658680114,0.0010932835269800239,5747.077635511096,0.017400147751981232,analytic_circular_shell_fixture_not_SGP4,explicit_preexperiment_assumption,"SeedSequence([2026092905,0,2,15])",one independently generated complete analytic trace,synthetic_calendar_fixture_not_observed,synthetic_preexperiment_reference,false
calibration,2,SYN_KAPPA_CALIBRATION_S2_T016,SYN_KAPPA_CALIBRATION_S2_T016_E001,2026-08-04T03:45:00.000000Z,2026-08-04T03:58:20.000000Z,10,800,8000,351,177,413.7568784652923,6371,555.9131224983046,6926.913122498305,25,398600.4418,20,100,2000,0.14891973513568574,0.1483699108319391,2.967398216638782,0.001095113863105955,5737.472165094556,0.017429278456177394,analytic_circular_shell_fixture_not_SGP4,explicit_preexperiment_assumption,"SeedSequence([2026092905,0,2,16])",one independently generated complete analytic trace,synthetic_calendar_fixture_not_observed,synthetic_preexperiment_reference,false
calibration,2,SYN_KAPPA_CALIBRATION_S2_T017,SYN_KAPPA_CALIBRATION_S2_T017_E001,2026-08-04T04:00:00.000000Z,2026-08-04T04:13:20.000000Z,10,800,8000,238,109,416.25670484137225,6371,560.81801835432,6931.81801835432,25,398600.4418,20,100,2000,0.14998661547773223,0.14942489823170368,2.9884979646340737,0.001093951728771942,5743.5672360361095,0.017410782513797896,analytic_circular_shell_fixture_not_SGP4,explicit_preexperiment_assumption,"SeedSequence([2026092905,0,2,17])",one independently generated complete analytic trace,synthetic_calendar_fixture_not_observed,synthetic_preexperiment_reference,false
calibration,2,SYN_KAPPA_CALIBRATION_S2_T018,SYN_KAPPA_CALIBRATION_S2_T018_E001,2026-08-04T04:15:00.000000Z,2026-08-04T04:28:20.000000Z,10,800,8000,216,97,415.3180585840008,6371,558.9728928504712,6929.972892850471,25,398600.4418,20,100,2000,0.14958565446060318,0.14902842677175923,2.9805685354351845,0.0010943886596120225,5741.274136929627,0.017417736484096707,analytic_circular_shell_fixture_not_SGP4,explicit_preexperiment_assumption,"SeedSequence([2026092905,0,2,18])",one independently generated complete analytic trace,synthetic_calendar_fixture_not_observed,synthetic_preexperiment_reference,false
calibration,2,SYN_KAPPA_CALIBRATION_S2_T019,SYN_KAPPA_CALIBRATION_S2_T019_E001,2026-08-04T04:30:00.000000Z,2026-08-04T04:43:20.000000Z,10,800,8000,207,90,403.925305044151,6371,536.9003547618341,6907.900354761834,25,398600.4418,20,100,2000,0.14475343747474184,0.14424845024601884,2.884969004920377,0.0010996381319534694,5713.866338936176,0.017501284431273252,analytic_circular_shell_fixture_not_SGP4,explicit_preexperiment_assumption,"SeedSequence([2026092905,0,2,19])",one independently generated complete analytic trace,synthetic_calendar_fixture_not_observed,synthetic_preexperiment_reference,false
calibration,2,SYN_KAPPA_CALIBRATION_S2_T020,SYN_KAPPA_CALIBRATION_S2_T020_E001,2026-08-04T04:45:00.000000Z,2026-08-04T04:58:20.000000Z,10,800,8000,229,109,418.015998223631,6371,564.2874384011574,6935.2874384011575,25,398600.4418,20,100,2000,0.15073931757473186,0.15016910740158138,3.0033821480316276,0.0010931309473579964,5747.8798147335465,0.017397719371875158,analytic_circular_shell_fixture_not_SGP4,explicit_preexperiment_assumption,"SeedSequence([2026092905,0,2,20])",one independently generated complete analytic trace,synthetic_calendar_fixture_not_observed,synthetic_preexperiment_reference,false
calibration,2,SYN_KAPPA_CALIBRATION_S2_T021,SYN_KAPPA_CALIBRATION_S2_T021_E001,2026-08-04T05:00:00.000000Z,2026-08-04T05:13:20.000000Z,10,800,8000,241,159,416.14936023705553,6371,560.6067992479391,6931.606799247939,25,398600.4418,20,100,2000,0.14994073890726994,0.14937953655669098,2.9875907311338197,0.0010940017313052998,5743.304720078324,0.017411578328832996,analytic_circular_shell_fixture_not_SGP4,explicit_preexperiment_assumption,"SeedSequence([2026092905,0,2,21])",one independently generated complete analytic trace,synthetic_calendar_fixture_not_observed,synthetic_preexperiment_reference,false
calibration,2,SYN_KAPPA_CALIBRATION_S2_T022,SYN_KAPPA_CALIBRATION_S2_T022_E001,2026-08-04T05:15:00.000000Z,2026-08-04T05:28:20.000000Z,10,800,8000,141,74,411.47971488702257,6371,551.4703037183341,6922.470303718334,25,398600.4418,20,100,2000,0.1479505702179859,0.14741140316532425,2.948228063306485,0.001096168292981808,5731.9531566526175,0.017446060228865974,analytic_circular_shell_fixture_not_SGP4,explicit_preexperiment_assumption,"SeedSequence([2026092905,0,2,22])",one independently generated complete analytic trace,synthetic_calendar_fixture_not_observed,synthetic_preexperiment_reference,false
calibration,2,SYN_KAPPA_CALIBRATION_S2_T023,SYN_KAPPA_CALIBRATION_S2_T023_E001,2026-08-04T05:30:00.000000Z,2026-08-04T05:43:20.000000Z,10,800,8000,286,112,412.01348275759204,6371,552.509560173079,6923.509560173079,25,398600.4418,20,100,2000,0.1481775142689799,0.14763586411447976,2.952717282289595,0.001095921491006675,5733.243994885139,0.017442132253435244,analytic_circular_shell_fixture_not_SGP4,explicit_preexperiment_assumption,"SeedSequence([2026092905,0,2,23])",one independently generated complete analytic trace,synthetic_calendar_fixture_not_observed,synthetic_preexperiment_reference,false
calibration,2,SYN_KAPPA_CALIBRATION_S2_T024,SYN_KAPPA_CALIBRATION_S2_T024_E001,2026-08-04T05:45:00.000000Z,2026-08-04T05:58:20.000000Z,10,800,8000,141,68,404.9830925161706,6371,538.9250411729389,6909.925041172939,25,398600.4418,20,100,2000,0.14519945903422266,0.14468979272732405,2.893795854546481,0.0010991548576914662,5716.378600533177,0.017493592882506563,analytic_circular_shell_fixture_not_SGP4,explicit_preexperiment_assumption,"SeedSequence([2026092905,0,2,24])",one independently generated complete analytic trace,synthetic_calendar_fixture_not_observed,synthetic_preexperiment_reference,false
calibration,2,SYN_KAPPA_CALIBRATION_S2_T025,SYN_KAPPA_CALIBRATION_S2_T025_E001,2026-08-04T06:00:00.000000Z,2026-08-04T06:13:20.000000Z,10,800,8000,299,161,415.35719040450346,6371,559.04973329164,6930.04973329164,25,398600.4418,20,100,2000,0.14960236161881585,0.14904494733886742,2.9808989467773483,0.0010943704577785125,5741.369627186362,0.01741744679291906,analytic_circular_shell_fixture_not_SGP4,explicit_preexperiment_assumption,"SeedSequence([2026092905,0,2,25])",one independently generated complete analytic trace,synthetic_calendar_fixture_not_observed,synthetic_preexperiment_reference,false
calibration,2,SYN_KAPPA_CALIBRATION_S2_T026,SYN_KAPPA_CALIBRATION_S2_T026_E001,2026-08-04T06:15:00.000000Z,2026-08-04T06:28:20.000000Z,10,800,8000,184,95,412.74730206411186,6371,553.9404583113384,6924.940458311338,25,398600.4418,20,100,2000,0.14848974302719348,0.14794466420140648,2.9588932840281297,0.0010955818337155124,5735.021441411677,0.017436726439750673,analytic_circular_shell_fixture_not_SGP4,explicit_preexperiment_assumption,"SeedSequence([2026092905,0,2,26])",one independently generated complete analytic trace,synthetic_calendar_fixture_not_observed,synthetic_preexperiment_reference,false
calibration,2,SYN_KAPPA_CALIBRATION_S2_T027,SYN_KAPPA_CALIBRATION_S2_T027_E001,2026-08-04T06:30:00.000000Z,2026-08-04T06:43:20.000000Z,10,800,8000,169,75,408.3844640227293,6371,545.4694404648213,6916.469440464822,25,398600.4418,20,100,2000,0.14663728905556844,0.14611234250528946,2.922246850105789,0.001097595187729919,5724.5015078598035,0.017468769964109346,analytic_circular_shell_fixture_not_SGP4,explicit_preexperiment_assumption,"SeedSequence([2026092905,0,2,27])",one independently generated complete analytic trace,synthetic_calendar_fixture_not_observed,synthetic_preexperiment_reference,false
calibration,2,SYN_KAPPA_CALIBRATION_S2_T028,SYN_KAPPA_CALIBRATION_S2_T028_E001,2026-08-04T06:45:00.000000Z,2026-08-04T06:58:20.000000Z,10,800,8000,286,99,416.06022710658476,6371,560.4314553449242,6931.431455344924,25,398600.4418,20,100,2000,0.14990264986219676,0.14934187476494204,2.9868374952988406,0.0010940432438877711,5743.086795044572,0.01741223902210308,analytic_circular_shell_fixture_not_SGP4,explicit_preexperiment_assumption,"SeedSequence([2026092905,0,2,28])",one independently generated complete analytic trace,synthetic_calendar_fixture_not_observed,synthetic_preexperiment_reference,false
calibration,2,SYN_KAPPA_CALIBRATION_S2_T029,SYN_KAPPA_CALIBRATION_S2_T029_E001,2026-08-04T07:00:00.000000Z,2026-08-04T07:13:20.000000Z,10,800,8000,216,104,417.3451646133286,6371,562.9628025544313,6933.962802554432,25,398600.4418,20,100,2000,0.1504521229118842,0.14988516324360487,2.9977032648720976,0.001093444203204347,5746.233130841666,0.01740270499351507,analytic_circular_shell_fixture_not_SGP4,explicit_preexperiment_assumption,"SeedSequence([2026092905,0,2,29])",one independently generated complete analytic trace,synthetic_calendar_fixture_not_observed,synthetic_preexperiment_reference,false
calibration,2,SYN_KAPPA_CALIBRATION_S2_T030,SYN_KAPPA_CALIBRATION_S2_T030_E001,2026-08-04T07:15:00.000000Z,2026-08-04T07:28:20.000000Z,10,800,8000,165,78,410.78992218586706,6371,550.1291979437253,6921.129197943726,25,398600.4418,20,100,2000,0.14765749492667118,0.1471215233174785,2.94243046634957,0.00109648691487084,5730.287541023425,0.01745113125372764,analytic_circular_shell_fixture_not_SGP4,explicit_preexperiment_assumption,"SeedSequence([2026092905,0,2,30])",one independently generated complete analytic trace,synthetic_calendar_fixture_not_observed,synthetic_preexperiment_reference,false
calibration,3,SYN_KAPPA_CALIBRATION_S3_T001,SYN_KAPPA_CALIBRATION_S3_T001_E001,2026-08-07T00:00:00.000000Z,2026-08-07T00:13:20.000000Z,10,800,8000,348,152,413.9162365587746,6371,556.2249313289112,6927.224931328911,25,398600.4418,20,100,2000,0.14898765382613893,0.14843707745156265,2.968741549031253,0.0010950399239021901,5737.859570260569,0.017428101677200648,analytic_circular_shell_fixture_not_SGP4,explicit_preexperiment_assumption,"SeedSequence([2026092905,0,3,1])",one independently generated complete analytic trace,synthetic_calendar_fixture_not_observed,synthetic_preexperiment_reference,false
calibration,3,SYN_KAPPA_CALIBRATION_S3_T002,SYN_KAPPA_CALIBRATION_S3_T002_E001,2026-08-07T00:15:00.000000Z,2026-08-07T00:28:20.000000Z,10,800,8000,159,58,408.3488593530707,6371,545.4006657411923,6916.400665741192,25,398600.4418,20,100,2000,0.14662220941864718,0.14609742468636205,2.921948493727241,0.0010976115590327822,5724.416124695647,0.017469030521486895,analytic_circular_shell_fixture_not_SGP4,explicit_preexperiment_assumption,"SeedSequence([2026092905,0,3,2])",one independently generated complete analytic trace,synthetic_calendar_fixture_not_observed,synthetic_preexperiment_reference,false
calibration,3,SYN_KAPPA_CALIBRATION_S3_T003,SYN_KAPPA_CALIBRATION_S3_T003_E001,2026-08-07T00:30:00.000000Z,2026-08-07T00:43:20.000000Z,10,800,8000,257,98,406.32859785112163,6371,541.5076505362018,6912.507650536202,25,398600.4418,20,100,2000,0.14576756881783687,0.14525190094964563,2.9050380189929124,0.0010985389258305258,5719.583675589214,0.017483790022478917,analytic_circular_shell_fixture_not_SGP4,explicit_preexperiment_assumption,"SeedSequence([2026092905,0,3,3])",one independently generated complete analytic trace,synthetic_calendar_fixture_not_observed,synthetic_preexperiment_reference,false
calibration,3,SYN_KAPPA_CALIBRATION_S3_T004,SYN_KAPPA_CALIBRATION_S3_T004_E001,2026-08-07T00:45:00.000000Z,2026-08-07T00:58:20.000000Z,10,800,8000,288,154,416.6464204079532,6371,561.5853048588352,6932.585304858835,25,398600.4418,20,100,2000,0.1501532191395593,0.14958962937267634,2.991792587453527,0.0010937701187803703,5744.520900045957,0.017407892101010545,analytic_circular_shell_fixture_not_SGP4,explicit_preexperiment_assumption,"SeedSequence([2026092905,0,3,4])",one independently generated complete analytic trace,synthetic_calendar_fixture_not_observed,synthetic_preexperiment_reference,false
calibration,3,SYN_KAPPA_CALIBRATION_S3_T005,SYN_KAPPA_CALIBRATION_S3_T005_E001,2026-08-07T01:00:00.000000Z,2026-08-07T01:13:20.000000Z,10,800,8000,136,46,403.45409642265406,6371,536.0000248740093,6907.000024874009,25,398600.4418,20,100,2000,0.1445549209256542,0.14405200704078017,2.8810401408156032,0.0010998531462870392,5712.7493142069015,0.017504706490675575,analytic_circular_shell_fixture_not_SGP4,explicit_preexperiment_assumption,"SeedSequence([2026092905,0,3,5])",one independently generated complete analytic trace,synthetic_calendar_fixture_not_observed,synthetic_preexperiment_reference,false
calibration,3,SYN_KAPPA_CALIBRATION_S3_T006,SYN_KAPPA_CALIBRATION_S3_T006_E001,2026-08-07T01:15:00.000000Z,2026-08-07T01:28:20.000000Z,10,800,8000,260,101,405.84055865485635,6371,540.5699557725192,6911.569955772519,25,398600.4418,20,100,2000,0.1455614051196396,0.14504792059256472,2.9009584118512945,0.0010987624920700096,5718.419906509916,0.017487348189691148,analytic_circular_shell_fixture_not_SGP4,explicit_preexperiment_assumption,"SeedSequence([2026092905,0,3,6])",one independently generated complete analytic trace,synthetic_calendar_fixture_not_observed,synthetic_preexperiment_reference,false
calibration,3,SYN_KAPPA_CALIBRATION_S3_T007,SYN_KAPPA_CALIBRATION_S3_T007_E001,2026-08-07T01:30:00.000000Z,2026-08-07T01:43:20.000000Z,10,800,8000,256,112,406.34206074979596,6371,541.5335326172388,6912.533532617239,25,398600.4418,20,100,2000,0.1457732576019311,0.1452575294001646,2.9051505880032917,0.0010985327560708961,5719.615798852053,0.017483691827704644,analytic_circular_shell_fixture_not_SGP4,explicit_preexperiment_assumption,"SeedSequence([2026092905,0,3,7])",one independently generated complete analytic trace,synthetic_calendar_fixture_not_observed,synthetic_preexperiment_reference,false
calibration,3,SYN_KAPPA_CALIBRATION_S3_T008,SYN_KAPPA_CALIBRATION_S3_T008_E001,2026-08-07T01:45:00.000000Z,2026-08-07T01:58:20.000000Z,10,800,8000,217,104,403.2606705127035,6371,535.6307341638568,6906.630734163857,25,398600.4418,20,100,2000,0.14447346252705445,0.14397139776579432,2.8794279553158866,0.0010999413595550618,5712.2911622499605,0.017506110448440786,analytic_circular_shell_fixture_not_SGP4,explicit_preexperiment_assumption,"SeedSequence([2026092905,0,3,8])",one independently generated complete analytic trace,synthetic_calendar_fixture_not_observed,synthetic_preexperiment_reference,false
calibration,3,SYN_KAPPA_CALIBRATION_S3_T009,SYN_KAPPA_CALIBRATION_S3_T009_E001,2026-08-07T02:00:00.000000Z,2026-08-07T02:13:20.000000Z,10,800,8000,199,86,407.9724477066457,6371,544.6739316287618,6915.673931628762,25,398600.4418,20,100,2000,0.14646282532065574,0.14593974889173605,2.918794977834721,0.0010977845774671781,5723.513917162352,0.01747178419539491,analytic_circular_shell_fixture_not_SGP4,explicit_preexperiment_assumption,"SeedSequence([2026092905,0,3,9])",one independently generated complete analytic trace,synthetic_calendar_fixture_not_observed,synthetic_preexperiment_reference,false
calibration,3,SYN_KAPPA_CALIBRATION_S3_T010,SYN_KAPPA_CALIBRATION_S3_T010_E001,2026-08-07T02:15:00.000000Z,2026-08-07T02:28:20.000000Z,10,800,8000,188,97,417.5243172206892,6371,563.316351937369,6934.316351937369,25,398600.4418,20,100,2000,0.1505287989202651,0.14996097263406855,2.9992194526813707,0.0010933605796192487,5746.67262045211,0.017401374082822323,analytic_circular_shell_fixture_not_SGP4,explicit_preexperiment_assumption,"SeedSequence([2026092905,0,3,10])",one independently generated complete analytic trace,synthetic_calendar_fixture_not_observed,synthetic_preexperiment_reference,false
calibration,3,SYN_KAPPA_CALIBRATION_S3_T011,SYN_KAPPA_CALIBRATION_S3_T011_E001,2026-08-07T02:30:00.000000Z,2026-08-07T02:43:20.000000Z,10,800,8000,217,133,414.0954620419931,6371,556.5757543754156,6927.575754375415,25,398600.4418,20,100,2000,0.14906405502682768,0.1485126318353256,2.970252636706512,0.0010949567432069409,5738.295458848184,0.017426777815318772,analytic_circular_shell_fixture_not_SGP4,explicit_preexperiment_assumption,"SeedSequence([2026092905,0,3,11])",one independently generated complete analytic trace,synthetic_calendar_fixture_not_observed,synthetic_preexperiment_reference,false
calibration,3,SYN_KAPPA_CALIBRATION_S3_T012,SYN_KAPPA_CALIBRATION_S3_T012_E001,2026-08-07T02:45:00.000000Z,2026-08-07T02:58:20.000000Z,10,800,8000,204,107,417.53744768649113,6371,563.3422702457154,6934.342270245716,25,398600.4418,20,100,2000,0.15053441929697137,0.1499665294527198,2.999330589054396,0.0010933544496874428,5746.704839382837,0.01740127652192755,analytic_circular_shell_fixture_not_SGP4,explicit_preexperiment_assumption,"SeedSequence([2026092905,0,3,12])",one independently generated complete analytic trace,synthetic_calendar_fixture_not_observed,synthetic_preexperiment_reference,false
calibration,3,SYN_KAPPA_CALIBRATION_S3_T013,SYN_KAPPA_CALIBRATION_S3_T013_E001,2026-08-07T03:00:00.000000Z,2026-08-07T03:13:20.000000Z,10,800,8000,289,107,415.4747627769175,6371,559.2806449619209,6930.280644961921,25,398600.4418,20,100,2000,0.14965256320520132,0.14909458800689077,2.9818917601378154,0.0010943157628494876,5741.65658622956,0.017416576296087425,analytic_circular_shell_fixture_not_SGP4,explicit_preexperiment_assumption,"SeedSequence([2026092905,0,3,13])",one independently generated complete analytic trace,synthetic_calendar_fixture_not_observed,synthetic_preexperiment_reference,false
calibration,3,SYN_KAPPA_CALIBRATION_S3_T014,SYN_KAPPA_CALIBRATION_S3_T014_E001,2026-08-07T03:15:00.000000Z,2026-08-07T03:28:20.000000Z,10,800,8000,160,74,416.27482142500133,6371,560.8536711908225,6931.853671190823,25,398600.4418,20,100,2000,0.14999435864845018,0.1494325544659684,2.988651089319368,0.001093943288944626,5743.611547945273,0.017410648189774277,analytic_circular_shell_fixture_not_SGP4,explicit_preexperiment_assumption,"SeedSequence([2026092905,0,3,14])",one independently generated complete analytic trace,synthetic_calendar_fixture_not_observed,synthetic_preexperiment_reference,false
calibration,3,SYN_KAPPA_CALIBRATION_S3_T015,SYN_KAPPA_CALIBRATION_S3_T015_E001,2026-08-07T03:30:00.000000Z,2026-08-07T03:43:20.000000Z,10,800,8000,343,167,405.22480223518727,6371,539.3883912557798,6910.388391255779,25,398600.4418,20,100,2000,0.14530145191809757,0.14479071159405385,2.895814231881077,0.0010990443100069702,5716.953584100479,0.017491833461463074,analytic_circular_shell_fixture_not_SGP4,explicit_preexperiment_assumption,"SeedSequence([2026092905,0,3,15])",one independently generated complete analytic trace,synthetic_calendar_fixture_not_observed,synthetic_preexperiment_reference,false
calibration,3,SYN_KAPPA_CALIBRATION_S3_T016,SYN_KAPPA_CALIBRATION_S3_T016_E001,2026-08-07T03:45:00.000000Z,2026-08-07T03:58:20.000000Z,10,800,8000,287,136,411.44950623481583,6371,551.4115259617214,6922.411525961721,25,398600.4418,20,100,2000,0.1479377304644786,0.14739870367058125,2.947974073411625,0.0010961822542544786,5731.880152952143,0.01744628242942171,analytic_circular_shell_fixture_not_SGP4,explicit_preexperiment_assumption,"SeedSequence([2026092905,0,3,16])",one independently generated complete analytic trace,synthetic_calendar_fixture_not_observed,synthetic_preexperiment_reference,false
calibration,3,SYN_KAPPA_CALIBRATION_S3_T017,SYN_KAPPA_CALIBRATION_S3_T017_E001,2026-08-07T04:00:00.000000Z,2026-08-07T04:13:20.000000Z,10,800,8000,264,134,415.3714476701888,6371,559.0777310697413,6930.077731069741,25,398600.4418,20,100,2000,0.14960844888474373,0.14905096660984285,2.981019332196857,0.0010943638258376859,5741.4044203901685,0.017417341242302577,analytic_circular_shell_fixture_not_SGP4,explicit_preexperiment_assumption,"SeedSequence([2026092905,0,3,17])",one independently generated complete analytic trace,synthetic_calendar_fixture_not_observed,synthetic_preexperiment_reference,false
calibration,3,SYN_KAPPA_CALIBRATION_S3_T018,SYN_KAPPA_CALIBRATION_S3_T018_E001,2026-08-07T04:15:00.000000Z,2026-08-07T04:28:20.000000Z,10,800,8000,228,102,411.80457649990075,6371,552.1026598679392,6923.102659867939,25,398600.4418,20,100,2000,0.14808867620556782,0.14754799897523443,2.9509599795046886,0.0010960181104047813,5732.738581170964,0.017443669998915962,analytic_circular_shell_fixture_not_SGP4,explicit_preexperiment_assumption,"SeedSequence([2026092905,0,3,18])",one independently generated complete analytic trace,synthetic_calendar_fixture_not_observed,synthetic_preexperiment_reference,false
calibration,3,SYN_KAPPA_CALIBRATION_S3_T019,SYN_KAPPA_CALIBRATION_S3_T019_E001,2026-08-07T04:30:00.000000Z,2026-08-07T04:43:20.000000Z,10,800,8000,350,224,413.7304657746837,6371,555.8614533332682,6926.861453333268,25,398600.4418,20,100,2000,0.14890847921388212,0.1483587794820252,2.9671755896405037,0.0010951261162147022,5737.407969866871,0.01742947347045993,analytic_circular_shell_fixture_not_SGP4,explicit_preexperiment_assumption,"SeedSequence([2026092905,0,3,19])",one independently generated complete analytic trace,synthetic_calendar_fixture_not_observed,synthetic_preexperiment_reference,false
calibration,3,SYN_KAPPA_CALIBRATION_S3_T020,SYN_KAPPA_CALIBRATION_S3_T020_E001,2026-08-07T04:45:00.000000Z,2026-08-07T04:58:20.000000Z,10,800,8000,233,117,408.28033638763145,6371,545.2683214818554,6916.268321481855,25,398600.4418,20,100,2000,0.14659318962699336,0.14606871620955114,2.9213743241910226,0.0010976430637280109,5724.251821752978,0.01746953193428452,analytic_circular_shell_fixture_not_SGP4,explicit_preexperiment_assumption,"SeedSequence([2026092905,0,3,20])",one independently generated complete analytic trace,synthetic_calendar_fixture_not_observed,synthetic_preexperiment_reference,false
calibration,3,SYN_KAPPA_CALIBRATION_S3_T021,SYN_KAPPA_CALIBRATION_S3_T021_E001,2026-08-07T05:00:00.000000Z,2026-08-07T05:13:20.000000Z,10,800,8000,264,130,410.29573774327,6371,549.1697342499973,6920.169734249997,25,398600.4418,20,100,2000,0.14744767134201903,0.14691397970697856,2.938279594139571,0.0010967149604009345,5729.096013135987,0.0174547607110641,analytic_circular_shell_fixture_not_SGP4,explicit_preexperiment_assumption,"SeedSequence([2026092905,0,3,21])",one independently generated complete analytic trace,synthetic_calendar_fixture_not_observed,synthetic_preexperiment_reference,false
calibration,3,SYN_KAPPA_CALIBRATION_S3_T022,SYN_KAPPA_CALIBRATION_S3_T022_E001,2026-08-07T05:15:00.000000Z,2026-08-07T05:28:20.000000Z,10,800,8000,281,161,404.444719612962,6371,537.8939323873252,6908.893932387326,25,398600.4418,20,100,2000,0.14497238485372205,0.14446510430510162,2.8893020861020324,0.001099400929753106,5715.099139119893,0.01749750924100324,analytic_circular_shell_fixture_not_SGP4,explicit_preexperiment_assumption,"SeedSequence([2026092905,0,3,22])",one independently generated complete analytic trace,synthetic_calendar_fixture_not_observed,synthetic_preexperiment_reference,false
calibration,3,SYN_KAPPA_CALIBRATION_S3_T023,SYN_KAPPA_CALIBRATION_S3_T023_E001,2026-08-07T05:30:00.000000Z,2026-08-07T05:43:20.000000Z,10,800,8000,292,127,410.0477213238077,6371,548.6886279579996,6919.688627957999,25,398600.4418,20,100,2000,0.14734241197238823,0.1468098616644458,2.9361972332889157,0.0010968293396022627,5728.49857340434,0.017456581112591928,analytic_circular_shell_fixture_not_SGP4,explicit_preexperiment_assumption,"SeedSequence([2026092905,0,3,23])",one independently generated complete analytic trace,synthetic_calendar_fixture_not_observed,synthetic_preexperiment_reference,false
calibration,3,SYN_KAPPA_CALIBRATION_S3_T024,SYN_KAPPA_CALIBRATION_S3_T024_E001,2026-08-07T05:45:00.000000Z,2026-08-07T05:58:20.000000Z,10,800,8000,197,85,414.4992797261068,6371,557.3667491282314,6928.366749128231,25,398600.4418,20,100,2000,0.14923625483478703,0.14868291983261087,2.973658396652217,0.0010947692357432663,5739.278289925433,0.01742379354134773,analytic_circular_shell_fixture_not_SGP4,explicit_preexperiment_assumption,"SeedSequence([2026092905,0,3,24])",one independently generated complete analytic trace,synthetic_calendar_fixture_not_observed,synthetic_preexperiment_reference,false
calibration,3,SYN_KAPPA_CALIBRATION_S3_T025,SYN_KAPPA_CALIBRATION_S3_T025_E001,2026-08-07T06:00:00.000000Z,2026-08-07T06:13:20.000000Z,10,800,8000,213,112,406.54232355976865,6371,541.9186287517601,6912.9186287517605,25,398600.4418,20,100,2000,0.14585788944542039,0.14534126310787485,2.906825262157497,0.0010984409638375896,5720.093763827064,0.017482230908937822,analytic_circular_shell_fixture_not_SGP4,explicit_preexperiment_assumption,"SeedSequence([2026092905,0,3,25])",one independently generated complete analytic trace,synthetic_calendar_fixture_not_observed,synthetic_preexperiment_reference,false
calibration,3,SYN_KAPPA_CALIBRATION_S3_T026,SYN_KAPPA_CALIBRATION_S3_T026_E001,2026-08-07T06:15:00.000000Z,2026-08-07T06:28:20.000000Z,10,800,8000,229,90,414.6995216380475,6371,557.7592621908709,6928.759262190871,25,398600.4418,20,100,2000,0.14932167386289014,0.1487673888790423,2.975347777580846,0.001094676209317426,5739.766018206791,0.017422312979796666,analytic_circular_shell_fixture_not_SGP4,explicit_preexperiment_assumption,"SeedSequence([2026092905,0,3,26])",one independently generated complete analytic trace,synthetic_calendar_fixture_not_observed,synthetic_preexperiment_reference,false
calibration,3,SYN_KAPPA_CALIBRATION_S3_T027,SYN_KAPPA_CALIBRATION_S3_T027_E001,2026-08-07T06:30:00.000000Z,2026-08-07T06:43:20.000000Z,10,800,8000,195,122,410.9739920623752,6371,550.4868564877899,6921.48685648779,25,398600.4418,20,100,2000,0.14773567878002164,0.14719885595757887,2.9439771191515773,0.0010964019267341596,5730.731727091397,0.017449778625521956,analytic_circular_shell_fixture_not_SGP4,explicit_preexperiment_assumption,"SeedSequence([2026092905,0,3,27])",one independently generated complete analytic trace,synthetic_calendar_fixture_not_observed,synthetic_preexperiment_reference,false
calibration,3,SYN_KAPPA_CALIBRATION_S3_T028,SYN_KAPPA_CALIBRATION_S3_T028_E001,2026-08-07T06:45:00.000000Z,2026-08-07T06:58:20.000000Z,10,800,8000,236,99,411.11159145984135,6371,550.7543213904585,6921.754321390458,25,398600.4418,20,100,2000,0.14779413505738276,0.14725667521443145,2.945133504288629,0.0010963383779165957,5731.0639066742415,0.017448767214677665,analytic_circular_shell_fixture_not_SGP4,explicit_preexperiment_assumption,"SeedSequence([2026092905,0,3,28])",one independently generated complete analytic trace,synthetic_calendar_fixture_not_observed,synthetic_preexperiment_reference,false
calibration,3,SYN_KAPPA_CALIBRATION_S3_T029,SYN_KAPPA_CALIBRATION_S3_T029_E001,2026-08-07T07:00:00.000000Z,2026-08-07T07:13:20.000000Z,10,800,8000,319,152,408.2473859901041,6371,545.204689121184,6916.204689121184,25,398600.4418,20,100,2000,0.1465792357890146,0.1460549120199906,2.921098240399812,0.0010976582120173788,5724.172823917348,0.017469773026797752,analytic_circular_shell_fixture_not_SGP4,explicit_preexperiment_assumption,"SeedSequence([2026092905,0,3,29])",one independently generated complete analytic trace,synthetic_calendar_fixture_not_observed,synthetic_preexperiment_reference,false
calibration,3,SYN_KAPPA_CALIBRATION_S3_T030,SYN_KAPPA_CALIBRATION_S3_T030_E001,2026-08-07T07:15:00.000000Z,2026-08-07T07:28:20.000000Z,10,800,8000,235,117,405.2186098080506,6371,539.3765173115955,6910.376517311595,25,398600.4418,20,100,2000,0.1452988385870259,0.14478812580097772,2.8957625160195546,0.001099047142702779,5716.9388491634345,0.017491878545217096,analytic_circular_shell_fixture_not_SGP4,explicit_preexperiment_assumption,"SeedSequence([2026092905,0,3,30])",one independently generated complete analytic trace,synthetic_calendar_fixture_not_observed,synthetic_preexperiment_reference,false
calibration,4,SYN_KAPPA_CALIBRATION_S4_T001,SYN_KAPPA_CALIBRATION_S4_T001_E001,2026-08-10T00:00:00.000000Z,2026-08-10T00:13:20.000000Z,10,800,8000,311,116,408.3468542382375,6371,545.396792790013,6916.396792790013,25,398600.4418,20,100,2000,0.14662136021106992,0.1460965845905536,2.9219316918110723,0.0010976124809716264,5724.411316476282,0.017469045194599325,analytic_circular_shell_fixture_not_SGP4,explicit_preexperiment_assumption,"SeedSequence([2026092905,0,4,1])",one independently generated complete analytic trace,synthetic_calendar_fixture_not_observed,synthetic_preexperiment_reference,false
calibration,4,SYN_KAPPA_CALIBRATION_S4_T002,SYN_KAPPA_CALIBRATION_S4_T002_E001,2026-08-10T00:15:00.000000Z,2026-08-10T00:28:20.000000Z,10,800,8000,211,94,404.97035643464386,6371,538.9006337209747,6909.900633720975,25,398600.4418,20,100,2000,0.14519408563399389,0.14468447586894312,2.8936895173788626,0.0010991606814205984,5716.348313204719,0.017493685570034424,analytic_circular_shell_fixture_not_SGP4,explicit_preexperiment_assumption,"SeedSequence([2026092905,0,4,2])",one independently generated complete analytic trace,synthetic_calendar_fixture_not_observed,synthetic_preexperiment_reference,false
calibration,4,SYN_KAPPA_CALIBRATION_S4_T003,SYN_KAPPA_CALIBRATION_S4_T003_E001,2026-08-10T00:30:00.000000Z,2026-08-10T00:43:20.000000Z,10,800,8000,289,143,403.1400588658261,6371,535.4005449752424,6906.400544975242,25,398600.4418,20,100,2000,0.14442267771432188,0.14392114185125343,2.8784228370250684,0.0010999963513088312,5712.005589567216,0.017506985669384956,analytic_circular_shell_fixture_not_SGP4,explicit_preexperiment_assumption,"SeedSequence([2026092905,0,4,3])",one independently generated complete analytic trace,synthetic_calendar_fixture_not_observed,synthetic_preexperiment_reference,false
calibration,4,SYN_KAPPA_CALIBRATION_S4_T004,SYN_KAPPA_CALIBRATION_S4_T004_E001,2026-08-10T00:45:00.000000Z,2026-08-10T00:58:20.000000Z,10,800,8000,309,178,403.1613901992108,6371,535.4412514710092,6906.441251471009,25,398600.4418,20,100,2000,0.1444316589976648,0.14393002962608475,2.8786005925216953,0.0010999866262718964,5712.056089695129,0.01750683089061496,analytic_circular_shell_fixture_not_SGP4,explicit_preexperiment_assumption,"SeedSequence([2026092905,0,4,4])",one independently generated complete analytic trace,synthetic_calendar_fixture_not_observed,synthetic_preexperiment_reference,false
calibration,4,SYN_KAPPA_CALIBRATION_S4_T005,SYN_KAPPA_CALIBRATION_S4_T005_E001,2026-08-10T01:00:00.000000Z,2026-08-10T01:13:20.000000Z,10,800,8000,237,92,407.5458645017829,6371,543.851104988479,6914.851104988479,25,398600.4418,20,100,2000,0.14628227964926083,0.14576113385856201,2.9152226771712404,0.0010979805281650659,5722.492472320964,0.017474902847612026,analytic_circular_shell_fixture_not_SGP4,explicit_preexperiment_assumption,"SeedSequence([2026092905,0,4,5])",one independently generated complete analytic trace,synthetic_calendar_fixture_not_observed,synthetic_preexperiment_reference,false
calibration,4,SYN_KAPPA_CALIBRATION_S4_T006,SYN_KAPPA_CALIBRATION_S4_T006_E001,2026-08-10T01:15:00.000000Z,2026-08-10T01:28:20.000000Z,10,800,8000,260,127,417.263983881246,6371,562.8026458495954,6933.802645849595,25,398600.4418,20,100,2000,0.15041738344917494,0.1498508161278406,2.997016322556812,0.0010934820879208637,5746.0340471844165,0.017403307947505196,analytic_circular_shell_fixture_not_SGP4,explicit_preexperiment_assumption,"SeedSequence([2026092905,0,4,6])",one independently generated complete analytic trace,synthetic_calendar_fixture_not_observed,synthetic_preexperiment_reference,false
calibration,4,SYN_KAPPA_CALIBRATION_S4_T007,SYN_KAPPA_CALIBRATION_S4_T007_E001,2026-08-10T01:30:00.000000Z,2026-08-10T01:43:20.000000Z,10,800,8000,313,155,418.10584252425804,6371,564.4650070841305,6935.465007084131,25,398600.4418,20,100,2000,0.15077779853030843,0.1502071518844532,3.004143037689064,0.0010930889664857665,5748.100566214435,0.017397051225542085,analytic_circular_shell_fixture_not_SGP4,explicit_preexperiment_assumption,"SeedSequence([2026092905,0,4,7])",one independently generated complete analytic trace,synthetic_calendar_fixture_not_observed,synthetic_preexperiment_reference,false
calibration,4,SYN_KAPPA_CALIBRATION_S4_T008,SYN_KAPPA_CALIBRATION_S4_T008_E001,2026-08-10T01:45:00.000000Z,2026-08-10T01:58:20.000000Z,10,800,8000,232,114,410.510159864098,6371,549.5858998659885,6920.585899865989,25,398600.4418,20,100,2000,0.1475386972645522,0.14700401732322946,2.940080346464589,0.0010966160363642928,5729.612826026857,0.017453186286121886,analytic_circular_shell_fixture_not_SGP4,explicit_preexperiment_assumption,"SeedSequence([2026092905,0,4,8])",one independently generated complete analytic trace,synthetic_calendar_fixture_not_observed,synthetic_preexperiment_reference,false
calibration,4,SYN_KAPPA_CALIBRATION_S4_T009,SYN_KAPPA_CALIBRATION_S4_T009_E001,2026-08-10T02:00:00.000000Z,2026-08-10T02:13:20.000000Z,10,800,8000,283,171,409.4927321001077,6371,547.6130654844951,6918.613065484495,25,398600.4418,20,100,2000,0.1471069801850315,0.1465769767773536,2.931539535547072,0.0010970851179600736,5727.163010708392,0.01746065195159008,analytic_circular_shell_fixture_not_SGP4,explicit_preexperiment_assumption,"SeedSequence([2026092905,0,4,9])",one independently generated complete analytic trace,synthetic_calendar_fixture_not_observed,synthetic_preexperiment_reference,false
calibration,4,SYN_KAPPA_CALIBRATION_S4_T010,SYN_KAPPA_CALIBRATION_S4_T010_E001,2026-08-10T02:15:00.000000Z,2026-08-10T02:28:20.000000Z,10,800,8000,118,56,407.1808535645939,6371,543.1476947891799,6914.14769478918,25,398600.4418,20,100,2000,0.14612786317212773,0.14560836484113276,2.9121672968226555,0.0010981480868532411,5721.619317467595,0.017477569626960135,analytic_circular_shell_fixture_not_SGP4,explicit_preexperiment_assumption,"SeedSequence([2026092905,0,4,10])",one independently generated complete analytic trace,synthetic_calendar_fixture_not_observed,synthetic_preexperiment_reference,false
calibration,4,SYN_KAPPA_CALIBRATION_S4_T011,SYN_KAPPA_CALIBRATION_S4_T011_E001,2026-08-10T02:30:00.000000Z,2026-08-10T02:43:20.000000Z,10,800,8000,270,133,412.78732668281947,6371,554.0185749316087,6925.018574931609,25,398600.4418,20,100,2000,0.1485067804919858,0.147961514158333,2.95923028316666,0.0010955632959510715,5735.118482337507,0.01743643140206621,analytic_circular_shell_fixture_not_SGP4,explicit_preexperiment_assumption,"SeedSequence([2026092905,0,4,11])",one independently generated complete analytic trace,synthetic_calendar_fixture_not_observed,synthetic_preexperiment_reference,false
calibration,4,SYN_KAPPA_CALIBRATION_S4_T012,SYN_KAPPA_CALIBRATION_S4_T012_E001,2026-08-10T02:45:00.000000Z,2026-08-10T02:58:20.000000Z,10,800,8000,223,90,408.6105557286043,6371,545.9062977636493,6916.9062977636495,25,398600.4418,20,100,2000,0.14673305991339874,0.14620708488041845,2.924141697608369,0.0010974912066557374,5725.043871946488,0.017467115053914944,analytic_circular_shell_fixture_not_SGP4,explicit_preexperiment_assumption,"SeedSequence([2026092905,0,4,12])",one independently generated complete analytic trace,synthetic_calendar_fixture_not_observed,synthetic_preexperiment_reference,false
calibration,4,SYN_KAPPA_CALIBRATION_S4_T013,SYN_KAPPA_CALIBRATION_S4_T013_E001,2026-08-10T03:00:00.000000Z,2026-08-10T03:13:20.000000Z,10,800,8000,253,129,408.62473243365207,6371,545.9336978832386,6916.933697883239,25,398600.4418,20,100,2000,0.14673906588921842,0.14621302631342084,2.9242605262684167,0.0010974846854076288,5725.077890126439,0.017467011265027782,analytic_circular_shell_fixture_not_SGP4,explicit_preexperiment_assumption,"SeedSequence([2026092905,0,4,13])",one independently generated complete analytic trace,synthetic_calendar_fixture_not_observed,synthetic_preexperiment_reference,false
calibration,4,SYN_KAPPA_CALIBRATION_S4_T014,SYN_KAPPA_CALIBRATION_S4_T014_E001,2026-08-10T03:15:00.000000Z,2026-08-10T03:28:20.000000Z,10,800,8000,204,92,415.00754032961515,6371,558.3634026796307,6929.363402679631,25,398600.4418,20,100,2000,0.14945310703589593,0.14889735820705416,2.9779471641410833,0.0010945330524861191,5740.516737167487,0.017420034568062678,analytic_circular_shell_fixture_not_SGP4,explicit_preexperiment_assumption,"SeedSequence([2026092905,0,4,14])",one independently generated complete analytic trace,synthetic_calendar_fixture_not_observed,synthetic_preexperiment_reference,false
calibration,4,SYN_KAPPA_CALIBRATION_S4_T015,SYN_KAPPA_CALIBRATION_S4_T015_E001,2026-08-10T03:30:00.000000Z,2026-08-10T03:43:20.000000Z,10,800,8000,151,84,404.4569424615769,6371,537.9173276638071,6908.917327663807,25,398600.4418,20,100,2000,0.1449775386604008,0.144470204045892,2.8894040809178403,0.0010993953454989341,5715.1281683188445,0.017497420364837746,analytic_circular_shell_fixture_not_SGP4,explicit_preexperiment_assumption,"SeedSequence([2026092905,0,4,15])",one independently generated complete analytic trace,synthetic_calendar_fixture_not_observed,synthetic_preexperiment_reference,false
calibration,4,SYN_KAPPA_CALIBRATION_S4_T016,SYN_KAPPA_CALIBRATION_S4_T016_E001,2026-08-10T03:45:00.000000Z,2026-08-10T03:58:20.000000Z,10,800,8000,191,110,406.21703156765693,6371,541.293198448054,6912.293198448054,25,398600.4418,20,100,2000,0.14572042952452496,0.14520526142100842,2.9041052284201685,0.0010985900490512175,5719.317513030429,0.017484603673806904,analytic_circular_shell_fixture_not_SGP4,explicit_preexperiment_assumption,"SeedSequence([2026092905,0,4,16])",one independently generated complete analytic trace,synthetic_calendar_fixture_not_observed,synthetic_preexperiment_reference,false
calibration,4,SYN_KAPPA_CALIBRATION_S4_T017,SYN_KAPPA_CALIBRATION_S4_T017_E001,2026-08-10T04:00:00.000000Z,2026-08-10T04:13:20.000000Z,10,800,8000,239,99,414.7272289754766,6371,557.8135886354596,6928.813588635459,25,398600.4418,20,100,2000,0.14933349480117358,0.1487790782661101,2.9755815653222015,0.0010946633348731009,5739.833524165643,0.017422108076651274,analytic_circular_shell_fixture_not_SGP4,explicit_preexperiment_assumption,"SeedSequence([2026092905,0,4,17])",one independently generated complete analytic trace,synthetic_calendar_fixture_not_observed,synthetic_preexperiment_reference,false
calibration,4,SYN_KAPPA_CALIBRATION_S4_T018,SYN_KAPPA_CALIBRATION_S4_T018_E001,2026-08-10T04:15:00.000000Z,2026-08-10T04:28:20.000000Z,10,800,8000,232,82,409.25248703999176,6371,547.1479077559163,6918.147907755916,25,398600.4418,20,100,2000,0.1470051122835248,0.14647620836350458,2.929524167270092,0.001097195767415607,5726.585440608592,0.017462412992369936,analytic_circular_shell_fixture_not_SGP4,explicit_preexperiment_assumption,"SeedSequence([2026092905,0,4,18])",one independently generated complete analytic trace,synthetic_calendar_fixture_not_observed,synthetic_preexperiment_reference,false
calibration,4,SYN_KAPPA_CALIBRATION_S4_T019,SYN_KAPPA_CALIBRATION_S4_T019_E001,2026-08-10T04:30:00.000000Z,2026-08-10T04:43:20.000000Z,10,800,8000,295,135,412.0002659732249,6371,552.4838110424835,6923.4838110424835,25,398600.4418,20,100,2000,0.14817189315470386,0.1476303045952525,2.95260609190505,0.001095927604775249,5733.212011269788,0.01744222955708419,analytic_circular_shell_fixture_not_SGP4,explicit_preexperiment_assumption,"SeedSequence([2026092905,0,4,19])",one independently generated complete analytic trace,synthetic_calendar_fixture_not_observed,synthetic_preexperiment_reference,false
calibration,4,SYN_KAPPA_CALIBRATION_S4_T020,SYN_KAPPA_CALIBRATION_S4_T020_E001,2026-08-10T04:45:00.000000Z,2026-08-10T04:58:20.000000Z,10,800,8000,209,97,407.86820662374157,6371,544.4727875833476,6915.472787583348,25,398600.4418,20,100,2000,0.14641869857216633,0.14589609444508855,2.917921888901771,0.0010978324732025802,5723.264214302546,0.017472546479699137,analytic_circular_shell_fixture_not_SGP4,explicit_preexperiment_assumption,"SeedSequence([2026092905,0,4,20])",one independently generated complete analytic trace,synthetic_calendar_fixture_not_observed,synthetic_preexperiment_reference,false
calibration,4,SYN_KAPPA_CALIBRATION_S4_T021,SYN_KAPPA_CALIBRATION_S4_T021_E001,2026-08-10T05:00:00.000000Z,2026-08-10T05:13:20.000000Z,10,800,8000,229,120,411.22650415750854,6371,550.9777544182954,6921.977754418295,25,398600.4418,20,100,2000,0.14784296044332162,0.14730496814572303,2.9460993629144605,0.0010962852956396974,5731.341405535556,0.01744792238400177,analytic_circular_shell_fixture_not_SGP4,explicit_preexperiment_assumption,"SeedSequence([2026092905,0,4,21])",one independently generated complete analytic trace,synthetic_calendar_fixture_not_observed,synthetic_preexperiment_reference,false
calibration,4,SYN_KAPPA_CALIBRATION_S4_T022,SYN_KAPPA_CALIBRATION_S4_T022_E001,2026-08-10T05:15:00.000000Z,2026-08-10T05:28:20.000000Z,10,800,8000,231,127,406.58269701512677,6371,541.9962868324246,6912.996286832425,25,398600.4418,20,100,2000,0.14587495375317588,0.1453581461985369,2.907162923970738,0.0010984224546614228,5720.1901513532985,0.017481936326249874,analytic_circular_shell_fixture_not_SGP4,explicit_preexperiment_assumption,"SeedSequence([2026092905,0,4,22])",one independently generated complete analytic trace,synthetic_calendar_fixture_not_observed,synthetic_preexperiment_reference,false
calibration,4,SYN_KAPPA_CALIBRATION_S4_T023,SYN_KAPPA_CALIBRATION_S4_T023_E001,2026-08-10T05:30:00.000000Z,2026-08-10T05:43:20.000000Z,10,800,8000,313,137,415.14838699695076,6371,558.6398030930733,6929.639803093073,25,398600.4418,20,100,2000,0.14951322272844753,0.14895680350025925,2.979136070005185,0.0010944675671838338,5740.860209633076,0.01741899233710682,analytic_circular_shell_fixture_not_SGP4,explicit_preexperiment_assumption,"SeedSequence([2026092905,0,4,23])",one independently generated complete analytic trace,synthetic_calendar_fixture_not_observed,synthetic_preexperiment_reference,false
calibration,4,SYN_KAPPA_CALIBRATION_S4_T024,SYN_KAPPA_CALIBRATION_S4_T024_E001,2026-08-10T05:45:00.000000Z,2026-08-10T05:58:20.000000Z,10,800,8000,172,70,415.8601549614023,6371,560.0380060049988,6931.038006004999,25,398600.4418,20,100,2000,0.14981716793979877,0.14925735092368372,2.9851470184736746,0.0010941364023801564,5742.597809113476,0.01741372168555849,analytic_circular_shell_fixture_not_SGP4,explicit_preexperiment_assumption,"SeedSequence([2026092905,0,4,24])",one independently generated complete analytic trace,synthetic_calendar_fixture_not_observed,synthetic_preexperiment_reference,false
calibration,4,SYN_KAPPA_CALIBRATION_S4_T025,SYN_KAPPA_CALIBRATION_S4_T025_E001,2026-08-10T06:00:00.000000Z,2026-08-10T06:13:20.000000Z,10,800,8000,287,134,415.17005171144024,6371,558.6823265762895,6929.68232657629,25,398600.4418,20,100,2000,0.14952247046204198,0.14896594805702967,2.9793189611405935,0.0010944574930203369,5740.913052584706,0.017418832001815016,analytic_circular_shell_fixture_not_SGP4,explicit_preexperiment_assumption,"SeedSequence([2026092905,0,4,25])",one independently generated complete analytic trace,synthetic_calendar_fixture_not_observed,synthetic_preexperiment_reference,false
calibration,4,SYN_KAPPA_CALIBRATION_S4_T026,SYN_KAPPA_CALIBRATION_S4_T026_E001,2026-08-10T06:15:00.000000Z,2026-08-10T06:28:20.000000Z,10,800,8000,254,136,408.6560892490219,6371,545.9943062058659,6916.9943062058655,25,398600.4418,20,100,2000,0.14675235058180486,0.14622616822421186,2.924523364484237,0.0010974702608128038,5725.153137658746,0.017466781690470935,analytic_circular_shell_fixture_not_SGP4,explicit_preexperiment_assumption,"SeedSequence([2026092905,0,4,26])",one independently generated complete analytic trace,synthetic_calendar_fixture_not_observed,synthetic_preexperiment_reference,false
calibration,4,SYN_KAPPA_CALIBRATION_S4_T027,SYN_KAPPA_CALIBRATION_S4_T027_E001,2026-08-10T06:30:00.000000Z,2026-08-10T06:43:20.000000Z,10,800,8000,283,152,417.46846427256065,6371,563.2061125233876,6934.206112523388,25,398600.4418,20,100,2000,0.15050489253920335,0.14993733654549848,2.9987467309099696,0.0010933866529519401,5746.5355830127955,0.017401789052800393,analytic_circular_shell_fixture_not_SGP4,explicit_preexperiment_assumption,"SeedSequence([2026092905,0,4,27])",one independently generated complete analytic trace,synthetic_calendar_fixture_not_observed,synthetic_preexperiment_reference,false
calibration,4,SYN_KAPPA_CALIBRATION_S4_T028,SYN_KAPPA_CALIBRATION_S4_T028_E001,2026-08-10T06:45:00.000000Z,2026-08-10T06:58:20.000000Z,10,800,8000,246,116,416.7394758232197,6371,561.7686211116807,6932.768621111681,25,398600.4418,20,100,2000,0.15019301161407267,0.14962897399056962,2.9925794798113925,0.0010937267368664862,5744.748752490806,0.017407201656407,analytic_circular_shell_fixture_not_SGP4,explicit_preexperiment_assumption,"SeedSequence([2026092905,0,4,28])",one independently generated complete analytic trace,synthetic_calendar_fixture_not_observed,synthetic_preexperiment_reference,false
calibration,4,SYN_KAPPA_CALIBRATION_S4_T029,SYN_KAPPA_CALIBRATION_S4_T029_E001,2026-08-10T07:00:00.000000Z,2026-08-10T07:13:20.000000Z,10,800,8000,402,231,411.4490719358246,6371,551.4106809654318,6922.410680965431,25,398600.4418,20,100,2000,0.14793754587518854,0.14739852109752855,2.947970421950571,0.00109618245496562,5731.8791034441865,0.01744628562383874,analytic_circular_shell_fixture_not_SGP4,explicit_preexperiment_assumption,"SeedSequence([2026092905,0,4,29])",one independently generated complete analytic trace,synthetic_calendar_fixture_not_observed,synthetic_preexperiment_reference,false
calibration,4,SYN_KAPPA_CALIBRATION_S4_T030,SYN_KAPPA_CALIBRATION_S4_T030_E001,2026-08-10T07:15:00.000000Z,2026-08-10T07:28:20.000000Z,10,800,8000,316,176,410.7803150804031,6371,550.110535028519,6921.110535028519,25,398600.4418,20,100,2000,0.14765341475354327,0.14711748754183854,2.9423497508367706,0.0010964913499227024,5730.264363346343,0.01745120183977032,analytic_circular_shell_fixture_not_SGP4,explicit_preexperiment_assumption,"SeedSequence([2026092905,0,4,30])",one independently generated complete analytic trace,synthetic_calendar_fixture_not_observed,synthetic_preexperiment_reference,false
calibration,5,SYN_KAPPA_CALIBRATION_S5_T001,SYN_KAPPA_CALIBRATION_S5_T001_E001,2026-08-13T00:00:00.000000Z,2026-08-13T00:13:20.000000Z,10,800,8000,348,184,413.6501970536226,6371,555.7044494766673,6926.704449476667,25,398600.4418,20,100,2000,0.14887427434544703,0.1483249530514379,2.966499061028758,0.0010951633503711341,5737.212905317102,0.01743006607046473,analytic_circular_shell_fixture_not_SGP4,explicit_preexperiment_assumption,"SeedSequence([2026092905,0,5,1])",one independently generated complete analytic trace,synthetic_calendar_fixture_not_observed,synthetic_preexperiment_reference,false
calibration,5,SYN_KAPPA_CALIBRATION_S5_T002,SYN_KAPPA_CALIBRATION_S5_T002_E001,2026-08-13T00:15:00.000000Z,2026-08-13T00:28:20.000000Z,10,800,8000,242,127,404.7049642558537,6371,538.3922000389666,6909.392200038967,25,398600.4418,20,100,2000,0.1450821332593734,0.14457370056828983,2.891474011365797,0.0010992820077059516,5715.717407484653,0.01749561653783852,analytic_circular_shell_fixture_not_SGP4,explicit_preexperiment_assumption,"SeedSequence([2026092905,0,5,2])",one independently generated complete analytic trace,synthetic_calendar_fixture_not_observed,synthetic_preexperiment_reference,false
calibration,5,SYN_KAPPA_CALIBRATION_S5_T003,SYN_KAPPA_CALIBRATION_S5_T003_E001,2026-08-13T00:30:00.000000Z,2026-08-13T00:43:20.000000Z,10,800,8000,287,139,413.16984671127904,6371,554.7655175198025,6925.765517519802,25,398600.4418,20,100,2000,0.1486696493347473,0.1481225883600527,2.9624517672010544,0.001095386066267794,5736.046404705231,0.017433610704050587,analytic_circular_shell_fixture_not_SGP4,explicit_preexperiment_assumption,"SeedSequence([2026092905,0,5,3])",one independently generated complete analytic trace,synthetic_calendar_fixture_not_observed,synthetic_preexperiment_reference,false
calibration,5,SYN_KAPPA_CALIBRATION_S5_T004,SYN_KAPPA_CALIBRATION_S5_T004_E001,2026-08-13T00:45:00.000000Z,2026-08-13T00:58:20.000000Z,10,800,8000,264,135,416.0899434136809,6371,560.4899095372554,6931.489909537256,25,398600.4418,20,100,2000,0.1499153480195658,0.14935443050832217,2.9870886101664436,0.0010940294045948765,5743.159444152486,0.01741201876291577,analytic_circular_shell_fixture_not_SGP4,explicit_preexperiment_assumption,"SeedSequence([2026092905,0,5,4])",one independently generated complete analytic trace,synthetic_calendar_fixture_not_observed,synthetic_preexperiment_reference,false
calibration,5,SYN_KAPPA_CALIBRATION_S5_T005,SYN_KAPPA_CALIBRATION_S5_T005_E001,2026-08-13T01:00:00.000000Z,2026-08-13T01:13:20.000000Z,10,800,8000,258,105,411.38003794337527,6371,551.2763755768449,6922.276375576845,25,398600.4418,20,100,2000,0.14790820565899948,0.14736950129568158,2.9473900259136316,0.0010962143571716333,5731.712293379344,0.017446793363216993,analytic_circular_shell_fixture_not_SGP4,explicit_preexperiment_assumption,"SeedSequence([2026092905,0,5,5])",one independently generated complete analytic trace,synthetic_calendar_fixture_not_observed,synthetic_preexperiment_reference,false
calibration,5,SYN_KAPPA_CALIBRATION_S5_T006,SYN_KAPPA_CALIBRATION_S5_T006_E001,2026-08-13T01:15:00.000000Z,2026-08-13T01:28:20.000000Z,10,800,8000,258,133,418.2036350123215,6371,564.6583279051399,6935.65832790514,25,398600.4418,20,100,2000,0.15081968836548004,0.1502485663286302,3.004971326572604,0.001093043264540708,5748.3409037973925,0.017396323856495588,analytic_circular_shell_fixture_not_SGP4,explicit_preexperiment_assumption,"SeedSequence([2026092905,0,5,6])",one independently generated complete analytic trace,synthetic_calendar_fixture_not_observed,synthetic_preexperiment_reference,false
calibration,5,SYN_KAPPA_CALIBRATION_S5_T007,SYN_KAPPA_CALIBRATION_S5_T007_E001,2026-08-13T01:30:00.000000Z,2026-08-13T01:43:20.000000Z,10,800,8000,203,86,408.9494311317534,6371,546.5615106170007,6917.561510617001,25,398600.4418,20,100,2000,0.14687665144216194,0.14634913186769552,2.9269826373539103,0.0010973352832173786,5725.857359436521,0.017464633455319078,analytic_circular_shell_fixture_not_SGP4,explicit_preexperiment_assumption,"SeedSequence([2026092905,0,5,7])",one independently generated complete analytic trace,synthetic_calendar_fixture_not_observed,synthetic_preexperiment_reference,false
calibration,5,SYN_KAPPA_CALIBRATION_S5_T008,SYN_KAPPA_CALIBRATION_S5_T008_E001,2026-08-13T01:45:00.000000Z,2026-08-13T01:58:20.000000Z,10,800,8000,301,161,404.2240492352622,6371,537.4716700731223,6908.471670073122,25,398600.4418,20,100,2000,0.1448793506311415,0.14437304539615534,2.887460907923107,0.001099501728315378,5714.575198355064,0.017499113499947455,analytic_circular_shell_fixture_not_SGP4,explicit_preexperiment_assumption,"SeedSequence([2026092905,0,5,8])",one independently generated complete analytic trace,synthetic_calendar_fixture_not_observed,synthetic_preexperiment_reference,false
calibration,5,SYN_KAPPA_CALIBRATION_S5_T009,SYN_KAPPA_CALIBRATION_S5_T009_E001,2026-08-13T02:00:00.000000Z,2026-08-13T02:13:20.000000Z,10,800,8000,338,158,407.80554610836737,6371,544.3519011797226,6915.3519011797225,25,398600.4418,20,100,2000,0.14639217599610393,0.1458698556114278,2.9173971122285556,0.0010978612599370837,5723.11414608041,0.017473004634808307,analytic_circular_shell_fixture_not_SGP4,explicit_preexperiment_assumption,"SeedSequence([2026092905,0,5,9])",one independently generated complete analytic trace,synthetic_calendar_fixture_not_observed,synthetic_preexperiment_reference,false
calibration,5,SYN_KAPPA_CALIBRATION_S5_T010,SYN_KAPPA_CALIBRATION_S5_T010_E001,2026-08-13T02:15:00.000000Z,2026-08-13T02:28:20.000000Z,10,800,8000,298,121,410.64639094144934,6371,549.8504157918568,6920.850415791857,25,398600.4418,20,100,2000,0.14759654136542572,0.14706123275375554,2.9412246550751107,0.0010965531677245123,5729.941321694412,0.017452185700643233,analytic_circular_shell_fixture_not_SGP4,explicit_preexperiment_assumption,"SeedSequence([2026092905,0,5,10])",one independently generated complete analytic trace,synthetic_calendar_fixture_not_observed,synthetic_preexperiment_reference,false
calibration,5,SYN_KAPPA_CALIBRATION_S5_T011,SYN_KAPPA_CALIBRATION_S5_T011_E001,2026-08-13T02:30:00.000000Z,2026-08-13T02:43:20.000000Z,10,800,8000,178,92,405.888407067223,6371,540.661842238125,6911.661842238125,25,398600.4418,20,100,2000,0.14558161281405274,0.1450679145535393,2.901358291070786,0.0010987405810444085,5718.53394293228,0.017486999464887888,analytic_circular_shell_fixture_not_SGP4,explicit_preexperiment_assumption,"SeedSequence([2026092905,0,5,11])",one independently generated complete analytic trace,synthetic_calendar_fixture_not_observed,synthetic_preexperiment_reference,false
calibration,5,SYN_KAPPA_CALIBRATION_S5_T012,SYN_KAPPA_CALIBRATION_S5_T012_E001,2026-08-13T02:45:00.000000Z,2026-08-13T02:58:20.000000Z,10,800,8000,314,152,405.717701687104,6371,540.3340723281057,6911.334072328105,25,398600.4418,20,100,2000,0.14550952427110958,0.1449965882079599,2.899931764159198,0.0010988187436033487,5718.127164972796,0.01748824346064989,analytic_circular_shell_fixture_not_SGP4,explicit_preexperiment_assumption,"SeedSequence([2026092905,0,5,12])",one independently generated complete analytic trace,synthetic_calendar_fixture_not_observed,synthetic_preexperiment_reference,false
calibration,5,SYN_KAPPA_CALIBRATION_S5_T013,SYN_KAPPA_CALIBRATION_S5_T013_E001,2026-08-13T03:00:00.000000Z,2026-08-13T03:13:20.000000Z,10,800,8000,183,88,416.1465727764156,6371,560.6013151545415,6931.601315154541,25,398600.4418,20,100,2000,0.1499395476884356,0.14937835870330687,2.9875671740661374,0.0010940030296219339,5743.29790416662,0.017411598992184,analytic_circular_shell_fixture_not_SGP4,explicit_preexperiment_assumption,"SeedSequence([2026092905,0,5,13])",one independently generated complete analytic trace,synthetic_calendar_fixture_not_observed,synthetic_preexperiment_reference,false
calibration,5,SYN_KAPPA_CALIBRATION_S5_T014,SYN_KAPPA_CALIBRATION_S5_T014_E001,2026-08-13T03:15:00.000000Z,2026-08-13T03:28:20.000000Z,10,800,8000,224,135,405.1713708853218,6371,539.2859425730747,6910.285942573075,25,398600.4418,20,100,2000,0.14527890339591204,0.14476840064454752,2.8953680128909505,0.0010990687509765736,5716.826451117534,0.017492222451575706,analytic_circular_shell_fixture_not_SGP4,explicit_preexperiment_assumption,"SeedSequence([2026092905,0,5,14])",one independently generated complete analytic trace,synthetic_calendar_fixture_not_observed,synthetic_preexperiment_reference,false
calibration,5,SYN_KAPPA_CALIBRATION_S5_T015,SYN_KAPPA_CALIBRATION_S5_T015_E001,2026-08-13T03:30:00.000000Z,2026-08-13T03:43:20.000000Z,10,800,8000,159,78,405.46542356616914,6371,539.8499138282704,6910.8499138282705,25,398600.4418,20,100,2000,0.14540301321141508,0.14489120191836652,2.8978240383673306,0.0010989342167561605,5717.526319024194,0.017490081272956332,analytic_circular_shell_fixture_not_SGP4,explicit_preexperiment_assumption,"SeedSequence([2026092905,0,5,15])",one independently generated complete analytic trace,synthetic_calendar_fixture_not_observed,synthetic_preexperiment_reference,false
calibration,5,SYN_KAPPA_CALIBRATION_S5_T016,SYN_KAPPA_CALIBRATION_S5_T016_E001,2026-08-13T03:45:00.000000Z,2026-08-13T03:58:20.000000Z,10,800,8000,305,140,408.6204221378834,6371,545.9253670345762,6916.925367034576,25,398600.4418,20,100,2000,0.1467372398176578,0.14621121986617405,2.924224397323481,0.0010974866681487511,5725.067547087484,0.01746704282133283,analytic_circular_shell_fixture_not_SGP4,explicit_preexperiment_assumption,"SeedSequence([2026092905,0,5,16])",one independently generated complete analytic trace,synthetic_calendar_fixture_not_observed,synthetic_preexperiment_reference,false
calibration,5,SYN_KAPPA_CALIBRATION_S5_T017,SYN_KAPPA_CALIBRATION_S5_T017_E001,2026-08-13T04:00:00.000000Z,2026-08-13T04:13:20.000000Z,10,800,8000,298,179,414.5513879133973,6371,557.4688733672209,6928.468873367221,25,398600.4418,20,100,2000,0.14925848118930946,0.14870489910274623,2.9740979820549245,0.0010947450308146321,5739.405185976576,0.0174234083079438,analytic_circular_shell_fixture_not_SGP4,explicit_preexperiment_assumption,"SeedSequence([2026092905,0,5,17])",one independently generated complete analytic trace,synthetic_calendar_fixture_not_observed,synthetic_preexperiment_reference,false
calibration,5,SYN_KAPPA_CALIBRATION_S5_T018,SYN_KAPPA_CALIBRATION_S5_T018_E001,2026-08-13T04:15:00.000000Z,2026-08-13T04:28:20.000000Z,10,800,8000,196,110,417.69964798744326,6371,563.6625053910996,6934.662505391099,25,398600.4418,20,100,2000,0.15060385479914112,0.1500351793523709,3.000703587047418,0.0010932787156891365,5747.102927197341,0.017400071177908493,analytic_circular_shell_fixture_not_SGP4,explicit_preexperiment_assumption,"SeedSequence([2026092905,0,5,18])",one independently generated complete analytic trace,synthetic_calendar_fixture_not_observed,synthetic_preexperiment_reference,false
calibration,5,SYN_KAPPA_CALIBRATION_S5_T019,SYN_KAPPA_CALIBRATION_S5_T019_E001,2026-08-13T04:30:00.000000Z,2026-08-13T04:43:20.000000Z,10,800,8000,203,103,418.2730905501477,6371,564.7956583257965,6935.7956583257965,25,398600.4418,20,100,2000,0.15084944286755647,0.15027798299861517,3.0055596599723033,0.001093010800922474,5748.511635819824,0.017395807181964328,analytic_circular_shell_fixture_not_SGP4,explicit_preexperiment_assumption,"SeedSequence([2026092905,0,5,19])",one independently generated complete analytic trace,synthetic_calendar_fixture_not_observed,synthetic_preexperiment_reference,false
calibration,5,SYN_KAPPA_CALIBRATION_S5_T020,SYN_KAPPA_CALIBRATION_S5_T020_E001,2026-08-13T04:45:00.000000Z,2026-08-13T04:58:20.000000Z,10,800,8000,195,81,414.71403454243045,6371,557.7877175472594,6928.7877175472595,25,398600.4418,20,100,2000,0.14932786553800498,0.14877351165169606,2.975470233033921,0.0010946694658499634,5739.8013767571065,0.017422205654178638,analytic_circular_shell_fixture_not_SGP4,explicit_preexperiment_assumption,"SeedSequence([2026092905,0,5,20])",one independently generated complete analytic trace,synthetic_calendar_fixture_not_observed,synthetic_preexperiment_reference,false
calibration,5,SYN_KAPPA_CALIBRATION_S5_T021,SYN_KAPPA_CALIBRATION_S5_T021_E001,2026-08-13T05:00:00.000000Z,2026-08-13T05:13:20.000000Z,10,800,8000,252,120,416.06401873116664,6371,560.4389135233662,6931.438913523366,25,398600.4418,20,100,2000,0.1499042700472752,0.14934347678045506,2.9868695356091015,0.0010940414781142477,5743.096064337198,0.017412210918944616,analytic_circular_shell_fixture_not_SGP4,explicit_preexperiment_assumption,"SeedSequence([2026092905,0,5,21])",one independently generated complete analytic trace,synthetic_calendar_fixture_not_observed,synthetic_preexperiment_reference,false
calibration,5,SYN_KAPPA_CALIBRATION_S5_T022,SYN_KAPPA_CALIBRATION_S5_T022_E001,2026-08-13T05:15:00.000000Z,2026-08-13T05:28:20.000000Z,10,800,8000,216,105,407.9362867858475,6371,544.6041498031358,6915.604149803135,25,398600.4418,20,100,2000,0.14644751728973843,0.14592460473945812,2.9184920947891624,0.0010978011932834281,5723.4272886761255,0.01747204864432388,analytic_circular_shell_fixture_not_SGP4,explicit_preexperiment_assumption,"SeedSequence([2026092905,0,5,22])",one independently generated complete analytic trace,synthetic_calendar_fixture_not_observed,synthetic_preexperiment_reference,false
calibration,5,SYN_KAPPA_CALIBRATION_S5_T023,SYN_KAPPA_CALIBRATION_S5_T023_E001,2026-08-13T05:30:00.000000Z,2026-08-13T05:43:20.000000Z,10,800,8000,322,179,411.3587664206415,6371,551.2349963057543,6922.234996305754,25,398600.4418,20,100,2000,0.14789916549448873,0.14736055983011015,2.947211196602203,0.0010962241865010776,5731.660899796621,0.017446949801853826,analytic_circular_shell_fixture_not_SGP4,explicit_preexperiment_assumption,"SeedSequence([2026092905,0,5,23])",one independently generated complete analytic trace,synthetic_calendar_fixture_not_observed,synthetic_preexperiment_reference,false
calibration,5,SYN_KAPPA_CALIBRATION_S5_T024,SYN_KAPPA_CALIBRATION_S5_T024_E001,2026-08-13T05:45:00.000000Z,2026-08-13T05:58:20.000000Z,10,800,8000,249,106,414.34282070595793,6371,557.0601886736913,6928.060188673691,25,398600.4418,20,100,2000,0.14916952650077492,0.14861693285825386,2.972338657165077,0.0010948419003834402,5738.8973741131595,0.017424950035014895,analytic_circular_shell_fixture_not_SGP4,explicit_preexperiment_assumption,"SeedSequence([2026092905,0,5,24])",one independently generated complete analytic trace,synthetic_calendar_fixture_not_observed,synthetic_preexperiment_reference,false
calibration,5,SYN_KAPPA_CALIBRATION_S5_T025,SYN_KAPPA_CALIBRATION_S5_T025_E001,2026-08-13T06:00:00.000000Z,2026-08-13T06:13:20.000000Z,10,800,8000,264,141,417.1147112072767,6371,562.5082354188611,6933.508235418861,25,398600.4418,20,100,2000,0.15035351419514947,0.14978766774030985,2.995753354806197,0.001093551735768466,5745.668084705874,0.017404416427427356,analytic_circular_shell_fixture_not_SGP4,explicit_preexperiment_assumption,"SeedSequence([2026092905,0,5,25])",one independently generated complete analytic trace,synthetic_calendar_fixture_not_observed,synthetic_preexperiment_reference,false
calibration,5,SYN_KAPPA_CALIBRATION_S5_T026,SYN_KAPPA_CALIBRATION_S5_T026_E001,2026-08-13T06:15:00.000000Z,2026-08-13T06:28:20.000000Z,10,800,8000,305,153,411.50397506853676,6371,551.5175104102893,6922.517510410289,25,398600.4418,20,100,2000,0.14796088198274487,0.1474216022689399,2.948432045378798,0.0010961570803577937,5732.01178897527,0.01744588177441228,analytic_circular_shell_fixture_not_SGP4,explicit_preexperiment_assumption,"SeedSequence([2026092905,0,5,26])",one independently generated complete analytic trace,synthetic_calendar_fixture_not_observed,synthetic_preexperiment_reference,false
calibration,5,SYN_KAPPA_CALIBRATION_S5_T027,SYN_KAPPA_CALIBRATION_S5_T027_E001,2026-08-13T06:30:00.000000Z,2026-08-13T06:43:20.000000Z,10,800,8000,201,88,404.102033794852,6371,537.2382811354499,6908.23828113545,25,398600.4418,20,100,2000,0.14482791907713516,0.1443221524825604,2.886443049651208,0.0010995574473780178,5714.2856175112465,0.017500000296371814,analytic_circular_shell_fixture_not_SGP4,explicit_preexperiment_assumption,"SeedSequence([2026092905,0,5,27])",one independently generated complete analytic trace,synthetic_calendar_fixture_not_observed,synthetic_preexperiment_reference,false
calibration,5,SYN_KAPPA_CALIBRATION_S5_T028,SYN_KAPPA_CALIBRATION_S5_T028_E001,2026-08-13T06:45:00.000000Z,2026-08-13T06:58:20.000000Z,10,800,8000,237,137,403.7065084170784,6371,536.4821815691804,6907.48218156918,25,398600.4418,20,100,2000,0.14466124706203515,0.14415722339367967,2.8831444678735934,0.0010997379902236354,5713.347509166141,0.017502873725003806,analytic_circular_shell_fixture_not_SGP4,explicit_preexperiment_assumption,"SeedSequence([2026092905,0,5,28])",one independently generated complete analytic trace,synthetic_calendar_fixture_not_observed,synthetic_preexperiment_reference,false
calibration,5,SYN_KAPPA_CALIBRATION_S5_T029,SYN_KAPPA_CALIBRATION_S5_T029_E001,2026-08-13T07:00:00.000000Z,2026-08-13T07:13:20.000000Z,10,800,8000,245,124,417.6941324869417,6371,563.6516139980655,6934.651613998066,25,398600.4418,20,100,2000,0.15060149347968627,0.1500328447610785,3.00065689522157,0.0010932812913050849,5747.089387836452,0.017400112170109464,analytic_circular_shell_fixture_not_SGP4,explicit_preexperiment_assumption,"SeedSequence([2026092905,0,5,29])",one independently generated complete analytic trace,synthetic_calendar_fixture_not_observed,synthetic_preexperiment_reference,false
calibration,5,SYN_KAPPA_CALIBRATION_S5_T030,SYN_KAPPA_CALIBRATION_S5_T030_E001,2026-08-13T07:15:00.000000Z,2026-08-13T07:28:20.000000Z,10,800,8000,221,109,403.04892630566593,6371,535.2266597425443,6906.226659742544,25,398600.4418,20,100,2000,0.1443843099456436,0.14388317341736603,2.8776634683473206,0.001100037895194133,5711.7898707214445,0.017507646860855056,analytic_circular_shell_fixture_not_SGP4,explicit_preexperiment_assumption,"SeedSequence([2026092905,0,5,30])",one independently generated complete analytic trace,synthetic_calendar_fixture_not_observed,synthetic_preexperiment_reference,false
