full_case_id,comparator_case_id,difference_mean,difference_sample_sd,t95_low,t95_high,uncertainty_scope,n_paired_units,seed_differences
full_N500_K100_H50_nominal_t0p05,mlp213_N500_K100_H50_nominal_t0p05,-0.023125944444444435,0.009020864840335027,-0.034326827549350604,-0.011925061339538265,synthetic_repeat_conditional_on_shared_30_synthetic_episodes; t4_illustration; not_actual_model_uncertainty,5,-0.03730541666666667;-0.022498027777777763;-0.016331666666666644;-0.024994194444444437;-0.014500416666666663
full_N500_K100_H50_nominal_t0p05,kan_generic_N500_K100_H50_nominal_t0p05,-0.029490338888888898,0.006227429308425354,-0.03722271366251964,-0.021757964115258155,synthetic_repeat_conditional_on_shared_30_synthetic_episodes; t4_illustration; not_actual_model_uncertainty,5,-0.03077594444444446;-0.02553436111111113;-0.028889861111111123;-0.02299830555555556;-0.03925322222222221
full_N500_K100_H200_nominal_t0p05,mlp213_N500_K100_H200_nominal_t0p05,-0.02295935972222221,0.008744339809286066,-0.03381689165147271,-0.012101827792971713,synthetic_repeat_conditional_on_shared_30_synthetic_episodes; t4_illustration; not_actual_model_uncertainty,5,-0.0364908333333333;-0.022947340277777787;-0.01621561111111107;-0.024783020833333325;-0.014359993055555575
full_N500_K100_H200_nominal_t0p05,kan_generic_N500_K100_H200_nominal_t0p05,-0.029361819444444437,0.006227253553254991,-0.03709397598920764,-0.021629662899681233,synthetic_repeat_conditional_on_shared_30_synthetic_episodes; t4_illustration; not_actual_model_uncertainty,5,-0.03085371527777776;-0.02567901388888888;-0.02871152083333332;-0.022570638888888876;-0.03899420833333334
full_N500_K100_H200_nominal_t0p05,greedy_analytic_N500_K100_H200_nominal_t0p05,-0.006867094444444439,0.0059215342949170465,-0.01421965039257186,0.000485461503682982,synthetic_repeat_conditional_on_shared_30_synthetic_episodes; t4_illustration; not_actual_model_uncertainty,5,-0.001420409722222212;-0.017008236111111116;-0.0058120555555555365;-0.00512910416666665;-0.004965666666666683
full_N500_K100_H200_nominal_t0p05,cox_only_N500_K100_H200_nominal_t0p05,-0.02973765694444442,0.005921534294917045,-0.03709021289257184,-0.022385100996317,synthetic_repeat_conditional_on_shared_30_synthetic_episodes; t4_illustration; not_actual_model_uncertainty,5,-0.024290972222222193;-0.03987879861111109;-0.028682618055555515;-0.02799966666666663;-0.027836229166666664
full_N500_K100_H200_nominal_t0p05,no_triplet_N500_K100_H200_nominal_t0p05,-0.05384809722222221,0.012997511786410357,-0.06998663967363708,-0.03770955477080735,synthetic_repeat_conditional_on_shared_30_synthetic_episodes; t4_illustration; not_actual_model_uncertainty,5,-0.06429001388888886;-0.07086554861111112;-0.04812638194444443;-0.04499336805555554;-0.04096517361111112
full_N500_K100_H200_nominal_t0p05,mlp_coeff_N500_K100_H200_nominal_t0p05,-0.008044180555555544,0.008020252628727602,-0.018002639501145726,0.0019142783900346384,synthetic_repeat_conditional_on_shared_30_synthetic_episodes; t4_illustration; not_actual_model_uncertainty,5,-0.012713986111111105;-0.019443694444444427;-0.006273111111111089;-0.0005907986111110764;-0.0011993125000000272
full_N500_K100_H200_nominal_t0p05,no_cox_rst_N500_K100_H200_nominal_t0p05,-0.02877718472222222,0.006341846363806224,-0.036651627034299875,-0.020902742410144566,synthetic_repeat_conditional_on_shared_30_synthetic_episodes; t4_illustration; not_actual_model_uncertainty,5,-0.031341986111111116;-0.02882330555555556;-0.018567159722222185;-0.02932266666666665;-0.03583080555555559
full_N500_K100_H200_nominal_t0p05,eph_physick_N500_K100_H200_nominal_t0p05,-0.014476258333333334,0.010714670256399684,-0.02778027864332954,-0.0011722380233371264,synthetic_repeat_conditional_on_shared_30_synthetic_episodes; t4_illustration; not_actual_model_uncertainty,5,-0.012022868055555544;-0.02991490972222223;-0.0012057777777777427;-0.019017687500000012;-0.010220048611111136
full_N500_K100_H800_nominal_t0p05,mlp213_N500_K100_H800_nominal_t0p05,-0.02330145694444444,0.00897330119878082,-0.034443281988009285,-0.012159631900879597,synthetic_repeat_conditional_on_shared_30_synthetic_episodes; t4_illustration; not_actual_model_uncertainty,5,-0.03724135763888888;-0.023476060763888883;-0.01650386979166667;-0.02487527256944445;-0.014410723958333316
full_N500_K100_H800_nominal_t0p05,kan_generic_N500_K100_H800_nominal_t0p05,-0.030818952430555553,0.006339006890108613,-0.03868986907036904,-0.022948035790742068,synthetic_repeat_conditional_on_shared_30_synthetic_episodes; t4_illustration; not_actual_model_uncertainty,5,-0.032240086805555526;-0.02715098784722223;-0.030143958333333342;-0.0238973142361111;-0.04066241493055557
full_N1000_K100_H50_nominal_t0p05,mlp213_N1000_K100_H50_nominal_t0p05,-0.01713011666666666,0.00845592071113908,-0.027629528985353646,-0.006630704347979674,synthetic_repeat_conditional_on_shared_30_synthetic_episodes; t4_illustration; not_actual_model_uncertainty,5,-0.008223999999999999;-0.01902669444444444;-0.008570555555555562;-0.022837416666666648;-0.026991916666666654
full_N1000_K100_H50_nominal_t0p05,kan_generic_N1000_K100_H50_nominal_t0p05,-0.022272588888888875,0.01711132922045334,-0.04351911034333791,-0.0010260674344398403,synthetic_repeat_conditional_on_shared_30_synthetic_episodes; t4_illustration; not_actual_model_uncertainty,5,-0.02008347222222221;-0.024169861111111118;-0.0017447777777777839;-0.01648552777777775;-0.04887930555555552
full_N1000_K100_H200_nominal_t0p05,mlp213_N1000_K100_H200_nominal_t0p05,-0.01594043055555556,0.008280171871599944,-0.026221621867460708,-0.005659239243650407,synthetic_repeat_conditional_on_shared_30_synthetic_episodes; t4_illustration; not_actual_model_uncertainty,5,-0.00691727083333334;-0.01789082638888886;-0.008020625000000014;-0.020799326388888904;-0.026074104166666678
full_N1000_K100_H200_nominal_t0p05,kan_generic_N1000_K100_H200_nominal_t0p05,-0.022201622222222224,0.018402488556537946,-0.04505132974023219,0.0006480852957877412,synthetic_repeat_conditional_on_shared_30_synthetic_episodes; t4_illustration; not_actual_model_uncertainty,5,-0.020171034722222217;-0.023594027777777794;-0.0012729444444444496;-0.014573506944444429;-0.051396597222222236
full_N1000_K100_H200_nominal_t0p05,greedy_analytic_N1000_K100_H200_nominal_t0p05,-0.0007229569444444582,0.008069062868272284,-0.010742021807220975,0.009296107918332058,synthetic_repeat_conditional_on_shared_30_synthetic_episodes; t4_illustration; not_actual_model_uncertainty,5,0.00486908333333332;-0.004105243055555552;0.010181854166666645;-0.00981179166666668;-0.004748687500000023
full_N1000_K100_H200_nominal_t0p05,cox_only_N1000_K100_H200_nominal_t0p05,-0.017372165277777792,0.008069062868272284,-0.027391230140554307,-0.007353100415001276,synthetic_repeat_conditional_on_shared_30_synthetic_episodes; t4_illustration; not_actual_model_uncertainty,5,-0.011780125000000015;-0.020754451388888887;-0.006467354166666691;-0.026461000000000016;-0.021397895833333357
full_N1000_K100_H200_nominal_t0p05,no_triplet_N1000_K100_H200_nominal_t0p05,-0.04073121666666667,0.016797793848520176,-0.06158843253762286,-0.019874000795710473,synthetic_repeat_conditional_on_shared_30_synthetic_episodes; t4_illustration; not_actual_model_uncertainty,5,-0.05299324305555555;-0.04175553472222219;-0.01235671527777779;-0.04287536805555555;-0.05367522222222224
full_N1000_K100_H200_nominal_t0p05,mlp_coeff_N1000_K100_H200_nominal_t0p05,-0.0028097555555555596,0.013343798500256472,-0.019378269752609433,0.013758758641498312,synthetic_repeat_conditional_on_shared_30_synthetic_episodes; t4_illustration; not_actual_model_uncertainty,5,-0.004383791666666666;0.01100961805555557;0.010737868055555554;-0.016846111111111128;-0.014566361111111129
full_N1000_K100_H200_nominal_t0p05,no_cox_rst_N1000_K100_H200_nominal_t0p05,-0.016675880555555557,0.009601845268746266,-0.028598146142080963,-0.004753614969030149,synthetic_repeat_conditional_on_shared_30_synthetic_episodes; t4_illustration; not_actual_model_uncertainty,5,-0.012478506944444464;-0.006897069444444433;-0.011870055555555559;-0.020772513888888886;-0.03136125694444445
full_N1000_K100_H200_nominal_t0p05,eph_physick_N1000_K100_H200_nominal_t0p05,0.005279254166666661,0.011378724626257195,-0.008849298547231505,0.01940780688056483,synthetic_repeat_conditional_on_shared_30_synthetic_episodes; t4_illustration; not_actual_model_uncertainty,5,0.015248326388888867;0.008261208333333355;0.014215479166666663;-0.012381701388888899;0.0010529583333333203
full_N1000_K100_H800_nominal_t0p05,mlp213_N1000_K100_H800_nominal_t0p05,-0.017196937847222225,0.008737518182295307,-0.028045999607829122,-0.006347876086615328,synthetic_repeat_conditional_on_shared_30_synthetic_episodes; t4_illustration; not_actual_model_uncertainty,5,-0.0077596267361111325;-0.01950203645833335;-0.008712444444444457;-0.02208354513888888;-0.0279270364583333
full_N1000_K100_H800_nominal_t0p05,kan_generic_N1000_K100_H800_nominal_t0p05,-0.024023583680555557,0.019610425197522832,-0.04837314263778765,0.00032597527667653156,synthetic_repeat_conditional_on_shared_30_synthetic_episodes; t4_illustration; not_actual_model_uncertainty,5,-0.022000286458333337;-0.02530414583333334;-0.0018763263888888827;-0.01571934375000001;-0.055217815972222216
full_N2000_K100_H50_nominal_t0p05,mlp213_N2000_K100_H50_nominal_t0p05,-0.01948215000000001,0.003464257523298681,-0.023783593847186528,-0.015180706152813493,synthetic_repeat_conditional_on_shared_30_synthetic_episodes; t4_illustration; not_actual_model_uncertainty,5,-0.014606083333333334;-0.01997325000000004;-0.021861722222222237;-0.017628805555555554;-0.02334088888888889
full_N2000_K100_H50_nominal_t0p05,kan_generic_N2000_K100_H50_nominal_t0p05,-0.025914494444444446,0.00797584580307693,-0.03581781503334968,-0.016011173855539212,synthetic_repeat_conditional_on_shared_30_synthetic_episodes; t4_illustration; not_actual_model_uncertainty,5,-0.02529955555555556;-0.01691327777777778;-0.03870691666666667;-0.022848861111111108;-0.02580386111111111
full_N2000_K100_H50_nominal_t0p05,greedy_analytic_N2000_K100_H50_nominal_t0p05,-0.008937816666666659,0.00816052026722974,-0.019070440889098005,0.0011948075557646886,synthetic_repeat_conditional_on_shared_30_synthetic_episodes; t4_illustration; not_actual_model_uncertainty,5,0.0017036666666666773;-0.004581527777777779;-0.017057499999999993;-0.007655916666666643;-0.017097805555555557
full_N2000_K100_H50_nominal_t0p05,maxsinr_ttt_N2000_K100_H50_nominal_tnative,-0.013754427777777772,0.008160520267229738,-0.023887052000209116,-0.0036218035553464284,synthetic_repeat_conditional_on_shared_30_synthetic_episodes; t4_illustration; not_actual_model_uncertainty,5,-0.003112944444444436;-0.009398138888888892;-0.021874111111111105;-0.012472527777777758;-0.02191441666666667
full_N2000_K100_H50_nominal_t0p05,maxrst_N2000_K100_H50_nominal_tnative,-0.07512998333333332,0.008160520267229741,-0.08526260755576466,-0.06499735911090197,synthetic_repeat_conditional_on_shared_30_synthetic_episodes; t4_illustration; not_actual_model_uncertainty,5,-0.06448849999999998;-0.07077369444444444;-0.08324966666666665;-0.0738480833333333;-0.08328997222222222
full_N2000_K100_H50_nominal_t0p05,cox_only_N2000_K100_H50_nominal_t0p05,-0.020046955555555572,0.00816052026722974,-0.03017957977798692,-0.009914331333124225,synthetic_repeat_conditional_on_shared_30_synthetic_episodes; t4_illustration; not_actual_model_uncertainty,5,-0.009405472222222233;-0.01569066666666669;-0.028166638888888904;-0.018765055555555556;-0.02820694444444447
full_N2000_K100_H50_nominal_t0p05,leo_madrl_N2000_K100_H50_nominal_tnative,-0.020406450000000007,0.013684289742021545,-0.03739773991365727,-0.003415160086342746,synthetic_repeat_conditional_on_shared_30_synthetic_episodes; t4_illustration; not_actual_model_uncertainty,5,-0.004620194444444436;-0.024743055555555594;-0.02536002777777779;-0.008899999999999979;-0.03840897222222223
full_N2000_K100_H200_nominal_t0p05,mlp213_N2000_K100_H200_nominal_t0p05,-0.020407452777777783,0.003999365588128186,-0.025373321044211583,-0.015441584511343982,synthetic_repeat_conditional_on_shared_30_synthetic_episodes; t4_illustration; not_actual_model_uncertainty,5,-0.014894791666666666;-0.02055288888888889;-0.023363958333333327;-0.01830204166666667;-0.024923583333333364
full_N2000_K100_H200_nominal_t0p05,kan_generic_N2000_K100_H200_nominal_t0p05,-0.026737305555555552,0.008379484382172194,-0.0371418096364095,-0.016332801474701605,synthetic_repeat_conditional_on_shared_30_synthetic_episodes; t4_illustration; not_actual_model_uncertainty,5,-0.024953381944444457;-0.01750979861111109;-0.04017976388888888;-0.023414763888888895;-0.02762881944444445
full_N2000_K100_H200_nominal_t0p05,greedy_analytic_N2000_K100_H200_nominal_t0p05,-0.009829204166666666,0.008895854263065472,-0.02087486613838256,0.0012164578050492293,synthetic_repeat_conditional_on_shared_30_synthetic_episodes; t4_illustration; not_actual_model_uncertainty,5,0.001597875000000008;-0.004991201388888889;-0.018747444444444438;-0.008209354166666663;-0.018795895833333347
full_N2000_K100_H200_nominal_t0p05,maxsinr_ttt_N2000_K100_H200_nominal_tnative,-0.014182044444444443,0.00889585426306547,-0.025227706416160334,-0.003136382472728551,synthetic_repeat_conditional_on_shared_30_synthetic_episodes; t4_illustration; not_actual_model_uncertainty,5,-0.0027549652777777694;-0.009344041666666665;-0.023100284722222215;-0.012562194444444442;-0.023148736111111123
full_N2000_K100_H200_nominal_t0p05,maxrst_N2000_K100_H200_nominal_tnative,-0.07586950972222221,0.00889585426306547,-0.0869151716939381,-0.06482384775050633,synthetic_repeat_conditional_on_shared_30_synthetic_episodes; t4_illustration; not_actual_model_uncertainty,5,-0.06444243055555554;-0.07103150694444443;-0.08478774999999998;-0.07424965972222221;-0.0848362013888889
full_N2000_K100_H200_nominal_t0p05,cox_only_N2000_K100_H200_nominal_t0p05,-0.02133995416666667,0.008895854263065472,-0.03238561613838257,-0.010294292194950776,synthetic_repeat_conditional_on_shared_30_synthetic_episodes; t4_illustration; not_actual_model_uncertainty,5,-0.009912874999999998;-0.016501951388888894;-0.030258194444444445;-0.019720104166666672;-0.030306645833333354
full_N2000_K100_H200_nominal_t0p05,leo_madrl_N2000_K100_H200_nominal_tnative,-0.02131334166666666,0.01393385211513941,-0.03861450419433067,-0.004012179139002651,synthetic_repeat_conditional_on_shared_30_synthetic_episodes; t4_illustration; not_actual_model_uncertainty,5,-0.005082645833333321;-0.02471112499999999;-0.027119048611111102;-0.009940180555555556;-0.03971370833333333
full_N2000_K100_H200_nominal_t0p05,no_triplet_N2000_K100_H200_nominal_t0p05,-0.043534411111111115,0.01782133062495022,-0.06566251574819804,-0.0214063064740242,synthetic_repeat_conditional_on_shared_30_synthetic_episodes; t4_illustration; not_actual_model_uncertainty,5,-0.03405710416666664;-0.034115048611111136;-0.07485981944444445;-0.03323729861111112;-0.041402784722222225
full_N2000_K100_H200_nominal_t0p05,mlp_coeff_N2000_K100_H200_nominal_t0p05,-0.008795995833333332,0.011906967306926673,-0.023580448466133438,0.005988456799466774,synthetic_repeat_conditional_on_shared_30_synthetic_episodes; t4_illustration; not_actual_model_uncertainty,5,0.004299944444444444;-0.008954826388888889;-0.013833395833333343;0.00027329861111112795;-0.025765000000000003
full_N2000_K100_H200_nominal_t0p05,no_cox_rst_N2000_K100_H200_nominal_t0p05,-0.0176966625,0.01475015855041921,-0.03601140333985299,0.0006180783398529871,synthetic_repeat_conditional_on_shared_30_synthetic_episodes; t4_illustration; not_actual_model_uncertainty,5,-0.01644612499999998;-0.005834715277777788;-0.026918159722222224;-0.001818111111111113;-0.037466201388888905
full_N2000_K100_H200_nominal_t0p05,eph_physick_N2000_K100_H200_nominal_t0p05,-0.009708699999999999,0.006987326598622262,-0.018384611881200844,-0.001032788118799156,synthetic_repeat_conditional_on_shared_30_synthetic_episodes; t4_illustration; not_actual_model_uncertainty,5,-0.0012646458333333184;-0.0049495486111111025;-0.008812104166666675;-0.016005847222222223;-0.017511354166666673
full_N2000_K100_H800_nominal_t0p05,mlp213_N2000_K100_H800_nominal_t0p05,-0.021851180902777788,0.004241763386267604,-0.027118025788405168,-0.016584336017150408,synthetic_repeat_conditional_on_shared_30_synthetic_episodes; t4_illustration; not_actual_model_uncertainty,5,-0.01589690277777781;-0.021869012152777794;-0.024929208333333334;-0.01989240104166666;-0.02666838020833334
full_N2000_K100_H800_nominal_t0p05,kan_generic_N2000_K100_H800_nominal_t0p05,-0.0288461513888889,0.008933122119446439,-0.03993808751616327,-0.017754215261614532,synthetic_repeat_conditional_on_shared_30_synthetic_episodes; t4_illustration; not_actual_model_uncertainty,5,-0.027229763888888925;-0.0187434045138889;-0.04311175520833336;-0.025601270833333325;-0.0295445625
full_N2000_K100_H800_nominal_t0p05,greedy_analytic_N2000_K100_H800_nominal_t0p05,-0.011207777083333344,0.009416267011199587,-0.022899616828613654,0.00048406266194696637,synthetic_repeat_conditional_on_shared_30_synthetic_episodes; t4_illustration; not_actual_model_uncertainty,5,0.0009111961805555328;-0.005965154513888889;-0.020621791666666684;-0.009699595486111117;-0.020663539930555565
full_N2000_K100_H800_nominal_t0p05,maxsinr_ttt_N2000_K100_H800_nominal_tnative,-0.016731796180555557,0.009416267011199587,-0.02842363592583587,-0.005039956435275246,synthetic_repeat_conditional_on_shared_30_synthetic_episodes; t4_illustration; not_actual_model_uncertainty,5,-0.004612822916666681;-0.011489173611111103;-0.0261458107638889;-0.01522361458333333;-0.026187559027777776
full_N2000_K100_H800_nominal_t0p05,maxrst_N2000_K100_H800_nominal_tnative,-0.07996141770833332,0.009416267011199585,-0.09165325745361362,-0.06826957796305301,synthetic_repeat_conditional_on_shared_30_synthetic_episodes; t4_illustration; not_actual_model_uncertainty,5,-0.06784244444444444;-0.07471879513888886;-0.08937543229166665;-0.07845323611111109;-0.08941718055555553
full_N2000_K100_H800_nominal_t0p05,cox_only_N2000_K100_H800_nominal_t0p05,-0.022165886458333343,0.009416267011199587,-0.03385772620361365,-0.010474046713053032,synthetic_repeat_conditional_on_shared_30_synthetic_episodes; t4_illustration; not_actual_model_uncertainty,5,-0.010046913194444467;-0.016923263888888887;-0.031579901041666684;-0.020657704861111115;-0.03162164930555556
full_N2000_K100_H800_nominal_t0p05,leo_madrl_N2000_K100_H800_nominal_tnative,-0.023063739236111113,0.01509728875741565,-0.0418094991566806,-0.004317979315541627,synthetic_repeat_conditional_on_shared_30_synthetic_episodes; t4_illustration; not_actual_model_uncertainty,5,-0.005451479166666673;-0.02716747222222222;-0.028835345486111108;-0.010785392361111116;-0.04307900694444445
full_N2000_K200_H200_nominal_t0p05,mlp213_N2000_K200_H200_nominal_t0p05,-0.028716454166666676,0.004871850334101149,-0.034765655331157067,-0.02266725300217629,synthetic_repeat_conditional_on_shared_30_synthetic_episodes; t4_illustration; not_actual_model_uncertainty,5,-0.022115302083333347;-0.028970979166666667;-0.032199559027777776;-0.025960864583333337;-0.034335565972222246
full_N2000_K200_H200_nominal_t0p05,kan_generic_N2000_K200_H200_nominal_t0p05,-0.03705669652777779,0.010588259312356922,-0.050203756919577146,-0.023909636135978428,synthetic_repeat_conditional_on_shared_30_synthetic_episodes; t4_illustration; not_actual_model_uncertainty,5,-0.03565704513888892;-0.025146718749999998;-0.05403329861111112;-0.033019805555555545;-0.03742661458333334
full_N2000_K200_H200_nominal_t0p05,greedy_analytic_N2000_K200_H200_nominal_t0p05,-0.013164909027777793,0.010859726513275771,-0.026649040469651233,0.00031922241409564935,synthetic_repeat_conditional_on_shared_30_synthetic_episodes; t4_illustration; not_actual_model_uncertainty,5,0.0007604791666666425;-0.007206402777777787;-0.024062059027777784;-0.011209027777777785;-0.024107534722222247
full_N2000_K200_H200_nominal_t0p05,maxsinr_ttt_N2000_K200_H200_nominal_tnative,-0.030783294444444453,0.010859726513275771,-0.04426742588631789,-0.017299163002571012,synthetic_repeat_conditional_on_shared_30_synthetic_episodes; t4_illustration; not_actual_model_uncertainty,5,-0.016857906250000016;-0.024824788194444447;-0.041680444444444444;-0.028827413194444443;-0.04172592013888891
full_N2000_K200_H200_nominal_t0p05,maxrst_N2000_K200_H200_nominal_tnative,-0.10639035694444444,0.010859726513275771,-0.11987448838631788,-0.09290622550257101,synthetic_repeat_conditional_on_shared_30_synthetic_episodes; t4_illustration; not_actual_model_uncertainty,5,-0.09246496875000002;-0.10043185069444444;-0.11728750694444444;-0.10443447569444443;-0.1173329826388889
full_N2000_K200_H200_nominal_t0p05,cox_only_N2000_K200_H200_nominal_t0p05,-0.029592714583333363,0.010859726513275771,-0.043076846025206804,-0.016108583141459923,synthetic_repeat_conditional_on_shared_30_synthetic_episodes; t4_illustration; not_actual_model_uncertainty,5,-0.015667326388888927;-0.023634208333333358;-0.040489864583333354;-0.027636833333333354;-0.04053534027777782
full_N2000_K200_H200_nominal_t0p05,leo_madrl_N2000_K200_H200_nominal_tnative,-0.021684925000000004,0.017836848220910702,-0.04383229727732972,0.000462447277329716,synthetic_repeat_conditional_on_shared_30_synthetic_episodes; t4_illustration; not_actual_model_uncertainty,5,-0.0011283368055555706;-0.027051729166666663;-0.028086420138888884;-0.006822374999999992;-0.04533576388888891
full_N2000_K300_H200_nominal_t0p05,mlp213_N2000_K300_H200_nominal_t0p05,-0.03993398749999999,0.0060758007248241635,-0.047478090520274505,-0.032389884479725475,synthetic_repeat_conditional_on_shared_30_synthetic_episodes; t4_illustration; not_actual_model_uncertainty,5,-0.03136535648148144;-0.040602599537037036;-0.04397709027777777;-0.03686202777777777;-0.046862863425925945
full_N2000_K300_H200_nominal_t0p05,kan_generic_N2000_K300_H200_nominal_t0p05,-0.051283070370370366,0.013266148806918319,-0.06775516973873469,-0.034810971002006044,synthetic_repeat_conditional_on_shared_30_synthetic_episodes; t4_illustration; not_actual_model_uncertainty,5,-0.04906800694444442;-0.036331115740740744;-0.07262484027777776;-0.04681767592592593;-0.05157371296296297
full_N2000_K300_H200_nominal_t0p05,greedy_analytic_N2000_K300_H200_nominal_t0p05,-0.01968791944444442,0.013832448801571307,-0.03686317312835234,-0.0025126657605364956,synthetic_repeat_conditional_on_shared_30_synthetic_episodes; t4_illustration; not_actual_model_uncertainty,5,-0.0015965347222221835;-0.012220136574074064;-0.03340196064814812;-0.01773481944444442;-0.03348614583333332
full_N2000_K300_H200_nominal_t0p05,maxsinr_ttt_N2000_K300_H200_nominal_tnative,-0.048547384722222225,0.013832448801571305,-0.06572263840613014,-0.03137213103831431,synthetic_repeat_conditional_on_shared_30_synthetic_episodes; t4_illustration; not_actual_model_uncertainty,5,-0.03045599999999999;-0.041079601851851874;-0.06226142592592592;-0.046594284722222226;-0.06234561111111113
full_N2000_K300_H200_nominal_t0p05,maxrst_N2000_K300_H200_nominal_tnative,-0.14120596574074074,0.013832448801571307,-0.15838121942464867,-0.1240307120568328,synthetic_repeat_conditional_on_shared_30_synthetic_episodes; t4_illustration; not_actual_model_uncertainty,5,-0.1231145810185185;-0.1337381828703704;-0.15492000694444444;-0.13925286574074075;-0.15500419212962965
full_N2000_K300_H200_nominal_t0p05,cox_only_N2000_K300_H200_nominal_t0p05,-0.04073331296296296,0.013832448801571307,-0.057908566646870885,-0.023558059279055035,synthetic_repeat_conditional_on_shared_30_synthetic_episodes; t4_illustration; not_actual_model_uncertainty,5,-0.02264192824074072;-0.0332655300925926;-0.054447354166666656;-0.03878021296296296;-0.05453153935185186
full_N2000_K300_H200_nominal_t0p05,leo_madrl_N2000_K300_H200_nominal_tnative,-0.024584964351851854,0.02259415908284349,-0.052639318254707246,0.0034693895510035377,synthetic_repeat_conditional_on_shared_30_synthetic_episodes; t4_illustration; not_actual_model_uncertainty,5,0.0018231805555555907;-0.03140503935185186;-0.03283148842592592;-0.006112828703703719;-0.054398645833333356
full_N2000_K400_H200_nominal_t0p05,mlp213_N2000_K400_H200_nominal_t0p05,-0.05365763506944445,0.007691850422038206,-0.06320832881805774,-0.044106941320831164,synthetic_repeat_conditional_on_shared_30_synthetic_episodes; t4_illustration; not_actual_model_uncertainty,5,-0.04297371875000002;-0.05392685763888891;-0.05891330555555555;-0.049853187500000014;-0.06262110590277777
full_N2000_K400_H200_nominal_t0p05,kan_generic_N2000_K400_H200_nominal_t0p05,-0.06949876076388889,0.017279826900653297,-0.09095449972162306,-0.04804302180615472,synthetic_repeat_conditional_on_shared_30_synthetic_episodes; t4_illustration; not_actual_model_uncertainty,5,-0.06785437152777778;-0.04961780208333333;-0.09700166319444445;-0.06318297916666668;-0.06983698784722221
full_N2000_K400_H200_nominal_t0p05,greedy_analytic_N2000_K400_H200_nominal_t0p05,-0.026868629513888895,0.01786232099660755,-0.04904763041973571,-0.004689628608042076,synthetic_repeat_conditional_on_shared_30_synthetic_episodes; t4_illustration; not_actual_model_uncertainty,5,-0.0038977135416666847;-0.016772607638888888;-0.044700395833333344;-0.02417529166666667;-0.04479713888888889
full_N2000_K400_H200_nominal_t0p05,maxsinr_ttt_N2000_K400_H200_nominal_tnative,-0.06892586041666666,0.017862320996607547,-0.09110486132251348,-0.046746859510819846,synthetic_repeat_conditional_on_shared_30_synthetic_episodes; t4_illustration; not_actual_model_uncertainty,5,-0.04595494444444446;-0.05882983854166666;-0.08675762673611111;-0.06623252256944444;-0.08685436979166666
full_N2000_K400_H200_nominal_t0p05,maxrst_N2000_K400_H200_nominal_tnative,-0.18215267118055553,0.01786232099660755,-0.20433167208640235,-0.1599736702747087,synthetic_repeat_conditional_on_shared_30_synthetic_episodes; t4_illustration; not_actual_model_uncertainty,5,-0.15918175520833333;-0.17205664930555553;-0.19998443749999997;-0.1794593333333333;-0.20008118055555554
full_N2000_K400_H200_nominal_t0p05,cox_only_N2000_K400_H200_nominal_t0p05,-0.05341073888888889,0.01786232099660755,-0.07558973979473571,-0.031231737983042074,synthetic_repeat_conditional_on_shared_30_synthetic_episodes; t4_illustration; not_actual_model_uncertainty,5,-0.03043982291666668;-0.04331471701388888;-0.07124250520833333;-0.050717401041666665;-0.07133924826388889
full_N2000_K400_H200_nominal_t0p05,leo_madrl_N2000_K400_H200_nominal_tnative,-0.02954661979166667,0.029637902615179325,-0.0663469364512041,0.007253696867870762,synthetic_repeat_conditional_on_shared_30_synthetic_episodes; t4_illustration; not_actual_model_uncertainty,5,0.004638833333333311;-0.03857938541666665;-0.03979112847222223;-0.005006114583333345;-0.06899530381944444
full_N2000_K500_H200_nominal_t0p05,mlp213_N2000_K500_H200_nominal_t0p05,-0.07585914222222223,0.010006075183207012,-0.08828332554053053,-0.06343495890391393,synthetic_repeat_conditional_on_shared_30_synthetic_episodes; t4_illustration; not_actual_model_uncertainty,5,-0.06183755694444446;-0.07651153055555557;-0.08257633055555556;-0.07093255694444443;-0.08743773611111111
full_N2000_K500_H200_nominal_t0p05,kan_generic_N2000_K500_H200_nominal_t0p05,-0.09590662833333334,0.02265247069097818,-0.12403338566068695,-0.06777987100597974,synthetic_repeat_conditional_on_shared_30_synthetic_episodes; t4_illustration; not_actual_model_uncertainty,5,-0.09380556666666666;-0.06993225416666668;-0.13195636111111111;-0.08733269444444446;-0.0965062652777778
full_N2000_K500_H200_nominal_t0p05,greedy_analytic_N2000_K500_H200_nominal_t0p05,-0.035550107777777784,0.02335997152153148,-0.06455534341512868,-0.006544872140426882,synthetic_repeat_conditional_on_shared_30_synthetic_episodes; t4_illustration; not_actual_model_uncertainty,5,-0.005501022222222233;-0.022510916666666676;-0.05889125972222222;-0.03182217777777778;-0.05902516250000002
full_N2000_K500_H200_nominal_t0p05,maxsinr_ttt_N2000_K500_H200_nominal_tnative,-0.09562696194444445,0.02335997152153148,-0.12463219758179535,-0.06662172630709355,synthetic_repeat_conditional_on_shared_30_synthetic_episodes; t4_illustration; not_actual_model_uncertainty,5,-0.06557787638888889;-0.08258777083333334;-0.11896811388888888;-0.09189903194444445;-0.11910201666666669
full_N2000_K500_H200_nominal_t0p05,maxrst_N2000_K500_H200_nominal_tnative,-0.24221201194444444,0.02335997152153148,-0.27121724758179533,-0.21320677630709353,synthetic_repeat_conditional_on_shared_30_synthetic_episodes; t4_illustration; not_actual_model_uncertainty,5,-0.2121629263888889;-0.22917282083333335;-0.2655531638888889;-0.23848408194444445;-0.2656870666666667
full_N2000_K500_H200_nominal_t0p05,cox_only_N2000_K500_H200_nominal_t0p05,-0.07236711472222222,0.02335997152153148,-0.10137235035957312,-0.043361879084871324,synthetic_repeat_conditional_on_shared_30_synthetic_episodes; t4_illustration; not_actual_model_uncertainty,5,-0.04231802916666667;-0.059327923611111104;-0.09570826666666665;-0.0686391847222222;-0.09584216944444446
full_N2000_K500_H200_nominal_t0p05,leo_madrl_N2000_K500_H200_nominal_tnative,-0.036847032777777795,0.03892068219111437,-0.085173442640015,0.01147937708445941,synthetic_repeat_conditional_on_shared_30_synthetic_episodes; t4_illustration; not_actual_model_uncertainty,5,0.007981308333333326;-0.048907479166666705;-0.05033210555555556;-0.004437981944444447;-0.08853890555555557
