case_id,weight_id,simulation_repeat,metric,paired_ratio,ratio_sample_sd,n_valid_repeats,data_kind
full_N2000_K100_H200_nominal_t0p05,nominal,summary,outage_percent,1,0,5,synthetic_preexperiment_reference
full_N2000_K100_H200_nominal_t0p05,nominal,summary,hof_percent,1,0,5,synthetic_preexperiment_reference
full_N2000_K100_H200_nominal_t0p05,nominal,summary,pp_percent,1,0,5,synthetic_preexperiment_reference
full_N2000_K100_H200_nominal_t0p05,nominal,summary,tp_Mbps,1,0,5,synthetic_preexperiment_reference
full_N2000_K100_H200_nominal_t0p05,nominal,summary,peak_normalized,1,0,5,synthetic_preexperiment_reference
full_N2000_K100_H200_w_out_0p5_t0p05,w_out_0p5,summary,outage_percent,1.2326076078932107,0.21023533727864024,5,synthetic_preexperiment_reference
full_N2000_K100_H200_w_out_0p5_t0p05,w_out_0p5,summary,hof_percent,1.209082667435064,0.19300184585057847,5,synthetic_preexperiment_reference
full_N2000_K100_H200_w_out_0p5_t0p05,w_out_0p5,summary,pp_percent,0.8818092241128517,0.0971583328229339,5,synthetic_preexperiment_reference
full_N2000_K100_H200_w_out_0p5_t0p05,w_out_0p5,summary,tp_Mbps,0.9976496488339917,0.005697286416619191,5,synthetic_preexperiment_reference
full_N2000_K100_H200_w_out_0p5_t0p05,w_out_0p5,summary,peak_normalized,1.0090494295130565,0.006694428716794499,5,synthetic_preexperiment_reference
full_N2000_K100_H200_w_out_0p75_t0p05,w_out_0p75,summary,outage_percent,1.1390896876076257,0.3301062683669489,5,synthetic_preexperiment_reference
full_N2000_K100_H200_w_out_0p75_t0p05,w_out_0p75,summary,hof_percent,1.122960687342951,0.2981941233722196,5,synthetic_preexperiment_reference
full_N2000_K100_H200_w_out_0p75_t0p05,w_out_0p75,summary,pp_percent,0.950165997457369,0.17557384566514922,5,synthetic_preexperiment_reference
full_N2000_K100_H200_w_out_0p75_t0p05,w_out_0p75,summary,tp_Mbps,0.9989153234687768,0.009483292565748801,5,synthetic_preexperiment_reference
full_N2000_K100_H200_w_out_0p75_t0p05,w_out_0p75,summary,peak_normalized,1.0054857966349044,0.002747341069006906,5,synthetic_preexperiment_reference
full_N2000_K100_H200_w_out_1p25_t0p05,w_out_1p25,summary,outage_percent,0.9039333829971008,0.13529968383664137,5,synthetic_preexperiment_reference
full_N2000_K100_H200_w_out_1p25_t0p05,w_out_1p25,summary,hof_percent,0.9007833985490384,0.11982267552556396,5,synthetic_preexperiment_reference
full_N2000_K100_H200_w_out_1p25_t0p05,w_out_1p25,summary,pp_percent,1.0563429371091326,0.11509368118018304,5,synthetic_preexperiment_reference
full_N2000_K100_H200_w_out_1p25_t0p05,w_out_1p25,summary,tp_Mbps,1.0014826554354745,0.005114990647189083,5,synthetic_preexperiment_reference
full_N2000_K100_H200_w_out_1p25_t0p05,w_out_1p25,summary,peak_normalized,1.0028203765113666,0.002990252349662421,5,synthetic_preexperiment_reference
full_N2000_K100_H200_w_out_1p5_t0p05,w_out_1p5,summary,outage_percent,0.9398655286908998,0.275504852829495,5,synthetic_preexperiment_reference
full_N2000_K100_H200_w_out_1p5_t0p05,w_out_1p5,summary,hof_percent,0.9285595423356898,0.2610757097342593,5,synthetic_preexperiment_reference
full_N2000_K100_H200_w_out_1p5_t0p05,w_out_1p5,summary,pp_percent,1.2303070153828657,0.24178606072661626,5,synthetic_preexperiment_reference
full_N2000_K100_H200_w_out_1p5_t0p05,w_out_1p5,summary,tp_Mbps,0.999054868484808,0.00970133743349974,5,synthetic_preexperiment_reference
full_N2000_K100_H200_w_out_1p5_t0p05,w_out_1p5,summary,peak_normalized,1.005824370291552,0.005009996750126983,5,synthetic_preexperiment_reference
full_N2000_K100_H200_w_ho_0p5_t0p05,w_ho_0p5,summary,outage_percent,0.9557552820765585,0.2270501977638816,5,synthetic_preexperiment_reference
full_N2000_K100_H200_w_ho_0p5_t0p05,w_ho_0p5,summary,hof_percent,0.9543613843549714,0.213603614346857,5,synthetic_preexperiment_reference
full_N2000_K100_H200_w_ho_0p5_t0p05,w_ho_0p5,summary,pp_percent,1.665640227056723,0.2643753540206001,5,synthetic_preexperiment_reference
full_N2000_K100_H200_w_ho_0p5_t0p05,w_ho_0p5,summary,tp_Mbps,0.999940800246927,0.007641449204738895,5,synthetic_preexperiment_reference
full_N2000_K100_H200_w_ho_0p5_t0p05,w_ho_0p5,summary,peak_normalized,0.9912804658023722,0.009121198607166868,5,synthetic_preexperiment_reference
full_N2000_K100_H200_w_ho_0p75_t0p05,w_ho_0p75,summary,outage_percent,0.9369068334290203,0.1522731345718319,5,synthetic_preexperiment_reference
full_N2000_K100_H200_w_ho_0p75_t0p05,w_ho_0p75,summary,hof_percent,0.9319779499081899,0.14000704523523644,5,synthetic_preexperiment_reference
full_N2000_K100_H200_w_ho_0p75_t0p05,w_ho_0p75,summary,pp_percent,1.2505483862609181,0.13763014944566482,5,synthetic_preexperiment_reference
full_N2000_K100_H200_w_ho_0p75_t0p05,w_ho_0p75,summary,tp_Mbps,1.0013253405453066,0.005569718829254293,5,synthetic_preexperiment_reference
full_N2000_K100_H200_w_ho_0p75_t0p05,w_ho_0p75,summary,peak_normalized,1.0065222515169359,0.006749365318678956,5,synthetic_preexperiment_reference
full_N2000_K100_H200_w_ho_1p25_t0p05,w_ho_1p25,summary,outage_percent,1.1098781198066374,0.20586049614014115,5,synthetic_preexperiment_reference
full_N2000_K100_H200_w_ho_1p25_t0p05,w_ho_1p25,summary,hof_percent,1.0830137753077569,0.17590779459466696,5,synthetic_preexperiment_reference
full_N2000_K100_H200_w_ho_1p25_t0p05,w_ho_1p25,summary,pp_percent,0.8216259539394377,0.10092041274845677,5,synthetic_preexperiment_reference
full_N2000_K100_H200_w_ho_1p25_t0p05,w_ho_1p25,summary,tp_Mbps,0.9982021256313738,0.006017978250343783,5,synthetic_preexperiment_reference
full_N2000_K100_H200_w_ho_1p25_t0p05,w_ho_1p25,summary,peak_normalized,1.0140718306685754,0.005669735613989788,5,synthetic_preexperiment_reference
full_N2000_K100_H200_w_ho_1p5_t0p05,w_ho_1p5,summary,outage_percent,1.3096061684879425,0.3686853910921188,5,synthetic_preexperiment_reference
full_N2000_K100_H200_w_ho_1p5_t0p05,w_ho_1p5,summary,hof_percent,1.28255788570528,0.3367408692609613,5,synthetic_preexperiment_reference
full_N2000_K100_H200_w_ho_1p5_t0p05,w_ho_1p5,summary,pp_percent,0.6766111144210327,0.13904966538114596,5,synthetic_preexperiment_reference
full_N2000_K100_H200_w_ho_1p5_t0p05,w_ho_1p5,summary,tp_Mbps,0.9943391103113408,0.009452855330836387,5,synthetic_preexperiment_reference
full_N2000_K100_H200_w_ho_1p5_t0p05,w_ho_1p5,summary,peak_normalized,1.017179521656904,0.009716205185652476,5,synthetic_preexperiment_reference
full_N2000_K100_H200_w_load_0p5_t0p05,w_load_0p5,summary,outage_percent,0.9658844868807754,0.20109646179261223,5,synthetic_preexperiment_reference
full_N2000_K100_H200_w_load_0p5_t0p05,w_load_0p5,summary,hof_percent,0.9503599546584349,0.17821086215001722,5,synthetic_preexperiment_reference
full_N2000_K100_H200_w_load_0p5_t0p05,w_load_0p5,summary,pp_percent,0.7906325369151808,0.11225922914916239,5,synthetic_preexperiment_reference
full_N2000_K100_H200_w_load_0p5_t0p05,w_load_0p5,summary,tp_Mbps,1.0045299315226397,0.006544155781330606,5,synthetic_preexperiment_reference
full_N2000_K100_H200_w_load_0p5_t0p05,w_load_0p5,summary,peak_normalized,1.0690154274918753,0.0038217911429306696,5,synthetic_preexperiment_reference
full_N2000_K100_H200_w_load_0p75_t0p05,w_load_0p75,summary,outage_percent,1.0356289024006295,0.22937422276009256,5,synthetic_preexperiment_reference
full_N2000_K100_H200_w_load_0p75_t0p05,w_load_0p75,summary,hof_percent,1.0241825725295886,0.2019042165352577,5,synthetic_preexperiment_reference
full_N2000_K100_H200_w_load_0p75_t0p05,w_load_0p75,summary,pp_percent,0.9217213513626253,0.1302841604632995,5,synthetic_preexperiment_reference
full_N2000_K100_H200_w_load_0p75_t0p05,w_load_0p75,summary,tp_Mbps,1.000778467163069,0.007245300704550523,5,synthetic_preexperiment_reference
full_N2000_K100_H200_w_load_0p75_t0p05,w_load_0p75,summary,peak_normalized,1.0180150695706705,0.01261932346543388,5,synthetic_preexperiment_reference
full_N2000_K100_H200_w_load_1p25_t0p05,w_load_1p25,summary,outage_percent,1.084758860664929,0.20064509329134003,5,synthetic_preexperiment_reference
full_N2000_K100_H200_w_load_1p25_t0p05,w_load_1p25,summary,hof_percent,1.0643152819939778,0.1794543588109397,5,synthetic_preexperiment_reference
full_N2000_K100_H200_w_load_1p25_t0p05,w_load_1p25,summary,pp_percent,1.161366764415451,0.13715541131704512,5,synthetic_preexperiment_reference
full_N2000_K100_H200_w_load_1p25_t0p05,w_load_1p25,summary,tp_Mbps,0.9963671434158368,0.005934306800760551,5,synthetic_preexperiment_reference
full_N2000_K100_H200_w_load_1p25_t0p05,w_load_1p25,summary,peak_normalized,0.9672784731295192,0.005490579209514317,5,synthetic_preexperiment_reference
full_N2000_K100_H200_w_load_1p5_t0p05,w_load_1p5,summary,outage_percent,0.9835081370627139,0.1875293922688343,5,synthetic_preexperiment_reference
full_N2000_K100_H200_w_load_1p5_t0p05,w_load_1p5,summary,hof_percent,0.9795353810100114,0.16688133216921838,5,synthetic_preexperiment_reference
full_N2000_K100_H200_w_load_1p5_t0p05,w_load_1p5,summary,pp_percent,1.2162403801961448,0.147973932503753,5,synthetic_preexperiment_reference
full_N2000_K100_H200_w_load_1p5_t0p05,w_load_1p5,summary,tp_Mbps,0.9979396908036057,0.005916726434975002,5,synthetic_preexperiment_reference
full_N2000_K100_H200_w_load_1p5_t0p05,w_load_1p5,summary,peak_normalized,0.9627349312338419,0.0032225912512981823,5,synthetic_preexperiment_reference
full_N2000_K100_H200_w_rate_0p5_t0p05,w_rate_0p5,summary,outage_percent,1.0999942222496846,0.20670806591057314,5,synthetic_preexperiment_reference
full_N2000_K100_H200_w_rate_0p5_t0p05,w_rate_0p5,summary,hof_percent,1.0786137256274313,0.17820303989954236,5,synthetic_preexperiment_reference
full_N2000_K100_H200_w_rate_0p5_t0p05,w_rate_0p5,summary,pp_percent,1.050452341189763,0.1356756294639073,5,synthetic_preexperiment_reference
full_N2000_K100_H200_w_rate_0p5_t0p05,w_rate_0p5,summary,tp_Mbps,0.9891103047261682,0.005954966966073564,5,synthetic_preexperiment_reference
full_N2000_K100_H200_w_rate_0p5_t0p05,w_rate_0p5,summary,peak_normalized,0.9677964125240759,0.005970982440459029,5,synthetic_preexperiment_reference
full_N2000_K100_H200_w_rate_0p75_t0p05,w_rate_0p75,summary,outage_percent,1.0804953969982622,0.2383269396952811,5,synthetic_preexperiment_reference
full_N2000_K100_H200_w_rate_0p75_t0p05,w_rate_0p75,summary,hof_percent,1.0680707573275317,0.22068872125321873,5,synthetic_preexperiment_reference
full_N2000_K100_H200_w_rate_0p75_t0p05,w_rate_0p75,summary,pp_percent,1.054278029730598,0.15747346062037743,5,synthetic_preexperiment_reference
full_N2000_K100_H200_w_rate_0p75_t0p05,w_rate_0p75,summary,tp_Mbps,0.9938644578492438,0.006664030633128019,5,synthetic_preexperiment_reference
full_N2000_K100_H200_w_rate_0p75_t0p05,w_rate_0p75,summary,peak_normalized,0.9586338023509302,0.015022319092039318,5,synthetic_preexperiment_reference
full_N2000_K100_H200_w_rate_1p25_t0p05,w_rate_1p25,summary,outage_percent,1.0923756757636471,0.3574503579003638,5,synthetic_preexperiment_reference
full_N2000_K100_H200_w_rate_1p25_t0p05,w_rate_1p25,summary,hof_percent,1.085183771304221,0.34157934768607395,5,synthetic_preexperiment_reference
full_N2000_K100_H200_w_rate_1p25_t0p05,w_rate_1p25,summary,pp_percent,1.03635685969558,0.2154518871319506,5,synthetic_preexperiment_reference
full_N2000_K100_H200_w_rate_1p25_t0p05,w_rate_1p25,summary,tp_Mbps,1.002443830648959,0.0095386173286685,5,synthetic_preexperiment_reference
full_N2000_K100_H200_w_rate_1p25_t0p05,w_rate_1p25,summary,peak_normalized,0.9874897337296125,0.004994057788369956,5,synthetic_preexperiment_reference
full_N2000_K100_H200_w_rate_1p5_t0p05,w_rate_1p5,summary,outage_percent,1.0030295828956324,0.1197727934244867,5,synthetic_preexperiment_reference
full_N2000_K100_H200_w_rate_1p5_t0p05,w_rate_1p5,summary,hof_percent,0.9863039062638389,0.11863555379628914,5,synthetic_preexperiment_reference
full_N2000_K100_H200_w_rate_1p5_t0p05,w_rate_1p5,summary,pp_percent,1.0063952906217557,0.08775395684053153,5,synthetic_preexperiment_reference
full_N2000_K100_H200_w_rate_1p5_t0p05,w_rate_1p5,summary,tp_Mbps,1.0082501108494308,0.00390735963897659,5,synthetic_preexperiment_reference
full_N2000_K100_H200_w_rate_1p5_t0p05,w_rate_1p5,summary,peak_normalized,1.0125402423386558,0.012343464180598214,5,synthetic_preexperiment_reference
