method_id,rate_Mbps,count,cumulative_count,total_count,ecdf,data_kind
full,0,4581,4581,750000,0.006108,synthetic_preexperiment_reference
full,38,5,4586,750000,0.006114666666666667,synthetic_preexperiment_reference
full,39,125,4711,750000,0.006281333333333333,synthetic_preexperiment_reference
full,40,465,5176,750000,0.006901333333333333,synthetic_preexperiment_reference
full,41,1410,6586,750000,0.008781333333333334,synthetic_preexperiment_reference
full,42,2430,9016,750000,0.012021333333333334,synthetic_preexperiment_reference
full,43,2794,11810,750000,0.015746666666666666,synthetic_preexperiment_reference
full,44,2872,14682,750000,0.019576,synthetic_preexperiment_reference
full,45,2937,17619,750000,0.023492,synthetic_preexperiment_reference
full,46,3048,20667,750000,0.027556,synthetic_preexperiment_reference
full,47,2789,23456,750000,0.031274666666666666,synthetic_preexperiment_reference
full,48,2595,26051,750000,0.034734666666666664,synthetic_preexperiment_reference
full,49,2917,28968,750000,0.038624,synthetic_preexperiment_reference
full,50,2725,31693,750000,0.042257333333333334,synthetic_preexperiment_reference
full,51,2741,34434,750000,0.045912,synthetic_preexperiment_reference
full,52,2722,37156,750000,0.04954133333333333,synthetic_preexperiment_reference
full,53,2819,39975,750000,0.0533,synthetic_preexperiment_reference
full,54,2862,42837,750000,0.057116,synthetic_preexperiment_reference
full,55,2771,45608,750000,0.060810666666666666,synthetic_preexperiment_reference
full,56,2585,48193,750000,0.06425733333333333,synthetic_preexperiment_reference
full,57,2396,50589,750000,0.067452,synthetic_preexperiment_reference
full,58,2590,53179,750000,0.07090533333333333,synthetic_preexperiment_reference
full,59,2725,55904,750000,0.07453866666666667,synthetic_preexperiment_reference
full,60,2530,58434,750000,0.077912,synthetic_preexperiment_reference
full,61,2040,60474,750000,0.080632,synthetic_preexperiment_reference
full,62,1805,62279,750000,0.08303866666666666,synthetic_preexperiment_reference
full,63,895,63174,750000,0.084232,synthetic_preexperiment_reference
full,64,375,63549,750000,0.084732,synthetic_preexperiment_reference
full,65,85,63634,750000,0.08484533333333333,synthetic_preexperiment_reference
full,66,25,63659,750000,0.08487866666666667,synthetic_preexperiment_reference
full,67,5,63664,750000,0.08488533333333333,synthetic_preexperiment_reference
full,119,3,63667,750000,0.08488933333333333,synthetic_preexperiment_reference
full,120,2,63669,750000,0.084892,synthetic_preexperiment_reference
full,121,3,63672,750000,0.084896,synthetic_preexperiment_reference
full,122,1,63673,750000,0.08489733333333334,synthetic_preexperiment_reference
full,123,6,63679,750000,0.08490533333333333,synthetic_preexperiment_reference
full,124,6,63685,750000,0.08491333333333333,synthetic_preexperiment_reference
full,125,6,63691,750000,0.08492133333333333,synthetic_preexperiment_reference
full,126,4,63695,750000,0.08492666666666666,synthetic_preexperiment_reference
full,127,6,63701,750000,0.08493466666666667,synthetic_preexperiment_reference
full,128,7,63708,750000,0.084944,synthetic_preexperiment_reference
full,129,13,63721,750000,0.08496133333333333,synthetic_preexperiment_reference
full,130,18,63739,750000,0.08498533333333333,synthetic_preexperiment_reference
full,131,20,63759,750000,0.085012,synthetic_preexperiment_reference
full,132,25,63784,750000,0.08504533333333333,synthetic_preexperiment_reference
full,133,25,63809,750000,0.08507866666666666,synthetic_preexperiment_reference
full,134,22,63831,750000,0.085108,synthetic_preexperiment_reference
full,135,27,63858,750000,0.085144,synthetic_preexperiment_reference
full,136,34,63892,750000,0.08518933333333334,synthetic_preexperiment_reference
full,137,40,63932,750000,0.08524266666666666,synthetic_preexperiment_reference
full,138,42,63974,750000,0.08529866666666666,synthetic_preexperiment_reference
full,139,44,64018,750000,0.08535733333333333,synthetic_preexperiment_reference
full,140,61,64079,750000,0.08543866666666666,synthetic_preexperiment_reference
full,141,61,64140,750000,0.08552,synthetic_preexperiment_reference
full,142,69,64209,750000,0.085612,synthetic_preexperiment_reference
full,143,80,64289,750000,0.08571866666666667,synthetic_preexperiment_reference
full,144,87,64376,750000,0.08583466666666667,synthetic_preexperiment_reference
full,145,94,64470,750000,0.08596,synthetic_preexperiment_reference
full,146,115,64585,750000,0.08611333333333333,synthetic_preexperiment_reference
full,147,108,64693,750000,0.08625733333333334,synthetic_preexperiment_reference
full,148,144,64837,750000,0.08644933333333334,synthetic_preexperiment_reference
full,149,161,64998,750000,0.086664,synthetic_preexperiment_reference
full,150,180,65178,750000,0.086904,synthetic_preexperiment_reference
full,151,196,65374,750000,0.08716533333333333,synthetic_preexperiment_reference
full,152,249,65623,750000,0.08749733333333333,synthetic_preexperiment_reference
full,153,300,65923,750000,0.08789733333333333,synthetic_preexperiment_reference
full,154,290,66213,750000,0.088284,synthetic_preexperiment_reference
full,155,324,66537,750000,0.088716,synthetic_preexperiment_reference
full,156,357,66894,750000,0.089192,synthetic_preexperiment_reference
full,157,394,67288,750000,0.08971733333333333,synthetic_preexperiment_reference
full,158,455,67743,750000,0.090324,synthetic_preexperiment_reference
full,159,487,68230,750000,0.09097333333333334,synthetic_preexperiment_reference
full,160,614,68844,750000,0.091792,synthetic_preexperiment_reference
full,161,665,69509,750000,0.09267866666666667,synthetic_preexperiment_reference
full,162,689,70198,750000,0.09359733333333334,synthetic_preexperiment_reference
full,163,682,70880,750000,0.09450666666666667,synthetic_preexperiment_reference
full,164,809,71689,750000,0.09558533333333333,synthetic_preexperiment_reference
full,165,860,72549,750000,0.096732,synthetic_preexperiment_reference
full,166,1069,73618,750000,0.09815733333333333,synthetic_preexperiment_reference
full,167,1128,74746,750000,0.09966133333333334,synthetic_preexperiment_reference
full,168,1265,76011,750000,0.101348,synthetic_preexperiment_reference
full,169,1298,77309,750000,0.10307866666666667,synthetic_preexperiment_reference
full,170,1506,78815,750000,0.10508666666666666,synthetic_preexperiment_reference
full,171,1635,80450,750000,0.10726666666666666,synthetic_preexperiment_reference
full,172,1757,82207,750000,0.10960933333333334,synthetic_preexperiment_reference
full,173,1961,84168,750000,0.112224,synthetic_preexperiment_reference
full,174,2039,86207,750000,0.11494266666666667,synthetic_preexperiment_reference
full,175,2142,88349,750000,0.11779866666666666,synthetic_preexperiment_reference
full,176,2320,90669,750000,0.120892,synthetic_preexperiment_reference
full,177,2530,93199,750000,0.12426533333333334,synthetic_preexperiment_reference
full,178,2718,95917,750000,0.12788933333333333,synthetic_preexperiment_reference
full,179,2861,98778,750000,0.131704,synthetic_preexperiment_reference
full,180,3235,102013,750000,0.13601733333333332,synthetic_preexperiment_reference
full,181,3382,105395,750000,0.14052666666666666,synthetic_preexperiment_reference
full,182,3669,109064,750000,0.14541866666666667,synthetic_preexperiment_reference
full,183,3882,112946,750000,0.15059466666666665,synthetic_preexperiment_reference
full,184,4228,117174,750000,0.156232,synthetic_preexperiment_reference
full,185,4503,121677,750000,0.162236,synthetic_preexperiment_reference
full,186,4860,126537,750000,0.168716,synthetic_preexperiment_reference
full,187,5091,131628,750000,0.175504,synthetic_preexperiment_reference
full,188,5438,137066,750000,0.18275466666666668,synthetic_preexperiment_reference
full,189,5605,142671,750000,0.190228,synthetic_preexperiment_reference
full,190,5935,148606,750000,0.19814133333333334,synthetic_preexperiment_reference
full,191,6287,154893,750000,0.206524,synthetic_preexperiment_reference
full,192,6636,161529,750000,0.215372,synthetic_preexperiment_reference
full,193,6985,168514,750000,0.22468533333333332,synthetic_preexperiment_reference
full,194,7177,175691,750000,0.23425466666666667,synthetic_preexperiment_reference
full,195,7589,183280,750000,0.24437333333333333,synthetic_preexperiment_reference
full,196,7771,191051,750000,0.25473466666666666,synthetic_preexperiment_reference
full,197,8085,199136,750000,0.2655146666666667,synthetic_preexperiment_reference
full,198,8406,207542,750000,0.2767226666666667,synthetic_preexperiment_reference
full,199,8810,216352,750000,0.28846933333333336,synthetic_preexperiment_reference
full,200,9070,225422,750000,0.30056266666666664,synthetic_preexperiment_reference
full,201,9031,234453,750000,0.312604,synthetic_preexperiment_reference
full,202,9410,243863,750000,0.32515066666666664,synthetic_preexperiment_reference
full,203,9766,253629,750000,0.338172,synthetic_preexperiment_reference
full,204,10002,263631,750000,0.351508,synthetic_preexperiment_reference
full,205,10383,274014,750000,0.365352,synthetic_preexperiment_reference
full,206,10580,284594,750000,0.37945866666666667,synthetic_preexperiment_reference
full,207,10510,295104,750000,0.393472,synthetic_preexperiment_reference
full,208,10928,306032,750000,0.40804266666666666,synthetic_preexperiment_reference
full,209,11281,317313,750000,0.423084,synthetic_preexperiment_reference
full,210,11377,328690,750000,0.43825333333333333,synthetic_preexperiment_reference
full,211,11487,340177,750000,0.4535693333333333,synthetic_preexperiment_reference
full,212,11763,351940,750000,0.46925333333333336,synthetic_preexperiment_reference
full,213,11753,363693,750000,0.484924,synthetic_preexperiment_reference
full,214,11822,375515,750000,0.5006866666666666,synthetic_preexperiment_reference
full,215,11963,387478,750000,0.5166373333333333,synthetic_preexperiment_reference
full,216,12122,399600,750000,0.5328,synthetic_preexperiment_reference
full,217,12186,411786,750000,0.549048,synthetic_preexperiment_reference
full,218,12272,424058,750000,0.5654106666666666,synthetic_preexperiment_reference
full,219,12133,436191,750000,0.581588,synthetic_preexperiment_reference
full,220,12037,448228,750000,0.5976373333333334,synthetic_preexperiment_reference
full,221,12048,460276,750000,0.6137013333333333,synthetic_preexperiment_reference
full,222,11930,472206,750000,0.629608,synthetic_preexperiment_reference
full,223,11654,483860,750000,0.6451466666666666,synthetic_preexperiment_reference
full,224,11677,495537,750000,0.660716,synthetic_preexperiment_reference
full,225,11492,507029,750000,0.6760386666666667,synthetic_preexperiment_reference
full,226,11415,518444,750000,0.6912586666666667,synthetic_preexperiment_reference
full,227,11246,529690,750000,0.7062533333333333,synthetic_preexperiment_reference
full,228,10850,540540,750000,0.72072,synthetic_preexperiment_reference
full,229,10447,550987,750000,0.7346493333333334,synthetic_preexperiment_reference
full,230,10185,561172,750000,0.7482293333333333,synthetic_preexperiment_reference
full,231,10021,571193,750000,0.7615906666666666,synthetic_preexperiment_reference
full,232,9637,580830,750000,0.77444,synthetic_preexperiment_reference
full,233,9225,590055,750000,0.78674,synthetic_preexperiment_reference
full,234,8804,598859,750000,0.7984786666666667,synthetic_preexperiment_reference
full,235,8631,607490,750000,0.8099866666666666,synthetic_preexperiment_reference
full,236,8425,615915,750000,0.82122,synthetic_preexperiment_reference
full,237,8119,624034,750000,0.8320453333333333,synthetic_preexperiment_reference
full,238,7692,631726,750000,0.8423013333333333,synthetic_preexperiment_reference
full,239,7473,639199,750000,0.8522653333333333,synthetic_preexperiment_reference
full,240,7008,646207,750000,0.8616093333333333,synthetic_preexperiment_reference
full,241,6644,652851,750000,0.870468,synthetic_preexperiment_reference
full,242,6332,659183,750000,0.8789106666666666,synthetic_preexperiment_reference
full,243,6128,665311,750000,0.8870813333333334,synthetic_preexperiment_reference
full,244,5994,671305,750000,0.8950733333333334,synthetic_preexperiment_reference
full,245,5578,676883,750000,0.9025106666666667,synthetic_preexperiment_reference
full,246,5288,682171,750000,0.9095613333333333,synthetic_preexperiment_reference
full,247,5019,687190,750000,0.9162533333333334,synthetic_preexperiment_reference
full,248,4686,691876,750000,0.9225013333333333,synthetic_preexperiment_reference
full,249,4514,696390,750000,0.92852,synthetic_preexperiment_reference
full,250,4361,700751,750000,0.9343346666666666,synthetic_preexperiment_reference
full,251,4035,704786,750000,0.9397146666666667,synthetic_preexperiment_reference
full,252,3729,708515,750000,0.9446866666666667,synthetic_preexperiment_reference
full,253,3394,711909,750000,0.949212,synthetic_preexperiment_reference
full,254,3105,715014,750000,0.953352,synthetic_preexperiment_reference
full,255,2875,717889,750000,0.9571853333333333,synthetic_preexperiment_reference
full,256,2714,720603,750000,0.960804,synthetic_preexperiment_reference
full,257,2517,723120,750000,0.96416,synthetic_preexperiment_reference
full,258,2425,725545,750000,0.9673933333333333,synthetic_preexperiment_reference
full,259,2223,727768,750000,0.9703573333333333,synthetic_preexperiment_reference
full,260,2125,729893,750000,0.9731906666666666,synthetic_preexperiment_reference
full,261,1879,731772,750000,0.975696,synthetic_preexperiment_reference
full,262,1702,733474,750000,0.9779653333333334,synthetic_preexperiment_reference
full,263,1620,735094,750000,0.9801253333333333,synthetic_preexperiment_reference
full,264,1447,736541,750000,0.9820546666666666,synthetic_preexperiment_reference
full,265,1399,737940,750000,0.98392,synthetic_preexperiment_reference
full,266,1245,739185,750000,0.98558,synthetic_preexperiment_reference
full,267,1136,740321,750000,0.9870946666666667,synthetic_preexperiment_reference
full,268,998,741319,750000,0.9884253333333334,synthetic_preexperiment_reference
full,269,942,742261,750000,0.9896813333333333,synthetic_preexperiment_reference
full,270,840,743101,750000,0.9908013333333333,synthetic_preexperiment_reference
full,271,753,743854,750000,0.9918053333333333,synthetic_preexperiment_reference
full,272,699,744553,750000,0.9927373333333334,synthetic_preexperiment_reference
full,273,638,745191,750000,0.993588,synthetic_preexperiment_reference
full,274,552,745743,750000,0.994324,synthetic_preexperiment_reference
full,275,506,746249,750000,0.9949986666666667,synthetic_preexperiment_reference
full,276,438,746687,750000,0.9955826666666666,synthetic_preexperiment_reference
full,277,397,747084,750000,0.996112,synthetic_preexperiment_reference
full,278,356,747440,750000,0.9965866666666666,synthetic_preexperiment_reference
full,279,313,747753,750000,0.997004,synthetic_preexperiment_reference
full,280,277,748030,750000,0.9973733333333333,synthetic_preexperiment_reference
full,281,281,748311,750000,0.997748,synthetic_preexperiment_reference
full,282,205,748516,750000,0.9980213333333333,synthetic_preexperiment_reference
full,283,168,748684,750000,0.9982453333333333,synthetic_preexperiment_reference
full,284,138,748822,750000,0.9984293333333333,synthetic_preexperiment_reference
full,285,135,748957,750000,0.9986093333333333,synthetic_preexperiment_reference
full,286,128,749085,750000,0.99878,synthetic_preexperiment_reference
full,287,121,749206,750000,0.9989413333333333,synthetic_preexperiment_reference
full,288,93,749299,750000,0.9990653333333334,synthetic_preexperiment_reference
full,289,75,749374,750000,0.9991653333333333,synthetic_preexperiment_reference
full,290,88,749462,750000,0.9992826666666667,synthetic_preexperiment_reference
full,291,72,749534,750000,0.9993786666666666,synthetic_preexperiment_reference
full,292,78,749612,750000,0.9994826666666666,synthetic_preexperiment_reference
full,293,64,749676,750000,0.999568,synthetic_preexperiment_reference
full,294,55,749731,750000,0.9996413333333334,synthetic_preexperiment_reference
full,295,49,749780,750000,0.9997066666666666,synthetic_preexperiment_reference
full,296,42,749822,750000,0.9997626666666667,synthetic_preexperiment_reference
full,297,39,749861,750000,0.9998146666666666,synthetic_preexperiment_reference
full,298,29,749890,750000,0.9998533333333334,synthetic_preexperiment_reference
full,299,14,749904,750000,0.999872,synthetic_preexperiment_reference
full,300,16,749920,750000,0.9998933333333333,synthetic_preexperiment_reference
full,301,14,749934,750000,0.999912,synthetic_preexperiment_reference
full,302,16,749950,750000,0.9999333333333333,synthetic_preexperiment_reference
full,303,10,749960,750000,0.9999466666666667,synthetic_preexperiment_reference
full,304,11,749971,750000,0.9999613333333334,synthetic_preexperiment_reference
full,305,11,749982,750000,0.999976,synthetic_preexperiment_reference
full,306,8,749990,750000,0.9999866666666667,synthetic_preexperiment_reference
full,308,1,749991,750000,0.999988,synthetic_preexperiment_reference
full,309,2,749993,750000,0.9999906666666667,synthetic_preexperiment_reference
full,310,2,749995,750000,0.9999933333333333,synthetic_preexperiment_reference
full,312,1,749996,750000,0.9999946666666667,synthetic_preexperiment_reference
full,313,2,749998,750000,0.9999973333333333,synthetic_preexperiment_reference
full,314,2,750000,750000,1,synthetic_preexperiment_reference
mlp213,0,6036,6036,750000,0.008048,synthetic_preexperiment_reference
mlp213,38,5,6041,750000,0.008054666666666667,synthetic_preexperiment_reference
mlp213,39,125,6166,750000,0.008221333333333334,synthetic_preexperiment_reference
mlp213,40,465,6631,750000,0.008841333333333333,synthetic_preexperiment_reference
mlp213,41,1404,8035,750000,0.010713333333333333,synthetic_preexperiment_reference
mlp213,42,2420,10455,750000,0.01394,synthetic_preexperiment_reference
mlp213,43,2790,13245,750000,0.01766,synthetic_preexperiment_reference
mlp213,44,2865,16110,750000,0.02148,synthetic_preexperiment_reference
mlp213,45,2932,19042,750000,0.025389333333333333,synthetic_preexperiment_reference
mlp213,46,3040,22082,750000,0.029442666666666666,synthetic_preexperiment_reference
mlp213,47,2783,24865,750000,0.03315333333333333,synthetic_preexperiment_reference
mlp213,48,2591,27456,750000,0.036608,synthetic_preexperiment_reference
mlp213,49,2915,30371,750000,0.040494666666666665,synthetic_preexperiment_reference
mlp213,50,2725,33096,750000,0.044128,synthetic_preexperiment_reference
mlp213,51,2728,35824,750000,0.04776533333333333,synthetic_preexperiment_reference
mlp213,52,2715,38539,750000,0.05138533333333333,synthetic_preexperiment_reference
mlp213,53,2815,41354,750000,0.05513866666666667,synthetic_preexperiment_reference
mlp213,54,2840,44194,750000,0.058925333333333337,synthetic_preexperiment_reference
mlp213,55,2759,46953,750000,0.062604,synthetic_preexperiment_reference
mlp213,56,2585,49538,750000,0.06605066666666666,synthetic_preexperiment_reference
mlp213,57,2387,51925,750000,0.06923333333333333,synthetic_preexperiment_reference
mlp213,58,2578,54503,750000,0.07267066666666666,synthetic_preexperiment_reference
mlp213,59,2725,57228,750000,0.076304,synthetic_preexperiment_reference
mlp213,60,2530,59758,750000,0.07967733333333334,synthetic_preexperiment_reference
mlp213,61,2035,61793,750000,0.08239066666666667,synthetic_preexperiment_reference
mlp213,62,1802,63595,750000,0.08479333333333333,synthetic_preexperiment_reference
mlp213,63,890,64485,750000,0.08598,synthetic_preexperiment_reference
mlp213,64,375,64860,750000,0.08648,synthetic_preexperiment_reference
mlp213,65,85,64945,750000,0.08659333333333333,synthetic_preexperiment_reference
mlp213,66,25,64970,750000,0.08662666666666667,synthetic_preexperiment_reference
mlp213,67,5,64975,750000,0.08663333333333334,synthetic_preexperiment_reference
mlp213,121,2,64977,750000,0.086636,synthetic_preexperiment_reference
mlp213,122,10,64987,750000,0.08664933333333333,synthetic_preexperiment_reference
mlp213,123,3,64990,750000,0.08665333333333333,synthetic_preexperiment_reference
mlp213,124,3,64993,750000,0.08665733333333334,synthetic_preexperiment_reference
mlp213,125,6,64999,750000,0.08666533333333333,synthetic_preexperiment_reference
mlp213,126,7,65006,750000,0.08667466666666666,synthetic_preexperiment_reference
mlp213,127,6,65012,750000,0.08668266666666667,synthetic_preexperiment_reference
mlp213,128,8,65020,750000,0.08669333333333333,synthetic_preexperiment_reference
mlp213,129,21,65041,750000,0.08672133333333333,synthetic_preexperiment_reference
mlp213,130,13,65054,750000,0.08673866666666667,synthetic_preexperiment_reference
mlp213,131,18,65072,750000,0.08676266666666667,synthetic_preexperiment_reference
mlp213,132,20,65092,750000,0.08678933333333333,synthetic_preexperiment_reference
mlp213,133,29,65121,750000,0.086828,synthetic_preexperiment_reference
mlp213,134,30,65151,750000,0.086868,synthetic_preexperiment_reference
mlp213,135,34,65185,750000,0.08691333333333333,synthetic_preexperiment_reference
mlp213,136,68,65253,750000,0.087004,synthetic_preexperiment_reference
mlp213,137,61,65314,750000,0.08708533333333333,synthetic_preexperiment_reference
mlp213,138,50,65364,750000,0.087152,synthetic_preexperiment_reference
mlp213,139,63,65427,750000,0.087236,synthetic_preexperiment_reference
mlp213,140,61,65488,750000,0.08731733333333333,synthetic_preexperiment_reference
mlp213,141,63,65551,750000,0.08740133333333333,synthetic_preexperiment_reference
mlp213,142,97,65648,750000,0.08753066666666667,synthetic_preexperiment_reference
mlp213,143,103,65751,750000,0.087668,synthetic_preexperiment_reference
mlp213,144,89,65840,750000,0.08778666666666667,synthetic_preexperiment_reference
mlp213,145,117,65957,750000,0.08794266666666667,synthetic_preexperiment_reference
mlp213,146,154,66111,750000,0.088148,synthetic_preexperiment_reference
mlp213,147,121,66232,750000,0.08830933333333334,synthetic_preexperiment_reference
mlp213,148,134,66366,750000,0.088488,synthetic_preexperiment_reference
mlp213,149,158,66524,750000,0.08869866666666666,synthetic_preexperiment_reference
mlp213,150,197,66721,750000,0.08896133333333334,synthetic_preexperiment_reference
mlp213,151,239,66960,750000,0.08928,synthetic_preexperiment_reference
mlp213,152,264,67224,750000,0.089632,synthetic_preexperiment_reference
mlp213,153,320,67544,750000,0.09005866666666666,synthetic_preexperiment_reference
mlp213,154,332,67876,750000,0.09050133333333334,synthetic_preexperiment_reference
mlp213,155,415,68291,750000,0.09105466666666667,synthetic_preexperiment_reference
mlp213,156,417,68708,750000,0.09161066666666667,synthetic_preexperiment_reference
mlp213,157,465,69173,750000,0.09223066666666667,synthetic_preexperiment_reference
mlp213,158,566,69739,750000,0.09298533333333334,synthetic_preexperiment_reference
mlp213,159,591,70330,750000,0.09377333333333333,synthetic_preexperiment_reference
mlp213,160,649,70979,750000,0.09463866666666666,synthetic_preexperiment_reference
mlp213,161,630,71609,750000,0.09547866666666667,synthetic_preexperiment_reference
mlp213,162,738,72347,750000,0.09646266666666667,synthetic_preexperiment_reference
mlp213,163,867,73214,750000,0.09761866666666667,synthetic_preexperiment_reference
mlp213,164,933,74147,750000,0.09886266666666667,synthetic_preexperiment_reference
mlp213,165,962,75109,750000,0.10014533333333334,synthetic_preexperiment_reference
mlp213,166,1055,76164,750000,0.101552,synthetic_preexperiment_reference
mlp213,167,1285,77449,750000,0.10326533333333333,synthetic_preexperiment_reference
mlp213,168,1366,78815,750000,0.10508666666666666,synthetic_preexperiment_reference
mlp213,169,1506,80321,750000,0.10709466666666667,synthetic_preexperiment_reference
mlp213,170,1680,82001,750000,0.10933466666666666,synthetic_preexperiment_reference
mlp213,171,1764,83765,750000,0.11168666666666667,synthetic_preexperiment_reference
mlp213,172,1899,85664,750000,0.11421866666666666,synthetic_preexperiment_reference
mlp213,173,2066,87730,750000,0.11697333333333333,synthetic_preexperiment_reference
mlp213,174,2228,89958,750000,0.119944,synthetic_preexperiment_reference
mlp213,175,2376,92334,750000,0.123112,synthetic_preexperiment_reference
mlp213,176,2658,94992,750000,0.126656,synthetic_preexperiment_reference
mlp213,177,2766,97758,750000,0.130344,synthetic_preexperiment_reference
mlp213,178,3033,100791,750000,0.134388,synthetic_preexperiment_reference
mlp213,179,3302,104093,750000,0.13879066666666667,synthetic_preexperiment_reference
mlp213,180,3390,107483,750000,0.14331066666666667,synthetic_preexperiment_reference
mlp213,181,3611,111094,750000,0.14812533333333333,synthetic_preexperiment_reference
mlp213,182,4137,115231,750000,0.15364133333333332,synthetic_preexperiment_reference
mlp213,183,4359,119590,750000,0.15945333333333334,synthetic_preexperiment_reference
mlp213,184,4553,124143,750000,0.165524,synthetic_preexperiment_reference
mlp213,185,4957,129100,750000,0.17213333333333333,synthetic_preexperiment_reference
mlp213,186,4968,134068,750000,0.17875733333333332,synthetic_preexperiment_reference
mlp213,187,5613,139681,750000,0.18624133333333334,synthetic_preexperiment_reference
mlp213,188,5728,145409,750000,0.19387866666666667,synthetic_preexperiment_reference
mlp213,189,5800,151209,750000,0.201612,synthetic_preexperiment_reference
mlp213,190,6368,157577,750000,0.21010266666666666,synthetic_preexperiment_reference
mlp213,191,6586,164163,750000,0.218884,synthetic_preexperiment_reference
mlp213,192,6997,171160,750000,0.22821333333333332,synthetic_preexperiment_reference
mlp213,193,7159,178319,750000,0.23775866666666667,synthetic_preexperiment_reference
mlp213,194,7583,185902,750000,0.24786933333333333,synthetic_preexperiment_reference
mlp213,195,7625,193527,750000,0.258036,synthetic_preexperiment_reference
mlp213,196,7937,201464,750000,0.2686186666666667,synthetic_preexperiment_reference
mlp213,197,8248,209712,750000,0.279616,synthetic_preexperiment_reference
mlp213,198,8811,218523,750000,0.291364,synthetic_preexperiment_reference
mlp213,199,9263,227786,750000,0.3037146666666667,synthetic_preexperiment_reference
mlp213,200,9245,237031,750000,0.31604133333333334,synthetic_preexperiment_reference
mlp213,201,9536,246567,750000,0.328756,synthetic_preexperiment_reference
mlp213,202,9589,256156,750000,0.3415413333333333,synthetic_preexperiment_reference
mlp213,203,9801,265957,750000,0.35460933333333333,synthetic_preexperiment_reference
mlp213,204,10119,276076,750000,0.36810133333333334,synthetic_preexperiment_reference
mlp213,205,10692,286768,750000,0.3823573333333333,synthetic_preexperiment_reference
mlp213,206,10681,297449,750000,0.39659866666666665,synthetic_preexperiment_reference
mlp213,207,10908,308357,750000,0.41114266666666666,synthetic_preexperiment_reference
mlp213,208,11218,319575,750000,0.4261,synthetic_preexperiment_reference
mlp213,209,11520,331095,750000,0.44146,synthetic_preexperiment_reference
mlp213,210,11620,342715,750000,0.4569533333333333,synthetic_preexperiment_reference
mlp213,211,11648,354363,750000,0.472484,synthetic_preexperiment_reference
mlp213,212,12064,366427,750000,0.48856933333333336,synthetic_preexperiment_reference
mlp213,213,12151,378578,750000,0.5047706666666667,synthetic_preexperiment_reference
mlp213,214,12228,390806,750000,0.5210746666666667,synthetic_preexperiment_reference
mlp213,215,11912,402718,750000,0.5369573333333333,synthetic_preexperiment_reference
mlp213,216,11786,414504,750000,0.552672,synthetic_preexperiment_reference
mlp213,217,12047,426551,750000,0.5687346666666667,synthetic_preexperiment_reference
mlp213,218,11999,438550,750000,0.5847333333333333,synthetic_preexperiment_reference
mlp213,219,11831,450381,750000,0.600508,synthetic_preexperiment_reference
mlp213,220,11803,462184,750000,0.6162453333333333,synthetic_preexperiment_reference
mlp213,221,12011,474195,750000,0.63226,synthetic_preexperiment_reference
mlp213,222,11770,485965,750000,0.6479533333333334,synthetic_preexperiment_reference
mlp213,223,11368,497333,750000,0.6631106666666666,synthetic_preexperiment_reference
mlp213,224,11264,508597,750000,0.6781293333333334,synthetic_preexperiment_reference
mlp213,225,11071,519668,750000,0.6928906666666667,synthetic_preexperiment_reference
mlp213,226,11190,530858,750000,0.7078106666666667,synthetic_preexperiment_reference
mlp213,227,10288,541146,750000,0.721528,synthetic_preexperiment_reference
mlp213,228,10143,551289,750000,0.735052,synthetic_preexperiment_reference
mlp213,229,10228,561517,750000,0.7486893333333333,synthetic_preexperiment_reference
mlp213,230,9784,571301,750000,0.7617346666666667,synthetic_preexperiment_reference
mlp213,231,9447,580748,750000,0.7743306666666666,synthetic_preexperiment_reference
mlp213,232,9104,589852,750000,0.7864693333333334,synthetic_preexperiment_reference
mlp213,233,9015,598867,750000,0.7984893333333334,synthetic_preexperiment_reference
mlp213,234,8654,607521,750000,0.810028,synthetic_preexperiment_reference
mlp213,235,8438,615959,750000,0.8212786666666667,synthetic_preexperiment_reference
mlp213,236,8190,624149,750000,0.8321986666666666,synthetic_preexperiment_reference
mlp213,237,7794,631943,750000,0.8425906666666667,synthetic_preexperiment_reference
mlp213,238,7507,639450,750000,0.8526,synthetic_preexperiment_reference
mlp213,239,7038,646488,750000,0.861984,synthetic_preexperiment_reference
mlp213,240,6752,653240,750000,0.8709866666666667,synthetic_preexperiment_reference
mlp213,241,6368,659608,750000,0.8794773333333333,synthetic_preexperiment_reference
mlp213,242,6209,665817,750000,0.887756,synthetic_preexperiment_reference
mlp213,243,5937,671754,750000,0.895672,synthetic_preexperiment_reference
mlp213,244,5562,677316,750000,0.903088,synthetic_preexperiment_reference
mlp213,245,5350,682666,750000,0.9102213333333333,synthetic_preexperiment_reference
mlp213,246,5019,687685,750000,0.9169133333333334,synthetic_preexperiment_reference
mlp213,247,4787,692472,750000,0.923296,synthetic_preexperiment_reference
mlp213,248,4359,696831,750000,0.929108,synthetic_preexperiment_reference
mlp213,249,4170,701001,750000,0.934668,synthetic_preexperiment_reference
mlp213,250,3967,704968,750000,0.9399573333333333,synthetic_preexperiment_reference
mlp213,251,3787,708755,750000,0.9450066666666667,synthetic_preexperiment_reference
mlp213,252,3445,712200,750000,0.9496,synthetic_preexperiment_reference
mlp213,253,3189,715389,750000,0.953852,synthetic_preexperiment_reference
mlp213,254,3017,718406,750000,0.9578746666666667,synthetic_preexperiment_reference
mlp213,255,2619,721025,750000,0.9613666666666667,synthetic_preexperiment_reference
mlp213,256,2392,723417,750000,0.964556,synthetic_preexperiment_reference
mlp213,257,2289,725706,750000,0.967608,synthetic_preexperiment_reference
mlp213,258,2166,727872,750000,0.970496,synthetic_preexperiment_reference
mlp213,259,2049,729921,750000,0.973228,synthetic_preexperiment_reference
mlp213,260,1774,731695,750000,0.9755933333333333,synthetic_preexperiment_reference
mlp213,261,1754,733449,750000,0.977932,synthetic_preexperiment_reference
mlp213,262,1640,735089,750000,0.9801186666666667,synthetic_preexperiment_reference
mlp213,263,1454,736543,750000,0.9820573333333333,synthetic_preexperiment_reference
mlp213,264,1364,737907,750000,0.983876,synthetic_preexperiment_reference
mlp213,265,1362,739269,750000,0.985692,synthetic_preexperiment_reference
mlp213,266,1158,740427,750000,0.987236,synthetic_preexperiment_reference
mlp213,267,896,741323,750000,0.9884306666666667,synthetic_preexperiment_reference
mlp213,268,956,742279,750000,0.9897053333333333,synthetic_preexperiment_reference
mlp213,269,891,743170,750000,0.9908933333333333,synthetic_preexperiment_reference
mlp213,270,705,743875,750000,0.9918333333333333,synthetic_preexperiment_reference
mlp213,271,615,744490,750000,0.9926533333333334,synthetic_preexperiment_reference
mlp213,272,623,745113,750000,0.993484,synthetic_preexperiment_reference
mlp213,273,584,745697,750000,0.9942626666666666,synthetic_preexperiment_reference
mlp213,274,557,746254,750000,0.9950053333333333,synthetic_preexperiment_reference
mlp213,275,446,746700,750000,0.9956,synthetic_preexperiment_reference
mlp213,276,396,747096,750000,0.996128,synthetic_preexperiment_reference
mlp213,277,351,747447,750000,0.996596,synthetic_preexperiment_reference
mlp213,278,314,747761,750000,0.9970146666666667,synthetic_preexperiment_reference
mlp213,279,273,748034,750000,0.9973786666666666,synthetic_preexperiment_reference
mlp213,280,217,748251,750000,0.997668,synthetic_preexperiment_reference
mlp213,281,226,748477,750000,0.9979693333333334,synthetic_preexperiment_reference
mlp213,282,178,748655,750000,0.9982066666666667,synthetic_preexperiment_reference
mlp213,283,147,748802,750000,0.9984026666666667,synthetic_preexperiment_reference
mlp213,284,169,748971,750000,0.998628,synthetic_preexperiment_reference
mlp213,285,134,749105,750000,0.9988066666666666,synthetic_preexperiment_reference
mlp213,286,123,749228,750000,0.9989706666666667,synthetic_preexperiment_reference
mlp213,287,111,749339,750000,0.9991186666666667,synthetic_preexperiment_reference
mlp213,288,88,749427,750000,0.999236,synthetic_preexperiment_reference
mlp213,289,53,749480,750000,0.9993066666666667,synthetic_preexperiment_reference
mlp213,290,80,749560,750000,0.9994133333333334,synthetic_preexperiment_reference
mlp213,291,68,749628,750000,0.999504,synthetic_preexperiment_reference
mlp213,292,53,749681,750000,0.9995746666666666,synthetic_preexperiment_reference
mlp213,293,44,749725,750000,0.9996333333333334,synthetic_preexperiment_reference
mlp213,294,44,749769,750000,0.999692,synthetic_preexperiment_reference
mlp213,295,41,749810,750000,0.9997466666666667,synthetic_preexperiment_reference
mlp213,296,38,749848,750000,0.9997973333333333,synthetic_preexperiment_reference
mlp213,297,35,749883,750000,0.999844,synthetic_preexperiment_reference
mlp213,298,16,749899,750000,0.9998653333333334,synthetic_preexperiment_reference
mlp213,299,12,749911,750000,0.9998813333333333,synthetic_preexperiment_reference
mlp213,300,14,749925,750000,0.9999,synthetic_preexperiment_reference
mlp213,301,11,749936,750000,0.9999146666666666,synthetic_preexperiment_reference
mlp213,302,21,749957,750000,0.9999426666666666,synthetic_preexperiment_reference
mlp213,303,13,749970,750000,0.99996,synthetic_preexperiment_reference
mlp213,304,9,749979,750000,0.999972,synthetic_preexperiment_reference
mlp213,305,9,749988,750000,0.999984,synthetic_preexperiment_reference
mlp213,306,2,749990,750000,0.9999866666666667,synthetic_preexperiment_reference
mlp213,308,2,749992,750000,0.9999893333333333,synthetic_preexperiment_reference
mlp213,309,3,749995,750000,0.9999933333333333,synthetic_preexperiment_reference
mlp213,312,2,749997,750000,0.999996,synthetic_preexperiment_reference
mlp213,313,3,750000,750000,1,synthetic_preexperiment_reference
kan_generic,0,6979,6979,750000,0.009305333333333334,synthetic_preexperiment_reference
kan_generic,38,5,6984,750000,0.009312,synthetic_preexperiment_reference
kan_generic,39,125,7109,750000,0.009478666666666666,synthetic_preexperiment_reference
kan_generic,40,465,7574,750000,0.010098666666666667,synthetic_preexperiment_reference
kan_generic,41,1397,8971,750000,0.011961333333333332,synthetic_preexperiment_reference
kan_generic,42,2408,11379,750000,0.015172,synthetic_preexperiment_reference
kan_generic,43,2786,14165,750000,0.018886666666666666,synthetic_preexperiment_reference
kan_generic,44,2863,17028,750000,0.022704,synthetic_preexperiment_reference
kan_generic,45,2927,19955,750000,0.026606666666666667,synthetic_preexperiment_reference
kan_generic,46,3037,22992,750000,0.030656,synthetic_preexperiment_reference
kan_generic,47,2778,25770,750000,0.03436,synthetic_preexperiment_reference
kan_generic,48,2581,28351,750000,0.03780133333333333,synthetic_preexperiment_reference
kan_generic,49,2910,31261,750000,0.041681333333333334,synthetic_preexperiment_reference
kan_generic,50,2725,33986,750000,0.04531466666666667,synthetic_preexperiment_reference
kan_generic,51,2726,36712,750000,0.04894933333333333,synthetic_preexperiment_reference
kan_generic,52,2715,39427,750000,0.052569333333333336,synthetic_preexperiment_reference
kan_generic,53,2811,42238,750000,0.05631733333333333,synthetic_preexperiment_reference
kan_generic,54,2840,45078,750000,0.060104,synthetic_preexperiment_reference
kan_generic,55,2751,47829,750000,0.063772,synthetic_preexperiment_reference
kan_generic,56,2585,50414,750000,0.06721866666666666,synthetic_preexperiment_reference
kan_generic,57,2376,52790,750000,0.07038666666666667,synthetic_preexperiment_reference
kan_generic,58,2575,55365,750000,0.07382,synthetic_preexperiment_reference
kan_generic,59,2724,58089,750000,0.077452,synthetic_preexperiment_reference
kan_generic,60,2528,60617,750000,0.08082266666666667,synthetic_preexperiment_reference
kan_generic,61,2035,62652,750000,0.083536,synthetic_preexperiment_reference
kan_generic,62,1797,64449,750000,0.085932,synthetic_preexperiment_reference
kan_generic,63,888,65337,750000,0.087116,synthetic_preexperiment_reference
kan_generic,64,375,65712,750000,0.087616,synthetic_preexperiment_reference
kan_generic,65,85,65797,750000,0.08772933333333334,synthetic_preexperiment_reference
kan_generic,66,25,65822,750000,0.08776266666666667,synthetic_preexperiment_reference
kan_generic,67,5,65827,750000,0.08776933333333334,synthetic_preexperiment_reference
kan_generic,120,2,65829,750000,0.087772,synthetic_preexperiment_reference
kan_generic,121,1,65830,750000,0.08777333333333333,synthetic_preexperiment_reference
kan_generic,122,5,65835,750000,0.08778,synthetic_preexperiment_reference
kan_generic,123,3,65838,750000,0.087784,synthetic_preexperiment_reference
kan_generic,124,6,65844,750000,0.087792,synthetic_preexperiment_reference
kan_generic,125,8,65852,750000,0.08780266666666667,synthetic_preexperiment_reference
kan_generic,126,5,65857,750000,0.08780933333333334,synthetic_preexperiment_reference
kan_generic,127,4,65861,750000,0.08781466666666667,synthetic_preexperiment_reference
kan_generic,128,12,65873,750000,0.08783066666666667,synthetic_preexperiment_reference
kan_generic,129,9,65882,750000,0.08784266666666667,synthetic_preexperiment_reference
kan_generic,130,15,65897,750000,0.08786266666666667,synthetic_preexperiment_reference
kan_generic,131,19,65916,750000,0.087888,synthetic_preexperiment_reference
kan_generic,132,36,65952,750000,0.087936,synthetic_preexperiment_reference
kan_generic,133,48,66000,750000,0.088,synthetic_preexperiment_reference
kan_generic,134,39,66039,750000,0.088052,synthetic_preexperiment_reference
kan_generic,135,29,66068,750000,0.08809066666666666,synthetic_preexperiment_reference
kan_generic,136,36,66104,750000,0.08813866666666667,synthetic_preexperiment_reference
kan_generic,137,58,66162,750000,0.088216,synthetic_preexperiment_reference
kan_generic,138,57,66219,750000,0.088292,synthetic_preexperiment_reference
kan_generic,139,78,66297,750000,0.088396,synthetic_preexperiment_reference
kan_generic,140,71,66368,750000,0.08849066666666666,synthetic_preexperiment_reference
kan_generic,141,59,66427,750000,0.08856933333333333,synthetic_preexperiment_reference
kan_generic,142,84,66511,750000,0.08868133333333333,synthetic_preexperiment_reference
kan_generic,143,91,66602,750000,0.08880266666666667,synthetic_preexperiment_reference
kan_generic,144,87,66689,750000,0.08891866666666666,synthetic_preexperiment_reference
kan_generic,145,128,66817,750000,0.08908933333333334,synthetic_preexperiment_reference
kan_generic,146,128,66945,750000,0.08926,synthetic_preexperiment_reference
kan_generic,147,121,67066,750000,0.08942133333333334,synthetic_preexperiment_reference
kan_generic,148,132,67198,750000,0.08959733333333333,synthetic_preexperiment_reference
kan_generic,149,189,67387,750000,0.08984933333333334,synthetic_preexperiment_reference
kan_generic,150,179,67566,750000,0.090088,synthetic_preexperiment_reference
kan_generic,151,194,67760,750000,0.09034666666666667,synthetic_preexperiment_reference
kan_generic,152,261,68021,750000,0.09069466666666667,synthetic_preexperiment_reference
kan_generic,153,318,68339,750000,0.09111866666666667,synthetic_preexperiment_reference
kan_generic,154,351,68690,750000,0.09158666666666666,synthetic_preexperiment_reference
kan_generic,155,376,69066,750000,0.092088,synthetic_preexperiment_reference
kan_generic,156,389,69455,750000,0.09260666666666667,synthetic_preexperiment_reference
kan_generic,157,401,69856,750000,0.09314133333333334,synthetic_preexperiment_reference
kan_generic,158,513,70369,750000,0.09382533333333333,synthetic_preexperiment_reference
kan_generic,159,582,70951,750000,0.09460133333333333,synthetic_preexperiment_reference
kan_generic,160,689,71640,750000,0.09552,synthetic_preexperiment_reference
kan_generic,161,672,72312,750000,0.096416,synthetic_preexperiment_reference
kan_generic,162,686,72998,750000,0.09733066666666666,synthetic_preexperiment_reference
kan_generic,163,777,73775,750000,0.09836666666666667,synthetic_preexperiment_reference
kan_generic,164,884,74659,750000,0.09954533333333333,synthetic_preexperiment_reference
kan_generic,165,942,75601,750000,0.10080133333333334,synthetic_preexperiment_reference
kan_generic,166,1033,76634,750000,0.10217866666666667,synthetic_preexperiment_reference
kan_generic,167,1180,77814,750000,0.103752,synthetic_preexperiment_reference
kan_generic,168,1252,79066,750000,0.10542133333333334,synthetic_preexperiment_reference
kan_generic,169,1424,80490,750000,0.10732,synthetic_preexperiment_reference
kan_generic,170,1659,82149,750000,0.109532,synthetic_preexperiment_reference
kan_generic,171,1767,83916,750000,0.111888,synthetic_preexperiment_reference
kan_generic,172,1846,85762,750000,0.11434933333333333,synthetic_preexperiment_reference
kan_generic,173,2099,87861,750000,0.117148,synthetic_preexperiment_reference
kan_generic,174,2263,90124,750000,0.12016533333333333,synthetic_preexperiment_reference
kan_generic,175,2326,92450,750000,0.12326666666666666,synthetic_preexperiment_reference
kan_generic,176,2627,95077,750000,0.12676933333333334,synthetic_preexperiment_reference
kan_generic,177,2747,97824,750000,0.130432,synthetic_preexperiment_reference
kan_generic,178,2983,100807,750000,0.13440933333333333,synthetic_preexperiment_reference
kan_generic,179,3260,104067,750000,0.138756,synthetic_preexperiment_reference
kan_generic,180,3486,107553,750000,0.143404,synthetic_preexperiment_reference
kan_generic,181,3710,111263,750000,0.14835066666666666,synthetic_preexperiment_reference
kan_generic,182,3966,115229,750000,0.15363866666666667,synthetic_preexperiment_reference
kan_generic,183,4226,119455,750000,0.15927333333333332,synthetic_preexperiment_reference
kan_generic,184,4354,123809,750000,0.16507866666666668,synthetic_preexperiment_reference
kan_generic,185,4817,128626,750000,0.17150133333333334,synthetic_preexperiment_reference
kan_generic,186,4906,133532,750000,0.17804266666666665,synthetic_preexperiment_reference
kan_generic,187,5330,138862,750000,0.18514933333333333,synthetic_preexperiment_reference
kan_generic,188,5716,144578,750000,0.19277066666666667,synthetic_preexperiment_reference
kan_generic,189,5687,150265,750000,0.20035333333333333,synthetic_preexperiment_reference
kan_generic,190,6248,156513,750000,0.208684,synthetic_preexperiment_reference
kan_generic,191,6669,163182,750000,0.217576,synthetic_preexperiment_reference
kan_generic,192,6784,169966,750000,0.22662133333333334,synthetic_preexperiment_reference
kan_generic,193,7057,177023,750000,0.23603066666666667,synthetic_preexperiment_reference
kan_generic,194,7492,184515,750000,0.24602,synthetic_preexperiment_reference
kan_generic,195,8059,192574,750000,0.25676533333333335,synthetic_preexperiment_reference
kan_generic,196,8103,200677,750000,0.2675693333333333,synthetic_preexperiment_reference
kan_generic,197,8240,208917,750000,0.278556,synthetic_preexperiment_reference
kan_generic,198,8489,217406,750000,0.28987466666666667,synthetic_preexperiment_reference
kan_generic,199,9163,226569,750000,0.302092,synthetic_preexperiment_reference
kan_generic,200,9274,235843,750000,0.3144573333333333,synthetic_preexperiment_reference
kan_generic,201,9275,245118,750000,0.326824,synthetic_preexperiment_reference
kan_generic,202,9512,254630,750000,0.3395066666666667,synthetic_preexperiment_reference
kan_generic,203,9866,264496,750000,0.3526613333333333,synthetic_preexperiment_reference
kan_generic,204,10076,274572,750000,0.366096,synthetic_preexperiment_reference
kan_generic,205,10444,285016,750000,0.3800213333333333,synthetic_preexperiment_reference
kan_generic,206,10606,295622,750000,0.39416266666666666,synthetic_preexperiment_reference
kan_generic,207,10911,306533,750000,0.40871066666666667,synthetic_preexperiment_reference
kan_generic,208,11373,317906,750000,0.4238746666666667,synthetic_preexperiment_reference
kan_generic,209,11679,329585,750000,0.43944666666666665,synthetic_preexperiment_reference
kan_generic,210,11371,340956,750000,0.454608,synthetic_preexperiment_reference
kan_generic,211,11485,352441,750000,0.46992133333333336,synthetic_preexperiment_reference
kan_generic,212,11853,364294,750000,0.48572533333333334,synthetic_preexperiment_reference
kan_generic,213,12008,376302,750000,0.501736,synthetic_preexperiment_reference
kan_generic,214,11916,388218,750000,0.517624,synthetic_preexperiment_reference
kan_generic,215,12039,400257,750000,0.533676,synthetic_preexperiment_reference
kan_generic,216,12055,412312,750000,0.5497493333333333,synthetic_preexperiment_reference
kan_generic,217,12253,424565,750000,0.5660866666666666,synthetic_preexperiment_reference
kan_generic,218,11941,436506,750000,0.582008,synthetic_preexperiment_reference
kan_generic,219,11887,448393,750000,0.5978573333333334,synthetic_preexperiment_reference
kan_generic,220,11975,460368,750000,0.613824,synthetic_preexperiment_reference
kan_generic,221,12011,472379,750000,0.6298386666666667,synthetic_preexperiment_reference
kan_generic,222,11727,484106,750000,0.6454746666666666,synthetic_preexperiment_reference
kan_generic,223,11398,495504,750000,0.660672,synthetic_preexperiment_reference
kan_generic,224,11358,506862,750000,0.675816,synthetic_preexperiment_reference
kan_generic,225,11317,518179,750000,0.6909053333333334,synthetic_preexperiment_reference
kan_generic,226,11070,529249,750000,0.7056653333333334,synthetic_preexperiment_reference
kan_generic,227,10690,539939,750000,0.7199186666666667,synthetic_preexperiment_reference
kan_generic,228,10041,549980,750000,0.7333066666666667,synthetic_preexperiment_reference
kan_generic,229,10059,560039,750000,0.7467186666666666,synthetic_preexperiment_reference
kan_generic,230,9980,570019,750000,0.7600253333333333,synthetic_preexperiment_reference
kan_generic,231,9722,579741,750000,0.772988,synthetic_preexperiment_reference
kan_generic,232,9223,588964,750000,0.7852853333333333,synthetic_preexperiment_reference
kan_generic,233,9010,597974,750000,0.7972986666666667,synthetic_preexperiment_reference
kan_generic,234,8647,606621,750000,0.808828,synthetic_preexperiment_reference
kan_generic,235,8448,615069,750000,0.820092,synthetic_preexperiment_reference
kan_generic,236,7841,622910,750000,0.8305466666666667,synthetic_preexperiment_reference
kan_generic,237,7659,630569,750000,0.8407586666666667,synthetic_preexperiment_reference
kan_generic,238,7271,637840,750000,0.8504533333333333,synthetic_preexperiment_reference
kan_generic,239,7229,645069,750000,0.860092,synthetic_preexperiment_reference
kan_generic,240,6987,652056,750000,0.869408,synthetic_preexperiment_reference
kan_generic,241,6565,658621,750000,0.8781613333333333,synthetic_preexperiment_reference
kan_generic,242,6205,664826,750000,0.8864346666666667,synthetic_preexperiment_reference
kan_generic,243,5855,670681,750000,0.8942413333333333,synthetic_preexperiment_reference
kan_generic,244,5610,676291,750000,0.9017213333333334,synthetic_preexperiment_reference
kan_generic,245,5358,681649,750000,0.9088653333333333,synthetic_preexperiment_reference
kan_generic,246,5287,686936,750000,0.9159146666666667,synthetic_preexperiment_reference
kan_generic,247,4827,691763,750000,0.9223506666666667,synthetic_preexperiment_reference
kan_generic,248,4412,696175,750000,0.9282333333333334,synthetic_preexperiment_reference
kan_generic,249,4111,700286,750000,0.9337146666666667,synthetic_preexperiment_reference
kan_generic,250,3957,704243,750000,0.9389906666666666,synthetic_preexperiment_reference
kan_generic,251,3802,708045,750000,0.94406,synthetic_preexperiment_reference
kan_generic,252,3449,711494,750000,0.9486586666666667,synthetic_preexperiment_reference
kan_generic,253,3235,714729,750000,0.952972,synthetic_preexperiment_reference
kan_generic,254,3086,717815,750000,0.9570866666666666,synthetic_preexperiment_reference
kan_generic,255,2820,720635,750000,0.9608466666666666,synthetic_preexperiment_reference
kan_generic,256,2453,723088,750000,0.9641173333333334,synthetic_preexperiment_reference
kan_generic,257,2302,725390,750000,0.9671866666666666,synthetic_preexperiment_reference
kan_generic,258,2174,727564,750000,0.9700853333333334,synthetic_preexperiment_reference
kan_generic,259,2127,729691,750000,0.9729213333333333,synthetic_preexperiment_reference
kan_generic,260,1927,731618,750000,0.9754906666666666,synthetic_preexperiment_reference
kan_generic,261,1756,733374,750000,0.977832,synthetic_preexperiment_reference
kan_generic,262,1708,735082,750000,0.9801093333333334,synthetic_preexperiment_reference
kan_generic,263,1469,736551,750000,0.982068,synthetic_preexperiment_reference
kan_generic,264,1337,737888,750000,0.9838506666666667,synthetic_preexperiment_reference
kan_generic,265,1291,739179,750000,0.985572,synthetic_preexperiment_reference
kan_generic,266,1132,740311,750000,0.9870813333333334,synthetic_preexperiment_reference
kan_generic,267,975,741286,750000,0.9883813333333333,synthetic_preexperiment_reference
kan_generic,268,972,742258,750000,0.9896773333333333,synthetic_preexperiment_reference
kan_generic,269,935,743193,750000,0.990924,synthetic_preexperiment_reference
kan_generic,270,688,743881,750000,0.9918413333333334,synthetic_preexperiment_reference
kan_generic,271,618,744499,750000,0.9926653333333333,synthetic_preexperiment_reference
kan_generic,272,601,745100,750000,0.9934666666666667,synthetic_preexperiment_reference
kan_generic,273,563,745663,750000,0.9942173333333333,synthetic_preexperiment_reference
kan_generic,274,525,746188,750000,0.9949173333333333,synthetic_preexperiment_reference
kan_generic,275,480,746668,750000,0.9955573333333333,synthetic_preexperiment_reference
kan_generic,276,424,747092,750000,0.9961226666666667,synthetic_preexperiment_reference
kan_generic,277,357,747449,750000,0.9965986666666666,synthetic_preexperiment_reference
kan_generic,278,333,747782,750000,0.9970426666666666,synthetic_preexperiment_reference
kan_generic,279,242,748024,750000,0.9973653333333333,synthetic_preexperiment_reference
kan_generic,280,248,748272,750000,0.997696,synthetic_preexperiment_reference
kan_generic,281,237,748509,750000,0.998012,synthetic_preexperiment_reference
kan_generic,282,190,748699,750000,0.9982653333333333,synthetic_preexperiment_reference
kan_generic,283,117,748816,750000,0.9984213333333334,synthetic_preexperiment_reference
kan_generic,284,119,748935,750000,0.99858,synthetic_preexperiment_reference
kan_generic,285,140,749075,750000,0.9987666666666667,synthetic_preexperiment_reference
kan_generic,286,106,749181,750000,0.998908,synthetic_preexperiment_reference
kan_generic,287,107,749288,750000,0.9990506666666666,synthetic_preexperiment_reference
kan_generic,288,88,749376,750000,0.999168,synthetic_preexperiment_reference
kan_generic,289,100,749476,750000,0.9993013333333334,synthetic_preexperiment_reference
kan_generic,290,75,749551,750000,0.9994013333333334,synthetic_preexperiment_reference
kan_generic,291,58,749609,750000,0.9994786666666666,synthetic_preexperiment_reference
kan_generic,292,43,749652,750000,0.999536,synthetic_preexperiment_reference
kan_generic,293,55,749707,750000,0.9996093333333333,synthetic_preexperiment_reference
kan_generic,294,58,749765,750000,0.9996866666666666,synthetic_preexperiment_reference
kan_generic,295,41,749806,750000,0.9997413333333334,synthetic_preexperiment_reference
kan_generic,296,35,749841,750000,0.999788,synthetic_preexperiment_reference
kan_generic,297,32,749873,750000,0.9998306666666666,synthetic_preexperiment_reference
kan_generic,298,18,749891,750000,0.9998546666666667,synthetic_preexperiment_reference
kan_generic,299,18,749909,750000,0.9998786666666667,synthetic_preexperiment_reference
kan_generic,300,24,749933,750000,0.9999106666666666,synthetic_preexperiment_reference
kan_generic,301,14,749947,750000,0.9999293333333333,synthetic_preexperiment_reference
kan_generic,302,7,749954,750000,0.9999386666666666,synthetic_preexperiment_reference
kan_generic,303,6,749960,750000,0.9999466666666667,synthetic_preexperiment_reference
kan_generic,304,10,749970,750000,0.99996,synthetic_preexperiment_reference
kan_generic,305,14,749984,750000,0.9999786666666667,synthetic_preexperiment_reference
kan_generic,306,6,749990,750000,0.9999866666666667,synthetic_preexperiment_reference
kan_generic,308,2,749992,750000,0.9999893333333333,synthetic_preexperiment_reference
kan_generic,309,3,749995,750000,0.9999933333333333,synthetic_preexperiment_reference
kan_generic,312,2,749997,750000,0.999996,synthetic_preexperiment_reference
kan_generic,313,3,750000,750000,1,synthetic_preexperiment_reference
