位置,必须修改,数值依据,限制
主基线身份与全篇图表,TGN-MLP统一为262→213→128；No kernel bank引用相同case结果，不再有第二套成绩。,同一method_id=mlp213，在主表和消融索引复用。,这解决结果身份一致性，不自动证明历史128/213训练差异原因。
摘要、V-A、结论：Greedy比较,取消旧文“Full吞吐略低、Peak更高”的方向；保留PP更高及可靠性取舍。,Full/Greedy：TP 202.608977/201.915200 Mbps；Peak 0.595856/0.599819；PP 0.165387/0.022727%。,均值差异不可自动改写为显著优势。
新增目标代价列,给出J_user及分项；Full−Greedy成本均值为负，但配对区间跨0。,"ΔJ=-0.009829204166666666；t95=[-0.02087486613838256,0.0012164578050492293]。",不能声称对Greedy取得明确统计显著的成本改善。重复来源对应尚需区分。
摘要、DRL段、结论,撤回Full在MADRL五项指标上全部占优；当前是Outage/HOF/TP更优，PP与Peak更差。,Full/MADRL PP 0.165387/0.119226%；Peak 0.595856/0.582329。,不得保留旧65.4%、76.2%、21.2%、11.4%的比较幅度。
Cox-only讨论,撤回Cox-only五项均差于Greedy；当前Cox-only Outage/HOF更低，PP/Peak更高、TP更低。,Cox-only/Greedy Outage 0.833167/0.931833%；HOF 0.852975/0.948291%。,解析惩罚和学习描述符干预仍是不同问题。
新增描述符消融：纯No-Cox保留RST,使用新增独立case，分别报告可靠性、PP、Peak、TP和成本，不把其重新命名为旧no_triplet。,"Full−no_cox_rst ΔJ=-0.0176966625；t95=[-0.03601140333985299,0.0006180783398529871]。",统计视图有对应数字；实际控制器实现和训练来源的解释不能靠数值自洽替代。
新增描述符消融：确定性星历替换,使用新增独立case，分别报告可靠性、PP、Peak、TP和成本，不把其重新命名为旧no_triplet。,"Full−eph_physick ΔJ=-0.009708699999999999；t95=[-0.018384611881200844,-0.001032788118799156]。",统计视图有对应数字；实际控制器实现和训练来源的解释不能靠数值自洽替代。
MSE段与相关表格,70个条件下persistence均优于proxy；不能把新视图标为已证明神经load head优势。,08_MSE统一视图.csv与原canonical表、NPZ、episode/seed/case一致。,源文件明确predictor_kind=proxy_not_trained_head；作者真实性确认与方法类别是不同问题。
Fig.3/4、Table IV/VI及长时域文字,重绘MLP213，加入N2000强基线H800；重算每条可靠性与吞吐比较，不能延用旧PP5.16%、TP229.45。,03_论文图表来源索引.csv按相同800步轨迹前缀选取。,对应真实模型冻结、验证到测试关系尚需单独解释。
Fig.6、Table VIII及密度迁移文字,高K对比扩展到规则方法和MADRL；K100共同锚点引用主表相同case。,03_论文图表来源索引.csv中Table VIII / Fig.6视图。,不能预设所有指标随K单调或Full在全部指标最佳。
迟滞扫描,新增固定0.05、0.10、0.20、0.30的点；不因测试扫描某点更优就替换默认值。,Hysteresis sensitivity索引；与名义case精确复用0.05。,扫值后的模型选择不能使用测试集。
Fig.9及权重结论,完全使用当前17配置的85个配对ratio汇总，替换旧比例及SD。,06_权重配对比值汇总.csv；默认比值1且SD0。,ratio均值不等于均值之比；权重J按各自权重评价，名义成本另需共同权重比较。
Fig.8 κ校准,保留之前总账的独立κ数据及trace-bootstrap口径，控制主结果更新不自动改动这16条记录。,10_独立κ校准与敏感性.csv及sources_kappa内原文件。,v14没有新κ trace；不要将该独立校准解释为由v14控制轨迹重新计算。
step0和checkpoint训练段,可以保留本轮已确定“step0不进入选择”的协议；不能从空selection记录宣称已验证其历史执行。,当前model_runs/selection_curve/step0_equivalence的运行字段仍需与作者实际记录对应。,step0排除本身不保证训练策略成本优于Greedy；不要求提交模型文件。
