result_id,dataset_version,method_id,method_name,original_method_name,N_sat,K,H,weight_id,tau_hyst,metric,mean,sample_sd,unit,aggregation_unit,n_units_protocol,valid_episode_counts,source_id,source_row,source_fields,used_in,evidence_status,implementation_mapping,dataset_role
source_unpublished_maxsinr_ttt_N2000_K100_H200_nominal_active_load_variance,source_unpublished,maxsinr_ttt,Max-SINR+TTT,Max_SINR_TTT,2000,100,200,nominal,,active_load_variance,0.0031668105679977,0.000221742244778,dimensionless,test_episode,30,,S02,2,active_load_variance: mean and SD from source row,现稿未展示；文件中的补充字段,源文件提供值；现稿未采用；未独立核验实施,未独立复现算法；复用须保持实际方法和统计协议一致,之前总账的未刊登补充值；仅归档，不自动进入新版
source_unpublished_maxsinr_ttt_N2000_K100_H200_nominal_served_p5tp_Mbps,source_unpublished,maxsinr_ttt,Max-SINR+TTT,Max_SINR_TTT,2000,100,200,nominal,,served_p5tp_Mbps,180.5560610453288,7.49084547003079,Mbps,test_episode,30,,S02,2,served_p5tp_Mbps: mean and SD from source row,现稿未展示；文件中的补充字段,源文件提供值；现稿未采用；未独立核验实施,未独立复现算法；复用须保持实际方法和统计协议一致,之前总账的未刊登补充值；仅归档，不自动进入新版
source_unpublished_maxrst_N2000_K100_H200_nominal_active_load_variance,source_unpublished,maxrst,Max-RST,Max_RST,2000,100,200,nominal,,active_load_variance,0.0254289163495169,0.0075468546549161,dimensionless,test_episode,30,,S02,3,active_load_variance: mean and SD from source row,现稿未展示；文件中的补充字段,源文件提供值；现稿未采用；未独立核验实施,未独立复现算法；复用须保持实际方法和统计协议一致,之前总账的未刊登补充值；仅归档，不自动进入新版
source_unpublished_maxrst_N2000_K100_H200_nominal_served_p5tp_Mbps,source_unpublished,maxrst,Max-RST,Max_RST,2000,100,200,nominal,,served_p5tp_Mbps,133.2677714920044,6.9723018882182375,Mbps,test_episode,30,,S02,3,served_p5tp_Mbps: mean and SD from source row,现稿未展示；文件中的补充字段,源文件提供值；现稿未采用；未独立核验实施,未独立复现算法；复用须保持实际方法和统计协议一致,之前总账的未刊登补充值；仅归档，不自动进入新版
source_unpublished_greedy_reported_N2000_K100_H200_nominal_active_load_variance,source_unpublished,greedy_reported,Load-aware greedy,Load_aware_greedy,2000,100,200,nominal,,active_load_variance,0.0011122535479214,0.0000869898238899,dimensionless,test_episode,30,,S02,4,active_load_variance: mean and SD from source row,现稿未展示；文件中的补充字段,源文件提供值；现稿未采用；未独立核验实施,未独立复现算法；复用须保持实际方法和统计协议一致,之前总账的未刊登补充值；仅归档，不自动进入新版
source_unpublished_greedy_reported_N2000_K100_H200_nominal_served_p5tp_Mbps,source_unpublished,greedy_reported,Load-aware greedy,Load_aware_greedy,2000,100,200,nominal,,served_p5tp_Mbps,182.81794545491536,7.223633556911663,Mbps,test_episode,30,,S02,4,served_p5tp_Mbps: mean and SD from source row,现稿未展示；文件中的补充字段,源文件提供值；现稿未采用；未独立核验实施,未独立复现算法；复用须保持实际方法和统计协议一致,之前总账的未刊登补充值；仅归档，不自动进入新版
source_unpublished_no_triplet_N500_K100_H200_nominal_outage_percent,source_unpublished,no_triplet,No Cox descriptors (P0/Lambda/RST),No_Cox_descriptors,500,100,200,nominal,0.05,outage_percent,1.1150000000000002,0.2455785968325054,percent,training_seed_mean,5,,S03,2,outage_percent: mean and SD from source row,现稿未展示；文件中的补充字段,源文件提供值；现稿未采用；未独立核验实施,未独立复现算法；复用须保持实际方法和统计协议一致,之前总账的未刊登补充值；仅归档，不自动进入新版
source_unpublished_no_triplet_N500_K100_H200_nominal_active_load_variance,source_unpublished,no_triplet,No Cox descriptors (P0/Lambda/RST),No_Cox_descriptors,500,100,200,nominal,0.05,active_load_variance,0.0083370084382959,0.001027527236705,dimensionless,training_seed_mean,5,,S03,2,active_load_variance: mean and SD from source row,现稿未展示；文件中的补充字段,源文件提供值；现稿未采用；未独立核验实施,未独立复现算法；复用须保持实际方法和统计协议一致,之前总账的未刊登补充值；仅归档，不自动进入新版
source_unpublished_no_triplet_N500_K100_H200_nominal_served_p5tp_Mbps,source_unpublished,no_triplet,No Cox descriptors (P0/Lambda/RST),No_Cox_descriptors,500,100,200,nominal,0.05,served_p5tp_Mbps,111.73438355700183,4.416336110263198,Mbps,training_seed_mean,5,,S03,2,served_p5tp_Mbps: mean and SD from source row,现稿未展示；文件中的补充字段,源文件提供值；现稿未采用；未独立核验实施,未独立复现算法；复用须保持实际方法和统计协议一致,之前总账的未刊登补充值；仅归档，不自动进入新版
source_unpublished_no_triplet_N1000_K100_H200_nominal_outage_percent,source_unpublished,no_triplet,No Cox descriptors (P0/Lambda/RST),No_Cox_descriptors,1000,100,200,nominal,0.05,outage_percent,0.9776,0.1634488791980878,percent,training_seed_mean,5,,S03,3,outage_percent: mean and SD from source row,现稿未展示；文件中的补充字段,源文件提供值；现稿未采用；未独立核验实施,未独立复现算法；复用须保持实际方法和统计协议一致,之前总账的未刊登补充值；仅归档，不自动进入新版
source_unpublished_no_triplet_N1000_K100_H200_nominal_active_load_variance,source_unpublished,no_triplet,No Cox descriptors (P0/Lambda/RST),No_Cox_descriptors,1000,100,200,nominal,0.05,active_load_variance,0.0041534161332327,0.0003135946186837,dimensionless,training_seed_mean,5,,S03,3,active_load_variance: mean and SD from source row,现稿未展示；文件中的补充字段,源文件提供值；现稿未采用；未独立核验实施,未独立复现算法；复用须保持实际方法和统计协议一致,之前总账的未刊登补充值；仅归档，不自动进入新版
source_unpublished_no_triplet_N1000_K100_H200_nominal_served_p5tp_Mbps,source_unpublished,no_triplet,No Cox descriptors (P0/Lambda/RST),No_Cox_descriptors,1000,100,200,nominal,0.05,served_p5tp_Mbps,96.46592983118695,4.825995647417149,Mbps,training_seed_mean,5,,S03,3,served_p5tp_Mbps: mean and SD from source row,现稿未展示；文件中的补充字段,源文件提供值；现稿未采用；未独立核验实施,未独立复现算法；复用须保持实际方法和统计协议一致,之前总账的未刊登补充值；仅归档，不自动进入新版
source_unpublished_no_triplet_N2000_K100_H200_nominal_outage_percent,source_unpublished,no_triplet,No Cox descriptors (P0/Lambda/RST),No_Cox_descriptors,2000,100,200,nominal,0.05,outage_percent,0.9115333333333334,0.0365251815722919,percent,training_seed_mean,5,,S03,4,outage_percent: mean and SD from source row,现稿未展示；文件中的补充字段,源文件提供值；现稿未采用；未独立核验实施,未独立复现算法；复用须保持实际方法和统计协议一致,之前总账的未刊登补充值；仅归档，不自动进入新版
source_unpublished_no_triplet_N2000_K100_H200_nominal_active_load_variance,source_unpublished,no_triplet,No Cox descriptors (P0/Lambda/RST),No_Cox_descriptors,2000,100,200,nominal,0.05,active_load_variance,0.0017235167900084,0.000042629425647,dimensionless,training_seed_mean,5,,S03,4,active_load_variance: mean and SD from source row,现稿未展示；文件中的补充字段,源文件提供值；现稿未采用；未独立核验实施,未独立复现算法；复用须保持实际方法和统计协议一致,之前总账的未刊登补充值；仅归档，不自动进入新版
source_unpublished_no_triplet_N2000_K100_H200_nominal_served_p5tp_Mbps,source_unpublished,no_triplet,No Cox descriptors (P0/Lambda/RST),No_Cox_descriptors,2000,100,200,nominal,0.05,served_p5tp_Mbps,110.35934734598796,5.36514527430245,Mbps,training_seed_mean,5,,S03,4,served_p5tp_Mbps: mean and SD from source row,现稿未展示；文件中的补充字段,源文件提供值；现稿未采用；未独立核验实施,未独立复现算法；复用须保持实际方法和统计协议一致,之前总账的未刊登补充值；仅归档，不自动进入新版
source_unpublished_mlp213_N500_K100_H200_nominal_outage_percent,source_unpublished,mlp213,No kernel bank (MLP213),No_kernel_bank,500,100,200,nominal,0.05,outage_percent,1.9104,0.4373202900748043,percent,training_seed_mean,5,,S03,5,outage_percent: mean and SD from source row,现稿未展示；文件中的补充字段,源文件提供值；现稿未采用；未独立核验实施,未独立复现算法；复用须保持实际方法和统计协议一致,之前总账的未刊登补充值；仅归档，不自动进入新版
source_unpublished_mlp213_N500_K100_H200_nominal_active_load_variance,source_unpublished,mlp213,No kernel bank (MLP213),No_kernel_bank,500,100,200,nominal,0.05,active_load_variance,0.0085211280552293,0.0008578881959651,dimensionless,training_seed_mean,5,,S03,5,active_load_variance: mean and SD from source row,现稿未展示；文件中的补充字段,源文件提供值；现稿未采用；未独立核验实施,未独立复现算法；复用须保持实际方法和统计协议一致,之前总账的未刊登补充值；仅归档，不自动进入新版
source_unpublished_mlp213_N500_K100_H200_nominal_served_p5tp_Mbps,source_unpublished,mlp213,No kernel bank (MLP213),No_kernel_bank,500,100,200,nominal,0.05,served_p5tp_Mbps,86.50493207422899,1.9929970741536136,Mbps,training_seed_mean,5,,S03,5,served_p5tp_Mbps: mean and SD from source row,现稿未展示；文件中的补充字段,源文件提供值；现稿未采用；未独立核验实施,未独立复现算法；复用须保持实际方法和统计协议一致,之前总账的未刊登补充值；仅归档，不自动进入新版
source_unpublished_mlp213_N1000_K100_H200_nominal_outage_percent,source_unpublished,mlp213,No kernel bank (MLP213),No_kernel_bank,1000,100,200,nominal,0.05,outage_percent,1.664466666666667,0.2946522055275037,percent,training_seed_mean,5,,S03,6,outage_percent: mean and SD from source row,现稿未展示；文件中的补充字段,源文件提供值；现稿未采用；未独立核验实施,未独立复现算法；复用须保持实际方法和统计协议一致,之前总账的未刊登补充值；仅归档，不自动进入新版
source_unpublished_mlp213_N1000_K100_H200_nominal_active_load_variance,source_unpublished,mlp213,No kernel bank (MLP213),No_kernel_bank,1000,100,200,nominal,0.05,active_load_variance,0.0043226172593362,0.0002698246465568,dimensionless,training_seed_mean,5,,S03,6,active_load_variance: mean and SD from source row,现稿未展示；文件中的补充字段,源文件提供值；现稿未采用；未独立核验实施,未独立复现算法；复用须保持实际方法和统计协议一致,之前总账的未刊登补充值；仅归档，不自动进入新版
source_unpublished_mlp213_N1000_K100_H200_nominal_served_p5tp_Mbps,source_unpublished,mlp213,No kernel bank (MLP213),No_kernel_bank,1000,100,200,nominal,0.05,served_p5tp_Mbps,81.64227476437887,3.613887425907494,Mbps,training_seed_mean,5,,S03,6,served_p5tp_Mbps: mean and SD from source row,现稿未展示；文件中的补充字段,源文件提供值；现稿未采用；未独立核验实施,未独立复现算法；复用须保持实际方法和统计协议一致,之前总账的未刊登补充值；仅归档，不自动进入新版
source_unpublished_mlp213_N2000_K100_H200_nominal_outage_percent,source_unpublished,mlp213,No kernel bank (MLP213),No_kernel_bank,2000,100,200,nominal,0.05,outage_percent,1.5621000000000005,0.0691361981084359,percent,training_seed_mean,5,,S03,7,outage_percent: mean and SD from source row,现稿未展示；文件中的补充字段,源文件提供值；现稿未采用；未独立核验实施,未独立复现算法；复用须保持实际方法和统计协议一致,之前总账的未刊登补充值；仅归档，不自动进入新版
source_unpublished_mlp213_N2000_K100_H200_nominal_active_load_variance,source_unpublished,mlp213,No kernel bank (MLP213),No_kernel_bank,2000,100,200,nominal,0.05,active_load_variance,0.0019883585718113,0.0000333122836026,dimensionless,training_seed_mean,5,,S03,7,active_load_variance: mean and SD from source row,现稿未展示；文件中的补充字段,源文件提供值；现稿未采用；未独立核验实施,未独立复现算法；复用须保持实际方法和统计协议一致,之前总账的未刊登补充值；仅归档，不自动进入新版
source_unpublished_mlp213_N2000_K100_H200_nominal_served_p5tp_Mbps,source_unpublished,mlp213,No kernel bank (MLP213),No_kernel_bank,2000,100,200,nominal,0.05,served_p5tp_Mbps,88.66752324040735,4.563946990511976,Mbps,training_seed_mean,5,,S03,7,served_p5tp_Mbps: mean and SD from source row,现稿未展示；文件中的补充字段,源文件提供值；现稿未采用；未独立核验实施,未独立复现算法；复用须保持实际方法和统计协议一致,之前总账的未刊登补充值；仅归档，不自动进入新版
source_unpublished_mlp_coeff_N500_K100_H200_nominal_outage_percent,source_unpublished,mlp_coeff,PhysiCK + MLP coefficient head,MLP_coefficient_head,500,100,200,nominal,0.05,outage_percent,0.7915666666666666,0.1728378977217927,percent,training_seed_mean,5,,S03,8,outage_percent: mean and SD from source row,现稿未展示；文件中的补充字段,源文件提供值；现稿未采用；未独立核验实施,未独立复现算法；复用须保持实际方法和统计协议一致,之前总账的未刊登补充值；仅归档，不自动进入新版
source_unpublished_mlp_coeff_N500_K100_H200_nominal_active_load_variance,source_unpublished,mlp_coeff,PhysiCK + MLP coefficient head,MLP_coefficient_head,500,100,200,nominal,0.05,active_load_variance,0.0080929982957305,0.0010028248331632,dimensionless,training_seed_mean,5,,S03,8,active_load_variance: mean and SD from source row,现稿未展示；文件中的补充字段,源文件提供值；现稿未采用；未独立核验实施,未独立复现算法；复用须保持实际方法和统计协议一致,之前总账的未刊登补充值；仅归档，不自动进入新版
source_unpublished_mlp_coeff_N500_K100_H200_nominal_served_p5tp_Mbps,source_unpublished,mlp_coeff,PhysiCK + MLP coefficient head,MLP_coefficient_head,500,100,200,nominal,0.05,served_p5tp_Mbps,121.14553866704314,4.3176315467130095,Mbps,training_seed_mean,5,,S03,8,served_p5tp_Mbps: mean and SD from source row,现稿未展示；文件中的补充字段,源文件提供值；现稿未采用；未独立核验实施,未独立复现算法；复用须保持实际方法和统计协议一致,之前总账的未刊登补充值；仅归档，不自动进入新版
source_unpublished_mlp_coeff_N1000_K100_H200_nominal_outage_percent,source_unpublished,mlp_coeff,PhysiCK + MLP coefficient head,MLP_coefficient_head,1000,100,200,nominal,0.05,outage_percent,0.6919666666666668,0.1172609506850236,percent,training_seed_mean,5,,S03,9,outage_percent: mean and SD from source row,现稿未展示；文件中的补充字段,源文件提供值；现稿未采用；未独立核验实施,未独立复现算法；复用须保持实际方法和统计协议一致,之前总账的未刊登补充值；仅归档，不自动进入新版
source_unpublished_mlp_coeff_N1000_K100_H200_nominal_active_load_variance,source_unpublished,mlp_coeff,PhysiCK + MLP coefficient head,MLP_coefficient_head,1000,100,200,nominal,0.05,active_load_variance,0.004067029269983,0.0003103162733683,dimensionless,training_seed_mean,5,,S03,9,active_load_variance: mean and SD from source row,现稿未展示；文件中的补充字段,源文件提供值；现稿未采用；未独立核验实施,未独立复现算法；复用须保持实际方法和统计协议一致,之前总账的未刊登补充值；仅归档，不自动进入新版
source_unpublished_mlp_coeff_N1000_K100_H200_nominal_served_p5tp_Mbps,source_unpublished,mlp_coeff,PhysiCK + MLP coefficient head,MLP_coefficient_head,1000,100,200,nominal,0.05,served_p5tp_Mbps,110.15091847101856,4.759712736955588,Mbps,training_seed_mean,5,,S03,9,served_p5tp_Mbps: mean and SD from source row,现稿未展示；文件中的补充字段,源文件提供值；现稿未采用；未独立核验实施,未独立复现算法；复用须保持实际方法和统计协议一致,之前总账的未刊登补充值；仅归档，不自动进入新版
source_unpublished_mlp_coeff_N2000_K100_H200_nominal_outage_percent,source_unpublished,mlp_coeff,PhysiCK + MLP coefficient head,MLP_coefficient_head,2000,100,200,nominal,0.05,outage_percent,0.6500999999999999,0.0257559593966997,percent,training_seed_mean,5,,S03,10,outage_percent: mean and SD from source row,现稿未展示；文件中的补充字段,源文件提供值；现稿未采用；未独立核验实施,未独立复现算法；复用须保持实际方法和统计协议一致,之前总账的未刊登补充值；仅归档，不自动进入新版
source_unpublished_mlp_coeff_N2000_K100_H200_nominal_active_load_variance,source_unpublished,mlp_coeff,PhysiCK + MLP coefficient head,MLP_coefficient_head,2000,100,200,nominal,0.05,active_load_variance,0.0015835399220734,0.0000412661059364,dimensionless,training_seed_mean,5,,S03,10,active_load_variance: mean and SD from source row,现稿未展示；文件中的补充字段,源文件提供值；现稿未采用；未独立核验实施,未独立复现算法；复用须保持实际方法和统计协议一致,之前总账的未刊登补充值；仅归档，不自动进入新版
source_unpublished_mlp_coeff_N2000_K100_H200_nominal_served_p5tp_Mbps,source_unpublished,mlp_coeff,PhysiCK + MLP coefficient head,MLP_coefficient_head,2000,100,200,nominal,0.05,served_p5tp_Mbps,121.23234071477262,6.643185598396233,Mbps,training_seed_mean,5,,S03,10,served_p5tp_Mbps: mean and SD from source row,现稿未展示；文件中的补充字段,源文件提供值；现稿未采用；未独立核验实施,未独立复现算法；复用须保持实际方法和统计协议一致,之前总账的未刊登补充值；仅归档，不自动进入新版
