case_id,method_id,paper_name,N_sat,K,H,weight_id,tau_hyst,evaluation_job_id,aggregation_unit,n_training_seeds,episodes_per_seed_or_rule,raw_files,weight_outage,weight_ho,weight_load,weight_rate,train_N_sat,train_K
full_N500_K100_H200_nominal_t0p05,full,Cox-PhysiCK,500,100,200,nominal,0.05,full_N500_K100_nominal_t0p05,training_seed_mean,5,30,raw/full_N500_K100_nominal_t0p05__seed_1.npz;raw/full_N500_K100_nominal_t0p05__seed_2.npz;raw/full_N500_K100_nominal_t0p05__seed_3.npz;raw/full_N500_K100_nominal_t0p05__seed_4.npz;raw/full_N500_K100_nominal_t0p05__seed_5.npz,5.0,0.5,0.5,1.0,500,100
full_N500_K100_H800_nominal_t0p05,full,Cox-PhysiCK,500,100,800,nominal,0.05,full_N500_K100_nominal_t0p05,training_seed_mean,5,30,raw/full_N500_K100_nominal_t0p05__seed_1.npz;raw/full_N500_K100_nominal_t0p05__seed_2.npz;raw/full_N500_K100_nominal_t0p05__seed_3.npz;raw/full_N500_K100_nominal_t0p05__seed_4.npz;raw/full_N500_K100_nominal_t0p05__seed_5.npz,5.0,0.5,0.5,1.0,500,100
full_N1000_K100_H200_nominal_t0p05,full,Cox-PhysiCK,1000,100,200,nominal,0.05,full_N1000_K100_nominal_t0p05,training_seed_mean,5,30,raw/full_N1000_K100_nominal_t0p05__seed_1.npz;raw/full_N1000_K100_nominal_t0p05__seed_2.npz;raw/full_N1000_K100_nominal_t0p05__seed_3.npz;raw/full_N1000_K100_nominal_t0p05__seed_4.npz;raw/full_N1000_K100_nominal_t0p05__seed_5.npz,5.0,0.5,0.5,1.0,1000,100
full_N1000_K100_H800_nominal_t0p05,full,Cox-PhysiCK,1000,100,800,nominal,0.05,full_N1000_K100_nominal_t0p05,training_seed_mean,5,30,raw/full_N1000_K100_nominal_t0p05__seed_1.npz;raw/full_N1000_K100_nominal_t0p05__seed_2.npz;raw/full_N1000_K100_nominal_t0p05__seed_3.npz;raw/full_N1000_K100_nominal_t0p05__seed_4.npz;raw/full_N1000_K100_nominal_t0p05__seed_5.npz,5.0,0.5,0.5,1.0,1000,100
full_N2000_K100_H200_nominal_t0p05,full,Cox-PhysiCK,2000,100,200,nominal,0.05,full_N2000_K100_nominal_t0p05,training_seed_mean,5,30,raw/full_N2000_K100_nominal_t0p05__seed_1.npz;raw/full_N2000_K100_nominal_t0p05__seed_2.npz;raw/full_N2000_K100_nominal_t0p05__seed_3.npz;raw/full_N2000_K100_nominal_t0p05__seed_4.npz;raw/full_N2000_K100_nominal_t0p05__seed_5.npz,5.0,0.5,0.5,1.0,2000,100
full_N2000_K100_H800_nominal_t0p05,full,Cox-PhysiCK,2000,100,800,nominal,0.05,full_N2000_K100_nominal_t0p05,training_seed_mean,5,30,raw/full_N2000_K100_nominal_t0p05__seed_1.npz;raw/full_N2000_K100_nominal_t0p05__seed_2.npz;raw/full_N2000_K100_nominal_t0p05__seed_3.npz;raw/full_N2000_K100_nominal_t0p05__seed_4.npz;raw/full_N2000_K100_nominal_t0p05__seed_5.npz,5.0,0.5,0.5,1.0,2000,100
full_N2000_K200_H200_nominal_t0p05,full,Cox-PhysiCK,2000,200,200,nominal,0.05,full_N2000_K200_nominal_t0p05,training_seed_mean,5,30,raw/full_N2000_K200_nominal_t0p05__seed_1.npz;raw/full_N2000_K200_nominal_t0p05__seed_2.npz;raw/full_N2000_K200_nominal_t0p05__seed_3.npz;raw/full_N2000_K200_nominal_t0p05__seed_4.npz;raw/full_N2000_K200_nominal_t0p05__seed_5.npz,5.0,0.5,0.5,1.0,2000,100
full_N2000_K300_H200_nominal_t0p05,full,Cox-PhysiCK,2000,300,200,nominal,0.05,full_N2000_K300_nominal_t0p05,training_seed_mean,5,30,raw/full_N2000_K300_nominal_t0p05__seed_1.npz;raw/full_N2000_K300_nominal_t0p05__seed_2.npz;raw/full_N2000_K300_nominal_t0p05__seed_3.npz;raw/full_N2000_K300_nominal_t0p05__seed_4.npz;raw/full_N2000_K300_nominal_t0p05__seed_5.npz,5.0,0.5,0.5,1.0,2000,100
full_N2000_K400_H200_nominal_t0p05,full,Cox-PhysiCK,2000,400,200,nominal,0.05,full_N2000_K400_nominal_t0p05,training_seed_mean,5,30,raw/full_N2000_K400_nominal_t0p05__seed_1.npz;raw/full_N2000_K400_nominal_t0p05__seed_2.npz;raw/full_N2000_K400_nominal_t0p05__seed_3.npz;raw/full_N2000_K400_nominal_t0p05__seed_4.npz;raw/full_N2000_K400_nominal_t0p05__seed_5.npz,5.0,0.5,0.5,1.0,2000,100
full_N2000_K500_H200_nominal_t0p05,full,Cox-PhysiCK,2000,500,200,nominal,0.05,full_N2000_K500_nominal_t0p05,training_seed_mean,5,30,raw/full_N2000_K500_nominal_t0p05__seed_1.npz;raw/full_N2000_K500_nominal_t0p05__seed_2.npz;raw/full_N2000_K500_nominal_t0p05__seed_3.npz;raw/full_N2000_K500_nominal_t0p05__seed_4.npz;raw/full_N2000_K500_nominal_t0p05__seed_5.npz,5.0,0.5,0.5,1.0,2000,100
mlp213_N500_K100_H200_nominal_t0p05,mlp213,TGN-MLP,500,100,200,nominal,0.05,mlp213_N500_K100_nominal_t0p05,training_seed_mean,5,30,raw/mlp213_N500_K100_nominal_t0p05__seed_1.npz;raw/mlp213_N500_K100_nominal_t0p05__seed_2.npz;raw/mlp213_N500_K100_nominal_t0p05__seed_3.npz;raw/mlp213_N500_K100_nominal_t0p05__seed_4.npz;raw/mlp213_N500_K100_nominal_t0p05__seed_5.npz,5.0,0.5,0.5,1.0,500,100
mlp213_N500_K100_H800_nominal_t0p05,mlp213,TGN-MLP,500,100,800,nominal,0.05,mlp213_N500_K100_nominal_t0p05,training_seed_mean,5,30,raw/mlp213_N500_K100_nominal_t0p05__seed_1.npz;raw/mlp213_N500_K100_nominal_t0p05__seed_2.npz;raw/mlp213_N500_K100_nominal_t0p05__seed_3.npz;raw/mlp213_N500_K100_nominal_t0p05__seed_4.npz;raw/mlp213_N500_K100_nominal_t0p05__seed_5.npz,5.0,0.5,0.5,1.0,500,100
mlp213_N1000_K100_H200_nominal_t0p05,mlp213,TGN-MLP,1000,100,200,nominal,0.05,mlp213_N1000_K100_nominal_t0p05,training_seed_mean,5,30,raw/mlp213_N1000_K100_nominal_t0p05__seed_1.npz;raw/mlp213_N1000_K100_nominal_t0p05__seed_2.npz;raw/mlp213_N1000_K100_nominal_t0p05__seed_3.npz;raw/mlp213_N1000_K100_nominal_t0p05__seed_4.npz;raw/mlp213_N1000_K100_nominal_t0p05__seed_5.npz,5.0,0.5,0.5,1.0,1000,100
mlp213_N1000_K100_H800_nominal_t0p05,mlp213,TGN-MLP,1000,100,800,nominal,0.05,mlp213_N1000_K100_nominal_t0p05,training_seed_mean,5,30,raw/mlp213_N1000_K100_nominal_t0p05__seed_1.npz;raw/mlp213_N1000_K100_nominal_t0p05__seed_2.npz;raw/mlp213_N1000_K100_nominal_t0p05__seed_3.npz;raw/mlp213_N1000_K100_nominal_t0p05__seed_4.npz;raw/mlp213_N1000_K100_nominal_t0p05__seed_5.npz,5.0,0.5,0.5,1.0,1000,100
mlp213_N2000_K100_H200_nominal_t0p05,mlp213,TGN-MLP,2000,100,200,nominal,0.05,mlp213_N2000_K100_nominal_t0p05,training_seed_mean,5,30,raw/mlp213_N2000_K100_nominal_t0p05__seed_1.npz;raw/mlp213_N2000_K100_nominal_t0p05__seed_2.npz;raw/mlp213_N2000_K100_nominal_t0p05__seed_3.npz;raw/mlp213_N2000_K100_nominal_t0p05__seed_4.npz;raw/mlp213_N2000_K100_nominal_t0p05__seed_5.npz,5.0,0.5,0.5,1.0,2000,100
mlp213_N2000_K100_H800_nominal_t0p05,mlp213,TGN-MLP,2000,100,800,nominal,0.05,mlp213_N2000_K100_nominal_t0p05,training_seed_mean,5,30,raw/mlp213_N2000_K100_nominal_t0p05__seed_1.npz;raw/mlp213_N2000_K100_nominal_t0p05__seed_2.npz;raw/mlp213_N2000_K100_nominal_t0p05__seed_3.npz;raw/mlp213_N2000_K100_nominal_t0p05__seed_4.npz;raw/mlp213_N2000_K100_nominal_t0p05__seed_5.npz,5.0,0.5,0.5,1.0,2000,100
mlp213_N2000_K200_H200_nominal_t0p05,mlp213,TGN-MLP,2000,200,200,nominal,0.05,mlp213_N2000_K200_nominal_t0p05,training_seed_mean,5,30,raw/mlp213_N2000_K200_nominal_t0p05__seed_1.npz;raw/mlp213_N2000_K200_nominal_t0p05__seed_2.npz;raw/mlp213_N2000_K200_nominal_t0p05__seed_3.npz;raw/mlp213_N2000_K200_nominal_t0p05__seed_4.npz;raw/mlp213_N2000_K200_nominal_t0p05__seed_5.npz,5.0,0.5,0.5,1.0,2000,100
mlp213_N2000_K300_H200_nominal_t0p05,mlp213,TGN-MLP,2000,300,200,nominal,0.05,mlp213_N2000_K300_nominal_t0p05,training_seed_mean,5,30,raw/mlp213_N2000_K300_nominal_t0p05__seed_1.npz;raw/mlp213_N2000_K300_nominal_t0p05__seed_2.npz;raw/mlp213_N2000_K300_nominal_t0p05__seed_3.npz;raw/mlp213_N2000_K300_nominal_t0p05__seed_4.npz;raw/mlp213_N2000_K300_nominal_t0p05__seed_5.npz,5.0,0.5,0.5,1.0,2000,100
mlp213_N2000_K400_H200_nominal_t0p05,mlp213,TGN-MLP,2000,400,200,nominal,0.05,mlp213_N2000_K400_nominal_t0p05,training_seed_mean,5,30,raw/mlp213_N2000_K400_nominal_t0p05__seed_1.npz;raw/mlp213_N2000_K400_nominal_t0p05__seed_2.npz;raw/mlp213_N2000_K400_nominal_t0p05__seed_3.npz;raw/mlp213_N2000_K400_nominal_t0p05__seed_4.npz;raw/mlp213_N2000_K400_nominal_t0p05__seed_5.npz,5.0,0.5,0.5,1.0,2000,100
mlp213_N2000_K500_H200_nominal_t0p05,mlp213,TGN-MLP,2000,500,200,nominal,0.05,mlp213_N2000_K500_nominal_t0p05,training_seed_mean,5,30,raw/mlp213_N2000_K500_nominal_t0p05__seed_1.npz;raw/mlp213_N2000_K500_nominal_t0p05__seed_2.npz;raw/mlp213_N2000_K500_nominal_t0p05__seed_3.npz;raw/mlp213_N2000_K500_nominal_t0p05__seed_4.npz;raw/mlp213_N2000_K500_nominal_t0p05__seed_5.npz,5.0,0.5,0.5,1.0,2000,100
kan_generic_N500_K100_H200_nominal_t0p05,kan_generic,TGN-KAN,500,100,200,nominal,0.05,kan_generic_N500_K100_nominal_t0p05,training_seed_mean,5,30,raw/kan_generic_N500_K100_nominal_t0p05__seed_1.npz;raw/kan_generic_N500_K100_nominal_t0p05__seed_2.npz;raw/kan_generic_N500_K100_nominal_t0p05__seed_3.npz;raw/kan_generic_N500_K100_nominal_t0p05__seed_4.npz;raw/kan_generic_N500_K100_nominal_t0p05__seed_5.npz,5.0,0.5,0.5,1.0,500,100
kan_generic_N500_K100_H800_nominal_t0p05,kan_generic,TGN-KAN,500,100,800,nominal,0.05,kan_generic_N500_K100_nominal_t0p05,training_seed_mean,5,30,raw/kan_generic_N500_K100_nominal_t0p05__seed_1.npz;raw/kan_generic_N500_K100_nominal_t0p05__seed_2.npz;raw/kan_generic_N500_K100_nominal_t0p05__seed_3.npz;raw/kan_generic_N500_K100_nominal_t0p05__seed_4.npz;raw/kan_generic_N500_K100_nominal_t0p05__seed_5.npz,5.0,0.5,0.5,1.0,500,100
kan_generic_N1000_K100_H200_nominal_t0p05,kan_generic,TGN-KAN,1000,100,200,nominal,0.05,kan_generic_N1000_K100_nominal_t0p05,training_seed_mean,5,30,raw/kan_generic_N1000_K100_nominal_t0p05__seed_1.npz;raw/kan_generic_N1000_K100_nominal_t0p05__seed_2.npz;raw/kan_generic_N1000_K100_nominal_t0p05__seed_3.npz;raw/kan_generic_N1000_K100_nominal_t0p05__seed_4.npz;raw/kan_generic_N1000_K100_nominal_t0p05__seed_5.npz,5.0,0.5,0.5,1.0,1000,100
kan_generic_N1000_K100_H800_nominal_t0p05,kan_generic,TGN-KAN,1000,100,800,nominal,0.05,kan_generic_N1000_K100_nominal_t0p05,training_seed_mean,5,30,raw/kan_generic_N1000_K100_nominal_t0p05__seed_1.npz;raw/kan_generic_N1000_K100_nominal_t0p05__seed_2.npz;raw/kan_generic_N1000_K100_nominal_t0p05__seed_3.npz;raw/kan_generic_N1000_K100_nominal_t0p05__seed_4.npz;raw/kan_generic_N1000_K100_nominal_t0p05__seed_5.npz,5.0,0.5,0.5,1.0,1000,100
kan_generic_N2000_K100_H200_nominal_t0p05,kan_generic,TGN-KAN,2000,100,200,nominal,0.05,kan_generic_N2000_K100_nominal_t0p05,training_seed_mean,5,30,raw/kan_generic_N2000_K100_nominal_t0p05__seed_1.npz;raw/kan_generic_N2000_K100_nominal_t0p05__seed_2.npz;raw/kan_generic_N2000_K100_nominal_t0p05__seed_3.npz;raw/kan_generic_N2000_K100_nominal_t0p05__seed_4.npz;raw/kan_generic_N2000_K100_nominal_t0p05__seed_5.npz,5.0,0.5,0.5,1.0,2000,100
kan_generic_N2000_K100_H800_nominal_t0p05,kan_generic,TGN-KAN,2000,100,800,nominal,0.05,kan_generic_N2000_K100_nominal_t0p05,training_seed_mean,5,30,raw/kan_generic_N2000_K100_nominal_t0p05__seed_1.npz;raw/kan_generic_N2000_K100_nominal_t0p05__seed_2.npz;raw/kan_generic_N2000_K100_nominal_t0p05__seed_3.npz;raw/kan_generic_N2000_K100_nominal_t0p05__seed_4.npz;raw/kan_generic_N2000_K100_nominal_t0p05__seed_5.npz,5.0,0.5,0.5,1.0,2000,100
kan_generic_N2000_K200_H200_nominal_t0p05,kan_generic,TGN-KAN,2000,200,200,nominal,0.05,kan_generic_N2000_K200_nominal_t0p05,training_seed_mean,5,30,raw/kan_generic_N2000_K200_nominal_t0p05__seed_1.npz;raw/kan_generic_N2000_K200_nominal_t0p05__seed_2.npz;raw/kan_generic_N2000_K200_nominal_t0p05__seed_3.npz;raw/kan_generic_N2000_K200_nominal_t0p05__seed_4.npz;raw/kan_generic_N2000_K200_nominal_t0p05__seed_5.npz,5.0,0.5,0.5,1.0,2000,100
kan_generic_N2000_K300_H200_nominal_t0p05,kan_generic,TGN-KAN,2000,300,200,nominal,0.05,kan_generic_N2000_K300_nominal_t0p05,training_seed_mean,5,30,raw/kan_generic_N2000_K300_nominal_t0p05__seed_1.npz;raw/kan_generic_N2000_K300_nominal_t0p05__seed_2.npz;raw/kan_generic_N2000_K300_nominal_t0p05__seed_3.npz;raw/kan_generic_N2000_K300_nominal_t0p05__seed_4.npz;raw/kan_generic_N2000_K300_nominal_t0p05__seed_5.npz,5.0,0.5,0.5,1.0,2000,100
kan_generic_N2000_K400_H200_nominal_t0p05,kan_generic,TGN-KAN,2000,400,200,nominal,0.05,kan_generic_N2000_K400_nominal_t0p05,training_seed_mean,5,30,raw/kan_generic_N2000_K400_nominal_t0p05__seed_1.npz;raw/kan_generic_N2000_K400_nominal_t0p05__seed_2.npz;raw/kan_generic_N2000_K400_nominal_t0p05__seed_3.npz;raw/kan_generic_N2000_K400_nominal_t0p05__seed_4.npz;raw/kan_generic_N2000_K400_nominal_t0p05__seed_5.npz,5.0,0.5,0.5,1.0,2000,100
kan_generic_N2000_K500_H200_nominal_t0p05,kan_generic,TGN-KAN,2000,500,200,nominal,0.05,kan_generic_N2000_K500_nominal_t0p05,training_seed_mean,5,30,raw/kan_generic_N2000_K500_nominal_t0p05__seed_1.npz;raw/kan_generic_N2000_K500_nominal_t0p05__seed_2.npz;raw/kan_generic_N2000_K500_nominal_t0p05__seed_3.npz;raw/kan_generic_N2000_K500_nominal_t0p05__seed_4.npz;raw/kan_generic_N2000_K500_nominal_t0p05__seed_5.npz,5.0,0.5,0.5,1.0,2000,100
greedy_analytic_N2000_K100_H200_nominal_t0p05,greedy_analytic,Load-aware greedy,2000,100,200,nominal,0.05,greedy_analytic_N2000_K100_nominal_t0p05,episode,0,30,raw/greedy_analytic_N2000_K100_nominal_t0p05__rule.npz,5.0,0.5,0.5,1.0,,
greedy_analytic_N2000_K100_H800_nominal_t0p05,greedy_analytic,Load-aware greedy,2000,100,800,nominal,0.05,greedy_analytic_N2000_K100_nominal_t0p05,episode,0,30,raw/greedy_analytic_N2000_K100_nominal_t0p05__rule.npz,5.0,0.5,0.5,1.0,,
greedy_analytic_N2000_K200_H200_nominal_t0p05,greedy_analytic,Load-aware greedy,2000,200,200,nominal,0.05,greedy_analytic_N2000_K200_nominal_t0p05,episode,0,30,raw/greedy_analytic_N2000_K200_nominal_t0p05__rule.npz,5.0,0.5,0.5,1.0,,
greedy_analytic_N2000_K300_H200_nominal_t0p05,greedy_analytic,Load-aware greedy,2000,300,200,nominal,0.05,greedy_analytic_N2000_K300_nominal_t0p05,episode,0,30,raw/greedy_analytic_N2000_K300_nominal_t0p05__rule.npz,5.0,0.5,0.5,1.0,,
greedy_analytic_N2000_K400_H200_nominal_t0p05,greedy_analytic,Load-aware greedy,2000,400,200,nominal,0.05,greedy_analytic_N2000_K400_nominal_t0p05,episode,0,30,raw/greedy_analytic_N2000_K400_nominal_t0p05__rule.npz,5.0,0.5,0.5,1.0,,
greedy_analytic_N2000_K500_H200_nominal_t0p05,greedy_analytic,Load-aware greedy,2000,500,200,nominal,0.05,greedy_analytic_N2000_K500_nominal_t0p05,episode,0,30,raw/greedy_analytic_N2000_K500_nominal_t0p05__rule.npz,5.0,0.5,0.5,1.0,,
maxsinr_ttt_N2000_K100_H200_nominal_tnative,maxsinr_ttt,Max-SINR+TTT,2000,100,200,nominal,,maxsinr_ttt_N2000_K100_nominal_tnative,episode,0,30,raw/maxsinr_ttt_N2000_K100_nominal_tnative__rule.npz,5.0,0.5,0.5,1.0,,
maxsinr_ttt_N2000_K100_H800_nominal_tnative,maxsinr_ttt,Max-SINR+TTT,2000,100,800,nominal,,maxsinr_ttt_N2000_K100_nominal_tnative,episode,0,30,raw/maxsinr_ttt_N2000_K100_nominal_tnative__rule.npz,5.0,0.5,0.5,1.0,,
maxsinr_ttt_N2000_K200_H200_nominal_tnative,maxsinr_ttt,Max-SINR+TTT,2000,200,200,nominal,,maxsinr_ttt_N2000_K200_nominal_tnative,episode,0,30,raw/maxsinr_ttt_N2000_K200_nominal_tnative__rule.npz,5.0,0.5,0.5,1.0,,
maxsinr_ttt_N2000_K300_H200_nominal_tnative,maxsinr_ttt,Max-SINR+TTT,2000,300,200,nominal,,maxsinr_ttt_N2000_K300_nominal_tnative,episode,0,30,raw/maxsinr_ttt_N2000_K300_nominal_tnative__rule.npz,5.0,0.5,0.5,1.0,,
maxsinr_ttt_N2000_K400_H200_nominal_tnative,maxsinr_ttt,Max-SINR+TTT,2000,400,200,nominal,,maxsinr_ttt_N2000_K400_nominal_tnative,episode,0,30,raw/maxsinr_ttt_N2000_K400_nominal_tnative__rule.npz,5.0,0.5,0.5,1.0,,
maxsinr_ttt_N2000_K500_H200_nominal_tnative,maxsinr_ttt,Max-SINR+TTT,2000,500,200,nominal,,maxsinr_ttt_N2000_K500_nominal_tnative,episode,0,30,raw/maxsinr_ttt_N2000_K500_nominal_tnative__rule.npz,5.0,0.5,0.5,1.0,,
maxrst_N2000_K100_H200_nominal_tnative,maxrst,Max-RST,2000,100,200,nominal,,maxrst_N2000_K100_nominal_tnative,episode,0,30,raw/maxrst_N2000_K100_nominal_tnative__rule.npz,5.0,0.5,0.5,1.0,,
maxrst_N2000_K100_H800_nominal_tnative,maxrst,Max-RST,2000,100,800,nominal,,maxrst_N2000_K100_nominal_tnative,episode,0,30,raw/maxrst_N2000_K100_nominal_tnative__rule.npz,5.0,0.5,0.5,1.0,,
maxrst_N2000_K200_H200_nominal_tnative,maxrst,Max-RST,2000,200,200,nominal,,maxrst_N2000_K200_nominal_tnative,episode,0,30,raw/maxrst_N2000_K200_nominal_tnative__rule.npz,5.0,0.5,0.5,1.0,,
maxrst_N2000_K300_H200_nominal_tnative,maxrst,Max-RST,2000,300,200,nominal,,maxrst_N2000_K300_nominal_tnative,episode,0,30,raw/maxrst_N2000_K300_nominal_tnative__rule.npz,5.0,0.5,0.5,1.0,,
maxrst_N2000_K400_H200_nominal_tnative,maxrst,Max-RST,2000,400,200,nominal,,maxrst_N2000_K400_nominal_tnative,episode,0,30,raw/maxrst_N2000_K400_nominal_tnative__rule.npz,5.0,0.5,0.5,1.0,,
maxrst_N2000_K500_H200_nominal_tnative,maxrst,Max-RST,2000,500,200,nominal,,maxrst_N2000_K500_nominal_tnative,episode,0,30,raw/maxrst_N2000_K500_nominal_tnative__rule.npz,5.0,0.5,0.5,1.0,,
cox_only_N2000_K100_H200_nominal_t0p05,cox_only,Cox-only,2000,100,200,nominal,0.05,cox_only_N2000_K100_nominal_t0p05,episode,0,30,raw/cox_only_N2000_K100_nominal_t0p05__rule.npz,5.0,0.5,0.5,1.0,,
cox_only_N2000_K100_H800_nominal_t0p05,cox_only,Cox-only,2000,100,800,nominal,0.05,cox_only_N2000_K100_nominal_t0p05,episode,0,30,raw/cox_only_N2000_K100_nominal_t0p05__rule.npz,5.0,0.5,0.5,1.0,,
cox_only_N2000_K200_H200_nominal_t0p05,cox_only,Cox-only,2000,200,200,nominal,0.05,cox_only_N2000_K200_nominal_t0p05,episode,0,30,raw/cox_only_N2000_K200_nominal_t0p05__rule.npz,5.0,0.5,0.5,1.0,,
cox_only_N2000_K300_H200_nominal_t0p05,cox_only,Cox-only,2000,300,200,nominal,0.05,cox_only_N2000_K300_nominal_t0p05,episode,0,30,raw/cox_only_N2000_K300_nominal_t0p05__rule.npz,5.0,0.5,0.5,1.0,,
cox_only_N2000_K400_H200_nominal_t0p05,cox_only,Cox-only,2000,400,200,nominal,0.05,cox_only_N2000_K400_nominal_t0p05,episode,0,30,raw/cox_only_N2000_K400_nominal_t0p05__rule.npz,5.0,0.5,0.5,1.0,,
cox_only_N2000_K500_H200_nominal_t0p05,cox_only,Cox-only,2000,500,200,nominal,0.05,cox_only_N2000_K500_nominal_t0p05,episode,0,30,raw/cox_only_N2000_K500_nominal_t0p05__rule.npz,5.0,0.5,0.5,1.0,,
leo_madrl_N2000_K100_H200_nominal_tnative,leo_madrl,LEO-MADRL,2000,100,200,nominal,,leo_madrl_N2000_K100_nominal_tnative,training_seed_mean,5,30,raw/leo_madrl_N2000_K100_nominal_tnative__seed_1.npz;raw/leo_madrl_N2000_K100_nominal_tnative__seed_2.npz;raw/leo_madrl_N2000_K100_nominal_tnative__seed_3.npz;raw/leo_madrl_N2000_K100_nominal_tnative__seed_4.npz;raw/leo_madrl_N2000_K100_nominal_tnative__seed_5.npz,5.0,0.5,0.5,1.0,2000,100
leo_madrl_N2000_K100_H800_nominal_tnative,leo_madrl,LEO-MADRL,2000,100,800,nominal,,leo_madrl_N2000_K100_nominal_tnative,training_seed_mean,5,30,raw/leo_madrl_N2000_K100_nominal_tnative__seed_1.npz;raw/leo_madrl_N2000_K100_nominal_tnative__seed_2.npz;raw/leo_madrl_N2000_K100_nominal_tnative__seed_3.npz;raw/leo_madrl_N2000_K100_nominal_tnative__seed_4.npz;raw/leo_madrl_N2000_K100_nominal_tnative__seed_5.npz,5.0,0.5,0.5,1.0,2000,100
leo_madrl_N2000_K200_H200_nominal_tnative,leo_madrl,LEO-MADRL,2000,200,200,nominal,,leo_madrl_N2000_K200_nominal_tnative,training_seed_mean,5,30,raw/leo_madrl_N2000_K200_nominal_tnative__seed_1.npz;raw/leo_madrl_N2000_K200_nominal_tnative__seed_2.npz;raw/leo_madrl_N2000_K200_nominal_tnative__seed_3.npz;raw/leo_madrl_N2000_K200_nominal_tnative__seed_4.npz;raw/leo_madrl_N2000_K200_nominal_tnative__seed_5.npz,5.0,0.5,0.5,1.0,2000,100
leo_madrl_N2000_K300_H200_nominal_tnative,leo_madrl,LEO-MADRL,2000,300,200,nominal,,leo_madrl_N2000_K300_nominal_tnative,training_seed_mean,5,30,raw/leo_madrl_N2000_K300_nominal_tnative__seed_1.npz;raw/leo_madrl_N2000_K300_nominal_tnative__seed_2.npz;raw/leo_madrl_N2000_K300_nominal_tnative__seed_3.npz;raw/leo_madrl_N2000_K300_nominal_tnative__seed_4.npz;raw/leo_madrl_N2000_K300_nominal_tnative__seed_5.npz,5.0,0.5,0.5,1.0,2000,100
leo_madrl_N2000_K400_H200_nominal_tnative,leo_madrl,LEO-MADRL,2000,400,200,nominal,,leo_madrl_N2000_K400_nominal_tnative,training_seed_mean,5,30,raw/leo_madrl_N2000_K400_nominal_tnative__seed_1.npz;raw/leo_madrl_N2000_K400_nominal_tnative__seed_2.npz;raw/leo_madrl_N2000_K400_nominal_tnative__seed_3.npz;raw/leo_madrl_N2000_K400_nominal_tnative__seed_4.npz;raw/leo_madrl_N2000_K400_nominal_tnative__seed_5.npz,5.0,0.5,0.5,1.0,2000,100
leo_madrl_N2000_K500_H200_nominal_tnative,leo_madrl,LEO-MADRL,2000,500,200,nominal,,leo_madrl_N2000_K500_nominal_tnative,training_seed_mean,5,30,raw/leo_madrl_N2000_K500_nominal_tnative__seed_1.npz;raw/leo_madrl_N2000_K500_nominal_tnative__seed_2.npz;raw/leo_madrl_N2000_K500_nominal_tnative__seed_3.npz;raw/leo_madrl_N2000_K500_nominal_tnative__seed_4.npz;raw/leo_madrl_N2000_K500_nominal_tnative__seed_5.npz,5.0,0.5,0.5,1.0,2000,100
greedy_analytic_N500_K100_H200_nominal_t0p05,greedy_analytic,Load-aware greedy,500,100,200,nominal,0.05,greedy_analytic_N500_K100_nominal_t0p05,episode,0,30,raw/greedy_analytic_N500_K100_nominal_t0p05__rule.npz,5.0,0.5,0.5,1.0,,
greedy_analytic_N1000_K100_H200_nominal_t0p05,greedy_analytic,Load-aware greedy,1000,100,200,nominal,0.05,greedy_analytic_N1000_K100_nominal_t0p05,episode,0,30,raw/greedy_analytic_N1000_K100_nominal_t0p05__rule.npz,5.0,0.5,0.5,1.0,,
cox_only_N500_K100_H200_nominal_t0p05,cox_only,Cox-only,500,100,200,nominal,0.05,cox_only_N500_K100_nominal_t0p05,episode,0,30,raw/cox_only_N500_K100_nominal_t0p05__rule.npz,5.0,0.5,0.5,1.0,,
cox_only_N1000_K100_H200_nominal_t0p05,cox_only,Cox-only,1000,100,200,nominal,0.05,cox_only_N1000_K100_nominal_t0p05,episode,0,30,raw/cox_only_N1000_K100_nominal_t0p05__rule.npz,5.0,0.5,0.5,1.0,,
no_triplet_N500_K100_H200_nominal_t0p05,no_triplet,No arrival/RST descriptors,500,100,200,nominal,0.05,no_triplet_N500_K100_nominal_t0p05,training_seed_mean,5,30,raw/no_triplet_N500_K100_nominal_t0p05__seed_1.npz;raw/no_triplet_N500_K100_nominal_t0p05__seed_2.npz;raw/no_triplet_N500_K100_nominal_t0p05__seed_3.npz;raw/no_triplet_N500_K100_nominal_t0p05__seed_4.npz;raw/no_triplet_N500_K100_nominal_t0p05__seed_5.npz,5.0,0.5,0.5,1.0,500,100
no_triplet_N1000_K100_H200_nominal_t0p05,no_triplet,No arrival/RST descriptors,1000,100,200,nominal,0.05,no_triplet_N1000_K100_nominal_t0p05,training_seed_mean,5,30,raw/no_triplet_N1000_K100_nominal_t0p05__seed_1.npz;raw/no_triplet_N1000_K100_nominal_t0p05__seed_2.npz;raw/no_triplet_N1000_K100_nominal_t0p05__seed_3.npz;raw/no_triplet_N1000_K100_nominal_t0p05__seed_4.npz;raw/no_triplet_N1000_K100_nominal_t0p05__seed_5.npz,5.0,0.5,0.5,1.0,1000,100
no_triplet_N2000_K100_H200_nominal_t0p05,no_triplet,No arrival/RST descriptors,2000,100,200,nominal,0.05,no_triplet_N2000_K100_nominal_t0p05,training_seed_mean,5,30,raw/no_triplet_N2000_K100_nominal_t0p05__seed_1.npz;raw/no_triplet_N2000_K100_nominal_t0p05__seed_2.npz;raw/no_triplet_N2000_K100_nominal_t0p05__seed_3.npz;raw/no_triplet_N2000_K100_nominal_t0p05__seed_4.npz;raw/no_triplet_N2000_K100_nominal_t0p05__seed_5.npz,5.0,0.5,0.5,1.0,2000,100
mlp_coeff_N500_K100_H200_nominal_t0p05,mlp_coeff,PhysiCK + MLP coefficient head,500,100,200,nominal,0.05,mlp_coeff_N500_K100_nominal_t0p05,training_seed_mean,5,30,raw/mlp_coeff_N500_K100_nominal_t0p05__seed_1.npz;raw/mlp_coeff_N500_K100_nominal_t0p05__seed_2.npz;raw/mlp_coeff_N500_K100_nominal_t0p05__seed_3.npz;raw/mlp_coeff_N500_K100_nominal_t0p05__seed_4.npz;raw/mlp_coeff_N500_K100_nominal_t0p05__seed_5.npz,5.0,0.5,0.5,1.0,500,100
mlp_coeff_N1000_K100_H200_nominal_t0p05,mlp_coeff,PhysiCK + MLP coefficient head,1000,100,200,nominal,0.05,mlp_coeff_N1000_K100_nominal_t0p05,training_seed_mean,5,30,raw/mlp_coeff_N1000_K100_nominal_t0p05__seed_1.npz;raw/mlp_coeff_N1000_K100_nominal_t0p05__seed_2.npz;raw/mlp_coeff_N1000_K100_nominal_t0p05__seed_3.npz;raw/mlp_coeff_N1000_K100_nominal_t0p05__seed_4.npz;raw/mlp_coeff_N1000_K100_nominal_t0p05__seed_5.npz,5.0,0.5,0.5,1.0,1000,100
mlp_coeff_N2000_K100_H200_nominal_t0p05,mlp_coeff,PhysiCK + MLP coefficient head,2000,100,200,nominal,0.05,mlp_coeff_N2000_K100_nominal_t0p05,training_seed_mean,5,30,raw/mlp_coeff_N2000_K100_nominal_t0p05__seed_1.npz;raw/mlp_coeff_N2000_K100_nominal_t0p05__seed_2.npz;raw/mlp_coeff_N2000_K100_nominal_t0p05__seed_3.npz;raw/mlp_coeff_N2000_K100_nominal_t0p05__seed_4.npz;raw/mlp_coeff_N2000_K100_nominal_t0p05__seed_5.npz,5.0,0.5,0.5,1.0,2000,100
no_cox_rst_N2000_K100_H200_nominal_t0p05,no_cox_rst,"No Cox, RST retained",2000,100,200,nominal,0.05,no_cox_rst_N2000_K100_nominal_t0p05,training_seed_mean,5,30,raw/no_cox_rst_N2000_K100_nominal_t0p05__seed_1.npz;raw/no_cox_rst_N2000_K100_nominal_t0p05__seed_2.npz;raw/no_cox_rst_N2000_K100_nominal_t0p05__seed_3.npz;raw/no_cox_rst_N2000_K100_nominal_t0p05__seed_4.npz;raw/no_cox_rst_N2000_K100_nominal_t0p05__seed_5.npz,5.0,0.5,0.5,1.0,2000,100
no_cox_rst_N500_K100_H200_nominal_t0p05,no_cox_rst,"No Cox, RST retained",500,100,200,nominal,0.05,no_cox_rst_N500_K100_nominal_t0p05,training_seed_mean,5,30,raw/no_cox_rst_N500_K100_nominal_t0p05__seed_1.npz;raw/no_cox_rst_N500_K100_nominal_t0p05__seed_2.npz;raw/no_cox_rst_N500_K100_nominal_t0p05__seed_3.npz;raw/no_cox_rst_N500_K100_nominal_t0p05__seed_4.npz;raw/no_cox_rst_N500_K100_nominal_t0p05__seed_5.npz,5.0,0.5,0.5,1.0,500,100
no_cox_rst_N1000_K100_H200_nominal_t0p05,no_cox_rst,"No Cox, RST retained",1000,100,200,nominal,0.05,no_cox_rst_N1000_K100_nominal_t0p05,training_seed_mean,5,30,raw/no_cox_rst_N1000_K100_nominal_t0p05__seed_1.npz;raw/no_cox_rst_N1000_K100_nominal_t0p05__seed_2.npz;raw/no_cox_rst_N1000_K100_nominal_t0p05__seed_3.npz;raw/no_cox_rst_N1000_K100_nominal_t0p05__seed_4.npz;raw/no_cox_rst_N1000_K100_nominal_t0p05__seed_5.npz,5.0,0.5,0.5,1.0,1000,100
eph_physick_N2000_K100_H200_nominal_t0p05,eph_physick,Ephemeris-PhysiCK,2000,100,200,nominal,0.05,eph_physick_N2000_K100_nominal_t0p05,training_seed_mean,5,30,raw/eph_physick_N2000_K100_nominal_t0p05__seed_1.npz;raw/eph_physick_N2000_K100_nominal_t0p05__seed_2.npz;raw/eph_physick_N2000_K100_nominal_t0p05__seed_3.npz;raw/eph_physick_N2000_K100_nominal_t0p05__seed_4.npz;raw/eph_physick_N2000_K100_nominal_t0p05__seed_5.npz,5.0,0.5,0.5,1.0,2000,100
eph_physick_N500_K100_H200_nominal_t0p05,eph_physick,Ephemeris-PhysiCK,500,100,200,nominal,0.05,eph_physick_N500_K100_nominal_t0p05,training_seed_mean,5,30,raw/eph_physick_N500_K100_nominal_t0p05__seed_1.npz;raw/eph_physick_N500_K100_nominal_t0p05__seed_2.npz;raw/eph_physick_N500_K100_nominal_t0p05__seed_3.npz;raw/eph_physick_N500_K100_nominal_t0p05__seed_4.npz;raw/eph_physick_N500_K100_nominal_t0p05__seed_5.npz,5.0,0.5,0.5,1.0,500,100
eph_physick_N1000_K100_H200_nominal_t0p05,eph_physick,Ephemeris-PhysiCK,1000,100,200,nominal,0.05,eph_physick_N1000_K100_nominal_t0p05,training_seed_mean,5,30,raw/eph_physick_N1000_K100_nominal_t0p05__seed_1.npz;raw/eph_physick_N1000_K100_nominal_t0p05__seed_2.npz;raw/eph_physick_N1000_K100_nominal_t0p05__seed_3.npz;raw/eph_physick_N1000_K100_nominal_t0p05__seed_4.npz;raw/eph_physick_N1000_K100_nominal_t0p05__seed_5.npz,5.0,0.5,0.5,1.0,1000,100
full_N2000_K100_H200_nominal_t0p1,full,Cox-PhysiCK,2000,100,200,nominal,0.1,full_N2000_K100_nominal_t0p1,training_seed_mean,5,30,raw/full_N2000_K100_nominal_t0p1__seed_1.npz;raw/full_N2000_K100_nominal_t0p1__seed_2.npz;raw/full_N2000_K100_nominal_t0p1__seed_3.npz;raw/full_N2000_K100_nominal_t0p1__seed_4.npz;raw/full_N2000_K100_nominal_t0p1__seed_5.npz,5.0,0.5,0.5,1.0,2000,100
full_N2000_K100_H200_nominal_t0p2,full,Cox-PhysiCK,2000,100,200,nominal,0.2,full_N2000_K100_nominal_t0p2,training_seed_mean,5,30,raw/full_N2000_K100_nominal_t0p2__seed_1.npz;raw/full_N2000_K100_nominal_t0p2__seed_2.npz;raw/full_N2000_K100_nominal_t0p2__seed_3.npz;raw/full_N2000_K100_nominal_t0p2__seed_4.npz;raw/full_N2000_K100_nominal_t0p2__seed_5.npz,5.0,0.5,0.5,1.0,2000,100
full_N2000_K100_H200_nominal_t0p3,full,Cox-PhysiCK,2000,100,200,nominal,0.3,full_N2000_K100_nominal_t0p3,training_seed_mean,5,30,raw/full_N2000_K100_nominal_t0p3__seed_1.npz;raw/full_N2000_K100_nominal_t0p3__seed_2.npz;raw/full_N2000_K100_nominal_t0p3__seed_3.npz;raw/full_N2000_K100_nominal_t0p3__seed_4.npz;raw/full_N2000_K100_nominal_t0p3__seed_5.npz,5.0,0.5,0.5,1.0,2000,100
cox_only_N2000_K100_H200_nominal_t0p1,cox_only,Cox-only,2000,100,200,nominal,0.1,cox_only_N2000_K100_nominal_t0p1,episode,0,30,raw/cox_only_N2000_K100_nominal_t0p1__rule.npz,5.0,0.5,0.5,1.0,,
cox_only_N2000_K100_H200_nominal_t0p2,cox_only,Cox-only,2000,100,200,nominal,0.2,cox_only_N2000_K100_nominal_t0p2,episode,0,30,raw/cox_only_N2000_K100_nominal_t0p2__rule.npz,5.0,0.5,0.5,1.0,,
cox_only_N2000_K100_H200_nominal_t0p3,cox_only,Cox-only,2000,100,200,nominal,0.3,cox_only_N2000_K100_nominal_t0p3,episode,0,30,raw/cox_only_N2000_K100_nominal_t0p3__rule.npz,5.0,0.5,0.5,1.0,,
greedy_analytic_N2000_K100_H200_nominal_t0p1,greedy_analytic,Load-aware greedy,2000,100,200,nominal,0.1,greedy_analytic_N2000_K100_nominal_t0p1,episode,0,30,raw/greedy_analytic_N2000_K100_nominal_t0p1__rule.npz,5.0,0.5,0.5,1.0,,
greedy_analytic_N2000_K100_H200_nominal_t0p2,greedy_analytic,Load-aware greedy,2000,100,200,nominal,0.2,greedy_analytic_N2000_K100_nominal_t0p2,episode,0,30,raw/greedy_analytic_N2000_K100_nominal_t0p2__rule.npz,5.0,0.5,0.5,1.0,,
greedy_analytic_N2000_K100_H200_nominal_t0p3,greedy_analytic,Load-aware greedy,2000,100,200,nominal,0.3,greedy_analytic_N2000_K100_nominal_t0p3,episode,0,30,raw/greedy_analytic_N2000_K100_nominal_t0p3__rule.npz,5.0,0.5,0.5,1.0,,
full_N2000_K100_H200_w_out_0p5_t0p05,full,Cox-PhysiCK,2000,100,200,w_out_0p5,0.05,full_N2000_K100_w_out_0p5_t0p05,training_seed_mean,5,30,raw/full_N2000_K100_w_out_0p5_t0p05__seed_1.npz;raw/full_N2000_K100_w_out_0p5_t0p05__seed_2.npz;raw/full_N2000_K100_w_out_0p5_t0p05__seed_3.npz;raw/full_N2000_K100_w_out_0p5_t0p05__seed_4.npz;raw/full_N2000_K100_w_out_0p5_t0p05__seed_5.npz,2.5,0.5,0.5,1.0,2000,100
full_N2000_K100_H200_w_out_0p75_t0p05,full,Cox-PhysiCK,2000,100,200,w_out_0p75,0.05,full_N2000_K100_w_out_0p75_t0p05,training_seed_mean,5,30,raw/full_N2000_K100_w_out_0p75_t0p05__seed_1.npz;raw/full_N2000_K100_w_out_0p75_t0p05__seed_2.npz;raw/full_N2000_K100_w_out_0p75_t0p05__seed_3.npz;raw/full_N2000_K100_w_out_0p75_t0p05__seed_4.npz;raw/full_N2000_K100_w_out_0p75_t0p05__seed_5.npz,3.75,0.5,0.5,1.0,2000,100
full_N2000_K100_H200_w_out_1p25_t0p05,full,Cox-PhysiCK,2000,100,200,w_out_1p25,0.05,full_N2000_K100_w_out_1p25_t0p05,training_seed_mean,5,30,raw/full_N2000_K100_w_out_1p25_t0p05__seed_1.npz;raw/full_N2000_K100_w_out_1p25_t0p05__seed_2.npz;raw/full_N2000_K100_w_out_1p25_t0p05__seed_3.npz;raw/full_N2000_K100_w_out_1p25_t0p05__seed_4.npz;raw/full_N2000_K100_w_out_1p25_t0p05__seed_5.npz,6.25,0.5,0.5,1.0,2000,100
full_N2000_K100_H200_w_out_1p5_t0p05,full,Cox-PhysiCK,2000,100,200,w_out_1p5,0.05,full_N2000_K100_w_out_1p5_t0p05,training_seed_mean,5,30,raw/full_N2000_K100_w_out_1p5_t0p05__seed_1.npz;raw/full_N2000_K100_w_out_1p5_t0p05__seed_2.npz;raw/full_N2000_K100_w_out_1p5_t0p05__seed_3.npz;raw/full_N2000_K100_w_out_1p5_t0p05__seed_4.npz;raw/full_N2000_K100_w_out_1p5_t0p05__seed_5.npz,7.5,0.5,0.5,1.0,2000,100
full_N2000_K100_H200_w_ho_0p5_t0p05,full,Cox-PhysiCK,2000,100,200,w_ho_0p5,0.05,full_N2000_K100_w_ho_0p5_t0p05,training_seed_mean,5,30,raw/full_N2000_K100_w_ho_0p5_t0p05__seed_1.npz;raw/full_N2000_K100_w_ho_0p5_t0p05__seed_2.npz;raw/full_N2000_K100_w_ho_0p5_t0p05__seed_3.npz;raw/full_N2000_K100_w_ho_0p5_t0p05__seed_4.npz;raw/full_N2000_K100_w_ho_0p5_t0p05__seed_5.npz,5.0,0.25,0.5,1.0,2000,100
full_N2000_K100_H200_w_ho_0p75_t0p05,full,Cox-PhysiCK,2000,100,200,w_ho_0p75,0.05,full_N2000_K100_w_ho_0p75_t0p05,training_seed_mean,5,30,raw/full_N2000_K100_w_ho_0p75_t0p05__seed_1.npz;raw/full_N2000_K100_w_ho_0p75_t0p05__seed_2.npz;raw/full_N2000_K100_w_ho_0p75_t0p05__seed_3.npz;raw/full_N2000_K100_w_ho_0p75_t0p05__seed_4.npz;raw/full_N2000_K100_w_ho_0p75_t0p05__seed_5.npz,5.0,0.375,0.5,1.0,2000,100
full_N2000_K100_H200_w_ho_1p25_t0p05,full,Cox-PhysiCK,2000,100,200,w_ho_1p25,0.05,full_N2000_K100_w_ho_1p25_t0p05,training_seed_mean,5,30,raw/full_N2000_K100_w_ho_1p25_t0p05__seed_1.npz;raw/full_N2000_K100_w_ho_1p25_t0p05__seed_2.npz;raw/full_N2000_K100_w_ho_1p25_t0p05__seed_3.npz;raw/full_N2000_K100_w_ho_1p25_t0p05__seed_4.npz;raw/full_N2000_K100_w_ho_1p25_t0p05__seed_5.npz,5.0,0.625,0.5,1.0,2000,100
full_N2000_K100_H200_w_ho_1p5_t0p05,full,Cox-PhysiCK,2000,100,200,w_ho_1p5,0.05,full_N2000_K100_w_ho_1p5_t0p05,training_seed_mean,5,30,raw/full_N2000_K100_w_ho_1p5_t0p05__seed_1.npz;raw/full_N2000_K100_w_ho_1p5_t0p05__seed_2.npz;raw/full_N2000_K100_w_ho_1p5_t0p05__seed_3.npz;raw/full_N2000_K100_w_ho_1p5_t0p05__seed_4.npz;raw/full_N2000_K100_w_ho_1p5_t0p05__seed_5.npz,5.0,0.75,0.5,1.0,2000,100
full_N2000_K100_H200_w_load_0p5_t0p05,full,Cox-PhysiCK,2000,100,200,w_load_0p5,0.05,full_N2000_K100_w_load_0p5_t0p05,training_seed_mean,5,30,raw/full_N2000_K100_w_load_0p5_t0p05__seed_1.npz;raw/full_N2000_K100_w_load_0p5_t0p05__seed_2.npz;raw/full_N2000_K100_w_load_0p5_t0p05__seed_3.npz;raw/full_N2000_K100_w_load_0p5_t0p05__seed_4.npz;raw/full_N2000_K100_w_load_0p5_t0p05__seed_5.npz,5.0,0.5,0.25,1.0,2000,100
full_N2000_K100_H200_w_load_0p75_t0p05,full,Cox-PhysiCK,2000,100,200,w_load_0p75,0.05,full_N2000_K100_w_load_0p75_t0p05,training_seed_mean,5,30,raw/full_N2000_K100_w_load_0p75_t0p05__seed_1.npz;raw/full_N2000_K100_w_load_0p75_t0p05__seed_2.npz;raw/full_N2000_K100_w_load_0p75_t0p05__seed_3.npz;raw/full_N2000_K100_w_load_0p75_t0p05__seed_4.npz;raw/full_N2000_K100_w_load_0p75_t0p05__seed_5.npz,5.0,0.5,0.375,1.0,2000,100
full_N2000_K100_H200_w_load_1p25_t0p05,full,Cox-PhysiCK,2000,100,200,w_load_1p25,0.05,full_N2000_K100_w_load_1p25_t0p05,training_seed_mean,5,30,raw/full_N2000_K100_w_load_1p25_t0p05__seed_1.npz;raw/full_N2000_K100_w_load_1p25_t0p05__seed_2.npz;raw/full_N2000_K100_w_load_1p25_t0p05__seed_3.npz;raw/full_N2000_K100_w_load_1p25_t0p05__seed_4.npz;raw/full_N2000_K100_w_load_1p25_t0p05__seed_5.npz,5.0,0.5,0.625,1.0,2000,100
full_N2000_K100_H200_w_load_1p5_t0p05,full,Cox-PhysiCK,2000,100,200,w_load_1p5,0.05,full_N2000_K100_w_load_1p5_t0p05,training_seed_mean,5,30,raw/full_N2000_K100_w_load_1p5_t0p05__seed_1.npz;raw/full_N2000_K100_w_load_1p5_t0p05__seed_2.npz;raw/full_N2000_K100_w_load_1p5_t0p05__seed_3.npz;raw/full_N2000_K100_w_load_1p5_t0p05__seed_4.npz;raw/full_N2000_K100_w_load_1p5_t0p05__seed_5.npz,5.0,0.5,0.75,1.0,2000,100
full_N2000_K100_H200_w_rate_0p5_t0p05,full,Cox-PhysiCK,2000,100,200,w_rate_0p5,0.05,full_N2000_K100_w_rate_0p5_t0p05,training_seed_mean,5,30,raw/full_N2000_K100_w_rate_0p5_t0p05__seed_1.npz;raw/full_N2000_K100_w_rate_0p5_t0p05__seed_2.npz;raw/full_N2000_K100_w_rate_0p5_t0p05__seed_3.npz;raw/full_N2000_K100_w_rate_0p5_t0p05__seed_4.npz;raw/full_N2000_K100_w_rate_0p5_t0p05__seed_5.npz,5.0,0.5,0.5,0.5,2000,100
full_N2000_K100_H200_w_rate_0p75_t0p05,full,Cox-PhysiCK,2000,100,200,w_rate_0p75,0.05,full_N2000_K100_w_rate_0p75_t0p05,training_seed_mean,5,30,raw/full_N2000_K100_w_rate_0p75_t0p05__seed_1.npz;raw/full_N2000_K100_w_rate_0p75_t0p05__seed_2.npz;raw/full_N2000_K100_w_rate_0p75_t0p05__seed_3.npz;raw/full_N2000_K100_w_rate_0p75_t0p05__seed_4.npz;raw/full_N2000_K100_w_rate_0p75_t0p05__seed_5.npz,5.0,0.5,0.5,0.75,2000,100
full_N2000_K100_H200_w_rate_1p25_t0p05,full,Cox-PhysiCK,2000,100,200,w_rate_1p25,0.05,full_N2000_K100_w_rate_1p25_t0p05,training_seed_mean,5,30,raw/full_N2000_K100_w_rate_1p25_t0p05__seed_1.npz;raw/full_N2000_K100_w_rate_1p25_t0p05__seed_2.npz;raw/full_N2000_K100_w_rate_1p25_t0p05__seed_3.npz;raw/full_N2000_K100_w_rate_1p25_t0p05__seed_4.npz;raw/full_N2000_K100_w_rate_1p25_t0p05__seed_5.npz,5.0,0.5,0.5,1.25,2000,100
full_N2000_K100_H200_w_rate_1p5_t0p05,full,Cox-PhysiCK,2000,100,200,w_rate_1p5,0.05,full_N2000_K100_w_rate_1p5_t0p05,training_seed_mean,5,30,raw/full_N2000_K100_w_rate_1p5_t0p05__seed_1.npz;raw/full_N2000_K100_w_rate_1p5_t0p05__seed_2.npz;raw/full_N2000_K100_w_rate_1p5_t0p05__seed_3.npz;raw/full_N2000_K100_w_rate_1p5_t0p05__seed_4.npz;raw/full_N2000_K100_w_rate_1p5_t0p05__seed_5.npz,5.0,0.5,0.5,1.5,2000,100
