raw_file,job_id,method_id,training_seed,aggregation_unit,N_sat,K,saved_H,requested_H,case_ids,episodes,episode_prefixes,association_id_stride,empty_association_id,encoding,array_axes
raw/full_N500_K100_nominal_t0p05__seed_1.npz,full_N500_K100_nominal_t0p05,full,1,training_seed_mean,500,100,800,200;800,full_N500_K100_H200_nominal_t0p05;full_N500_K100_H800_nominal_t0p05,30,60,2,-1,satellite_id * 2 + stored_beam_id,"epoch,episode,user"
raw/full_N500_K100_nominal_t0p05__seed_2.npz,full_N500_K100_nominal_t0p05,full,2,training_seed_mean,500,100,800,200;800,full_N500_K100_H200_nominal_t0p05;full_N500_K100_H800_nominal_t0p05,30,60,2,-1,satellite_id * 2 + stored_beam_id,"epoch,episode,user"
raw/full_N500_K100_nominal_t0p05__seed_3.npz,full_N500_K100_nominal_t0p05,full,3,training_seed_mean,500,100,800,200;800,full_N500_K100_H200_nominal_t0p05;full_N500_K100_H800_nominal_t0p05,30,60,2,-1,satellite_id * 2 + stored_beam_id,"epoch,episode,user"
raw/full_N500_K100_nominal_t0p05__seed_4.npz,full_N500_K100_nominal_t0p05,full,4,training_seed_mean,500,100,800,200;800,full_N500_K100_H200_nominal_t0p05;full_N500_K100_H800_nominal_t0p05,30,60,2,-1,satellite_id * 2 + stored_beam_id,"epoch,episode,user"
raw/full_N500_K100_nominal_t0p05__seed_5.npz,full_N500_K100_nominal_t0p05,full,5,training_seed_mean,500,100,800,200;800,full_N500_K100_H200_nominal_t0p05;full_N500_K100_H800_nominal_t0p05,30,60,2,-1,satellite_id * 2 + stored_beam_id,"epoch,episode,user"
raw/full_N1000_K100_nominal_t0p05__seed_1.npz,full_N1000_K100_nominal_t0p05,full,1,training_seed_mean,1000,100,800,200;800,full_N1000_K100_H200_nominal_t0p05;full_N1000_K100_H800_nominal_t0p05,30,60,2,-1,satellite_id * 2 + stored_beam_id,"epoch,episode,user"
raw/full_N1000_K100_nominal_t0p05__seed_2.npz,full_N1000_K100_nominal_t0p05,full,2,training_seed_mean,1000,100,800,200;800,full_N1000_K100_H200_nominal_t0p05;full_N1000_K100_H800_nominal_t0p05,30,60,2,-1,satellite_id * 2 + stored_beam_id,"epoch,episode,user"
raw/full_N1000_K100_nominal_t0p05__seed_3.npz,full_N1000_K100_nominal_t0p05,full,3,training_seed_mean,1000,100,800,200;800,full_N1000_K100_H200_nominal_t0p05;full_N1000_K100_H800_nominal_t0p05,30,60,2,-1,satellite_id * 2 + stored_beam_id,"epoch,episode,user"
raw/full_N1000_K100_nominal_t0p05__seed_4.npz,full_N1000_K100_nominal_t0p05,full,4,training_seed_mean,1000,100,800,200;800,full_N1000_K100_H200_nominal_t0p05;full_N1000_K100_H800_nominal_t0p05,30,60,2,-1,satellite_id * 2 + stored_beam_id,"epoch,episode,user"
raw/full_N1000_K100_nominal_t0p05__seed_5.npz,full_N1000_K100_nominal_t0p05,full,5,training_seed_mean,1000,100,800,200;800,full_N1000_K100_H200_nominal_t0p05;full_N1000_K100_H800_nominal_t0p05,30,60,2,-1,satellite_id * 2 + stored_beam_id,"epoch,episode,user"
raw/full_N2000_K100_nominal_t0p05__seed_1.npz,full_N2000_K100_nominal_t0p05,full,1,training_seed_mean,2000,100,800,200;800,full_N2000_K100_H200_nominal_t0p05;full_N2000_K100_H800_nominal_t0p05,30,60,2,-1,satellite_id * 2 + stored_beam_id,"epoch,episode,user"
raw/full_N2000_K100_nominal_t0p05__seed_2.npz,full_N2000_K100_nominal_t0p05,full,2,training_seed_mean,2000,100,800,200;800,full_N2000_K100_H200_nominal_t0p05;full_N2000_K100_H800_nominal_t0p05,30,60,2,-1,satellite_id * 2 + stored_beam_id,"epoch,episode,user"
raw/full_N2000_K100_nominal_t0p05__seed_3.npz,full_N2000_K100_nominal_t0p05,full,3,training_seed_mean,2000,100,800,200;800,full_N2000_K100_H200_nominal_t0p05;full_N2000_K100_H800_nominal_t0p05,30,60,2,-1,satellite_id * 2 + stored_beam_id,"epoch,episode,user"
raw/full_N2000_K100_nominal_t0p05__seed_4.npz,full_N2000_K100_nominal_t0p05,full,4,training_seed_mean,2000,100,800,200;800,full_N2000_K100_H200_nominal_t0p05;full_N2000_K100_H800_nominal_t0p05,30,60,2,-1,satellite_id * 2 + stored_beam_id,"epoch,episode,user"
raw/full_N2000_K100_nominal_t0p05__seed_5.npz,full_N2000_K100_nominal_t0p05,full,5,training_seed_mean,2000,100,800,200;800,full_N2000_K100_H200_nominal_t0p05;full_N2000_K100_H800_nominal_t0p05,30,60,2,-1,satellite_id * 2 + stored_beam_id,"epoch,episode,user"
raw/full_N2000_K200_nominal_t0p05__seed_1.npz,full_N2000_K200_nominal_t0p05,full,1,training_seed_mean,2000,200,200,200,full_N2000_K200_H200_nominal_t0p05,30,30,2,-1,satellite_id * 2 + stored_beam_id,"epoch,episode,user"
raw/full_N2000_K200_nominal_t0p05__seed_2.npz,full_N2000_K200_nominal_t0p05,full,2,training_seed_mean,2000,200,200,200,full_N2000_K200_H200_nominal_t0p05,30,30,2,-1,satellite_id * 2 + stored_beam_id,"epoch,episode,user"
raw/full_N2000_K200_nominal_t0p05__seed_3.npz,full_N2000_K200_nominal_t0p05,full,3,training_seed_mean,2000,200,200,200,full_N2000_K200_H200_nominal_t0p05,30,30,2,-1,satellite_id * 2 + stored_beam_id,"epoch,episode,user"
raw/full_N2000_K200_nominal_t0p05__seed_4.npz,full_N2000_K200_nominal_t0p05,full,4,training_seed_mean,2000,200,200,200,full_N2000_K200_H200_nominal_t0p05,30,30,2,-1,satellite_id * 2 + stored_beam_id,"epoch,episode,user"
raw/full_N2000_K200_nominal_t0p05__seed_5.npz,full_N2000_K200_nominal_t0p05,full,5,training_seed_mean,2000,200,200,200,full_N2000_K200_H200_nominal_t0p05,30,30,2,-1,satellite_id * 2 + stored_beam_id,"epoch,episode,user"
raw/full_N2000_K300_nominal_t0p05__seed_1.npz,full_N2000_K300_nominal_t0p05,full,1,training_seed_mean,2000,300,200,200,full_N2000_K300_H200_nominal_t0p05,30,30,2,-1,satellite_id * 2 + stored_beam_id,"epoch,episode,user"
raw/full_N2000_K300_nominal_t0p05__seed_2.npz,full_N2000_K300_nominal_t0p05,full,2,training_seed_mean,2000,300,200,200,full_N2000_K300_H200_nominal_t0p05,30,30,2,-1,satellite_id * 2 + stored_beam_id,"epoch,episode,user"
raw/full_N2000_K300_nominal_t0p05__seed_3.npz,full_N2000_K300_nominal_t0p05,full,3,training_seed_mean,2000,300,200,200,full_N2000_K300_H200_nominal_t0p05,30,30,2,-1,satellite_id * 2 + stored_beam_id,"epoch,episode,user"
raw/full_N2000_K300_nominal_t0p05__seed_4.npz,full_N2000_K300_nominal_t0p05,full,4,training_seed_mean,2000,300,200,200,full_N2000_K300_H200_nominal_t0p05,30,30,2,-1,satellite_id * 2 + stored_beam_id,"epoch,episode,user"
raw/full_N2000_K300_nominal_t0p05__seed_5.npz,full_N2000_K300_nominal_t0p05,full,5,training_seed_mean,2000,300,200,200,full_N2000_K300_H200_nominal_t0p05,30,30,2,-1,satellite_id * 2 + stored_beam_id,"epoch,episode,user"
raw/full_N2000_K400_nominal_t0p05__seed_1.npz,full_N2000_K400_nominal_t0p05,full,1,training_seed_mean,2000,400,200,200,full_N2000_K400_H200_nominal_t0p05,30,30,2,-1,satellite_id * 2 + stored_beam_id,"epoch,episode,user"
raw/full_N2000_K400_nominal_t0p05__seed_2.npz,full_N2000_K400_nominal_t0p05,full,2,training_seed_mean,2000,400,200,200,full_N2000_K400_H200_nominal_t0p05,30,30,2,-1,satellite_id * 2 + stored_beam_id,"epoch,episode,user"
raw/full_N2000_K400_nominal_t0p05__seed_3.npz,full_N2000_K400_nominal_t0p05,full,3,training_seed_mean,2000,400,200,200,full_N2000_K400_H200_nominal_t0p05,30,30,2,-1,satellite_id * 2 + stored_beam_id,"epoch,episode,user"
raw/full_N2000_K400_nominal_t0p05__seed_4.npz,full_N2000_K400_nominal_t0p05,full,4,training_seed_mean,2000,400,200,200,full_N2000_K400_H200_nominal_t0p05,30,30,2,-1,satellite_id * 2 + stored_beam_id,"epoch,episode,user"
raw/full_N2000_K400_nominal_t0p05__seed_5.npz,full_N2000_K400_nominal_t0p05,full,5,training_seed_mean,2000,400,200,200,full_N2000_K400_H200_nominal_t0p05,30,30,2,-1,satellite_id * 2 + stored_beam_id,"epoch,episode,user"
raw/full_N2000_K500_nominal_t0p05__seed_1.npz,full_N2000_K500_nominal_t0p05,full,1,training_seed_mean,2000,500,200,200,full_N2000_K500_H200_nominal_t0p05,30,30,2,-1,satellite_id * 2 + stored_beam_id,"epoch,episode,user"
raw/full_N2000_K500_nominal_t0p05__seed_2.npz,full_N2000_K500_nominal_t0p05,full,2,training_seed_mean,2000,500,200,200,full_N2000_K500_H200_nominal_t0p05,30,30,2,-1,satellite_id * 2 + stored_beam_id,"epoch,episode,user"
raw/full_N2000_K500_nominal_t0p05__seed_3.npz,full_N2000_K500_nominal_t0p05,full,3,training_seed_mean,2000,500,200,200,full_N2000_K500_H200_nominal_t0p05,30,30,2,-1,satellite_id * 2 + stored_beam_id,"epoch,episode,user"
raw/full_N2000_K500_nominal_t0p05__seed_4.npz,full_N2000_K500_nominal_t0p05,full,4,training_seed_mean,2000,500,200,200,full_N2000_K500_H200_nominal_t0p05,30,30,2,-1,satellite_id * 2 + stored_beam_id,"epoch,episode,user"
raw/full_N2000_K500_nominal_t0p05__seed_5.npz,full_N2000_K500_nominal_t0p05,full,5,training_seed_mean,2000,500,200,200,full_N2000_K500_H200_nominal_t0p05,30,30,2,-1,satellite_id * 2 + stored_beam_id,"epoch,episode,user"
raw/mlp213_N500_K100_nominal_t0p05__seed_1.npz,mlp213_N500_K100_nominal_t0p05,mlp213,1,training_seed_mean,500,100,800,200;800,mlp213_N500_K100_H200_nominal_t0p05;mlp213_N500_K100_H800_nominal_t0p05,30,60,2,-1,satellite_id * 2 + stored_beam_id,"epoch,episode,user"
raw/mlp213_N500_K100_nominal_t0p05__seed_2.npz,mlp213_N500_K100_nominal_t0p05,mlp213,2,training_seed_mean,500,100,800,200;800,mlp213_N500_K100_H200_nominal_t0p05;mlp213_N500_K100_H800_nominal_t0p05,30,60,2,-1,satellite_id * 2 + stored_beam_id,"epoch,episode,user"
raw/mlp213_N500_K100_nominal_t0p05__seed_3.npz,mlp213_N500_K100_nominal_t0p05,mlp213,3,training_seed_mean,500,100,800,200;800,mlp213_N500_K100_H200_nominal_t0p05;mlp213_N500_K100_H800_nominal_t0p05,30,60,2,-1,satellite_id * 2 + stored_beam_id,"epoch,episode,user"
raw/mlp213_N500_K100_nominal_t0p05__seed_4.npz,mlp213_N500_K100_nominal_t0p05,mlp213,4,training_seed_mean,500,100,800,200;800,mlp213_N500_K100_H200_nominal_t0p05;mlp213_N500_K100_H800_nominal_t0p05,30,60,2,-1,satellite_id * 2 + stored_beam_id,"epoch,episode,user"
raw/mlp213_N500_K100_nominal_t0p05__seed_5.npz,mlp213_N500_K100_nominal_t0p05,mlp213,5,training_seed_mean,500,100,800,200;800,mlp213_N500_K100_H200_nominal_t0p05;mlp213_N500_K100_H800_nominal_t0p05,30,60,2,-1,satellite_id * 2 + stored_beam_id,"epoch,episode,user"
raw/mlp213_N1000_K100_nominal_t0p05__seed_1.npz,mlp213_N1000_K100_nominal_t0p05,mlp213,1,training_seed_mean,1000,100,800,200;800,mlp213_N1000_K100_H200_nominal_t0p05;mlp213_N1000_K100_H800_nominal_t0p05,30,60,2,-1,satellite_id * 2 + stored_beam_id,"epoch,episode,user"
raw/mlp213_N1000_K100_nominal_t0p05__seed_2.npz,mlp213_N1000_K100_nominal_t0p05,mlp213,2,training_seed_mean,1000,100,800,200;800,mlp213_N1000_K100_H200_nominal_t0p05;mlp213_N1000_K100_H800_nominal_t0p05,30,60,2,-1,satellite_id * 2 + stored_beam_id,"epoch,episode,user"
raw/mlp213_N1000_K100_nominal_t0p05__seed_3.npz,mlp213_N1000_K100_nominal_t0p05,mlp213,3,training_seed_mean,1000,100,800,200;800,mlp213_N1000_K100_H200_nominal_t0p05;mlp213_N1000_K100_H800_nominal_t0p05,30,60,2,-1,satellite_id * 2 + stored_beam_id,"epoch,episode,user"
raw/mlp213_N1000_K100_nominal_t0p05__seed_4.npz,mlp213_N1000_K100_nominal_t0p05,mlp213,4,training_seed_mean,1000,100,800,200;800,mlp213_N1000_K100_H200_nominal_t0p05;mlp213_N1000_K100_H800_nominal_t0p05,30,60,2,-1,satellite_id * 2 + stored_beam_id,"epoch,episode,user"
raw/mlp213_N1000_K100_nominal_t0p05__seed_5.npz,mlp213_N1000_K100_nominal_t0p05,mlp213,5,training_seed_mean,1000,100,800,200;800,mlp213_N1000_K100_H200_nominal_t0p05;mlp213_N1000_K100_H800_nominal_t0p05,30,60,2,-1,satellite_id * 2 + stored_beam_id,"epoch,episode,user"
raw/mlp213_N2000_K100_nominal_t0p05__seed_1.npz,mlp213_N2000_K100_nominal_t0p05,mlp213,1,training_seed_mean,2000,100,800,200;800,mlp213_N2000_K100_H200_nominal_t0p05;mlp213_N2000_K100_H800_nominal_t0p05,30,60,2,-1,satellite_id * 2 + stored_beam_id,"epoch,episode,user"
raw/mlp213_N2000_K100_nominal_t0p05__seed_2.npz,mlp213_N2000_K100_nominal_t0p05,mlp213,2,training_seed_mean,2000,100,800,200;800,mlp213_N2000_K100_H200_nominal_t0p05;mlp213_N2000_K100_H800_nominal_t0p05,30,60,2,-1,satellite_id * 2 + stored_beam_id,"epoch,episode,user"
raw/mlp213_N2000_K100_nominal_t0p05__seed_3.npz,mlp213_N2000_K100_nominal_t0p05,mlp213,3,training_seed_mean,2000,100,800,200;800,mlp213_N2000_K100_H200_nominal_t0p05;mlp213_N2000_K100_H800_nominal_t0p05,30,60,2,-1,satellite_id * 2 + stored_beam_id,"epoch,episode,user"
raw/mlp213_N2000_K100_nominal_t0p05__seed_4.npz,mlp213_N2000_K100_nominal_t0p05,mlp213,4,training_seed_mean,2000,100,800,200;800,mlp213_N2000_K100_H200_nominal_t0p05;mlp213_N2000_K100_H800_nominal_t0p05,30,60,2,-1,satellite_id * 2 + stored_beam_id,"epoch,episode,user"
raw/mlp213_N2000_K100_nominal_t0p05__seed_5.npz,mlp213_N2000_K100_nominal_t0p05,mlp213,5,training_seed_mean,2000,100,800,200;800,mlp213_N2000_K100_H200_nominal_t0p05;mlp213_N2000_K100_H800_nominal_t0p05,30,60,2,-1,satellite_id * 2 + stored_beam_id,"epoch,episode,user"
raw/mlp213_N2000_K200_nominal_t0p05__seed_1.npz,mlp213_N2000_K200_nominal_t0p05,mlp213,1,training_seed_mean,2000,200,200,200,mlp213_N2000_K200_H200_nominal_t0p05,30,30,2,-1,satellite_id * 2 + stored_beam_id,"epoch,episode,user"
raw/mlp213_N2000_K200_nominal_t0p05__seed_2.npz,mlp213_N2000_K200_nominal_t0p05,mlp213,2,training_seed_mean,2000,200,200,200,mlp213_N2000_K200_H200_nominal_t0p05,30,30,2,-1,satellite_id * 2 + stored_beam_id,"epoch,episode,user"
raw/mlp213_N2000_K200_nominal_t0p05__seed_3.npz,mlp213_N2000_K200_nominal_t0p05,mlp213,3,training_seed_mean,2000,200,200,200,mlp213_N2000_K200_H200_nominal_t0p05,30,30,2,-1,satellite_id * 2 + stored_beam_id,"epoch,episode,user"
raw/mlp213_N2000_K200_nominal_t0p05__seed_4.npz,mlp213_N2000_K200_nominal_t0p05,mlp213,4,training_seed_mean,2000,200,200,200,mlp213_N2000_K200_H200_nominal_t0p05,30,30,2,-1,satellite_id * 2 + stored_beam_id,"epoch,episode,user"
raw/mlp213_N2000_K200_nominal_t0p05__seed_5.npz,mlp213_N2000_K200_nominal_t0p05,mlp213,5,training_seed_mean,2000,200,200,200,mlp213_N2000_K200_H200_nominal_t0p05,30,30,2,-1,satellite_id * 2 + stored_beam_id,"epoch,episode,user"
raw/mlp213_N2000_K300_nominal_t0p05__seed_1.npz,mlp213_N2000_K300_nominal_t0p05,mlp213,1,training_seed_mean,2000,300,200,200,mlp213_N2000_K300_H200_nominal_t0p05,30,30,2,-1,satellite_id * 2 + stored_beam_id,"epoch,episode,user"
raw/mlp213_N2000_K300_nominal_t0p05__seed_2.npz,mlp213_N2000_K300_nominal_t0p05,mlp213,2,training_seed_mean,2000,300,200,200,mlp213_N2000_K300_H200_nominal_t0p05,30,30,2,-1,satellite_id * 2 + stored_beam_id,"epoch,episode,user"
raw/mlp213_N2000_K300_nominal_t0p05__seed_3.npz,mlp213_N2000_K300_nominal_t0p05,mlp213,3,training_seed_mean,2000,300,200,200,mlp213_N2000_K300_H200_nominal_t0p05,30,30,2,-1,satellite_id * 2 + stored_beam_id,"epoch,episode,user"
raw/mlp213_N2000_K300_nominal_t0p05__seed_4.npz,mlp213_N2000_K300_nominal_t0p05,mlp213,4,training_seed_mean,2000,300,200,200,mlp213_N2000_K300_H200_nominal_t0p05,30,30,2,-1,satellite_id * 2 + stored_beam_id,"epoch,episode,user"
raw/mlp213_N2000_K300_nominal_t0p05__seed_5.npz,mlp213_N2000_K300_nominal_t0p05,mlp213,5,training_seed_mean,2000,300,200,200,mlp213_N2000_K300_H200_nominal_t0p05,30,30,2,-1,satellite_id * 2 + stored_beam_id,"epoch,episode,user"
raw/mlp213_N2000_K400_nominal_t0p05__seed_1.npz,mlp213_N2000_K400_nominal_t0p05,mlp213,1,training_seed_mean,2000,400,200,200,mlp213_N2000_K400_H200_nominal_t0p05,30,30,2,-1,satellite_id * 2 + stored_beam_id,"epoch,episode,user"
raw/mlp213_N2000_K400_nominal_t0p05__seed_2.npz,mlp213_N2000_K400_nominal_t0p05,mlp213,2,training_seed_mean,2000,400,200,200,mlp213_N2000_K400_H200_nominal_t0p05,30,30,2,-1,satellite_id * 2 + stored_beam_id,"epoch,episode,user"
raw/mlp213_N2000_K400_nominal_t0p05__seed_3.npz,mlp213_N2000_K400_nominal_t0p05,mlp213,3,training_seed_mean,2000,400,200,200,mlp213_N2000_K400_H200_nominal_t0p05,30,30,2,-1,satellite_id * 2 + stored_beam_id,"epoch,episode,user"
raw/mlp213_N2000_K400_nominal_t0p05__seed_4.npz,mlp213_N2000_K400_nominal_t0p05,mlp213,4,training_seed_mean,2000,400,200,200,mlp213_N2000_K400_H200_nominal_t0p05,30,30,2,-1,satellite_id * 2 + stored_beam_id,"epoch,episode,user"
raw/mlp213_N2000_K400_nominal_t0p05__seed_5.npz,mlp213_N2000_K400_nominal_t0p05,mlp213,5,training_seed_mean,2000,400,200,200,mlp213_N2000_K400_H200_nominal_t0p05,30,30,2,-1,satellite_id * 2 + stored_beam_id,"epoch,episode,user"
raw/mlp213_N2000_K500_nominal_t0p05__seed_1.npz,mlp213_N2000_K500_nominal_t0p05,mlp213,1,training_seed_mean,2000,500,200,200,mlp213_N2000_K500_H200_nominal_t0p05,30,30,2,-1,satellite_id * 2 + stored_beam_id,"epoch,episode,user"
raw/mlp213_N2000_K500_nominal_t0p05__seed_2.npz,mlp213_N2000_K500_nominal_t0p05,mlp213,2,training_seed_mean,2000,500,200,200,mlp213_N2000_K500_H200_nominal_t0p05,30,30,2,-1,satellite_id * 2 + stored_beam_id,"epoch,episode,user"
raw/mlp213_N2000_K500_nominal_t0p05__seed_3.npz,mlp213_N2000_K500_nominal_t0p05,mlp213,3,training_seed_mean,2000,500,200,200,mlp213_N2000_K500_H200_nominal_t0p05,30,30,2,-1,satellite_id * 2 + stored_beam_id,"epoch,episode,user"
raw/mlp213_N2000_K500_nominal_t0p05__seed_4.npz,mlp213_N2000_K500_nominal_t0p05,mlp213,4,training_seed_mean,2000,500,200,200,mlp213_N2000_K500_H200_nominal_t0p05,30,30,2,-1,satellite_id * 2 + stored_beam_id,"epoch,episode,user"
raw/mlp213_N2000_K500_nominal_t0p05__seed_5.npz,mlp213_N2000_K500_nominal_t0p05,mlp213,5,training_seed_mean,2000,500,200,200,mlp213_N2000_K500_H200_nominal_t0p05,30,30,2,-1,satellite_id * 2 + stored_beam_id,"epoch,episode,user"
raw/kan_generic_N500_K100_nominal_t0p05__seed_1.npz,kan_generic_N500_K100_nominal_t0p05,kan_generic,1,training_seed_mean,500,100,800,200;800,kan_generic_N500_K100_H200_nominal_t0p05;kan_generic_N500_K100_H800_nominal_t0p05,30,60,2,-1,satellite_id * 2 + stored_beam_id,"epoch,episode,user"
raw/kan_generic_N500_K100_nominal_t0p05__seed_2.npz,kan_generic_N500_K100_nominal_t0p05,kan_generic,2,training_seed_mean,500,100,800,200;800,kan_generic_N500_K100_H200_nominal_t0p05;kan_generic_N500_K100_H800_nominal_t0p05,30,60,2,-1,satellite_id * 2 + stored_beam_id,"epoch,episode,user"
raw/kan_generic_N500_K100_nominal_t0p05__seed_3.npz,kan_generic_N500_K100_nominal_t0p05,kan_generic,3,training_seed_mean,500,100,800,200;800,kan_generic_N500_K100_H200_nominal_t0p05;kan_generic_N500_K100_H800_nominal_t0p05,30,60,2,-1,satellite_id * 2 + stored_beam_id,"epoch,episode,user"
raw/kan_generic_N500_K100_nominal_t0p05__seed_4.npz,kan_generic_N500_K100_nominal_t0p05,kan_generic,4,training_seed_mean,500,100,800,200;800,kan_generic_N500_K100_H200_nominal_t0p05;kan_generic_N500_K100_H800_nominal_t0p05,30,60,2,-1,satellite_id * 2 + stored_beam_id,"epoch,episode,user"
raw/kan_generic_N500_K100_nominal_t0p05__seed_5.npz,kan_generic_N500_K100_nominal_t0p05,kan_generic,5,training_seed_mean,500,100,800,200;800,kan_generic_N500_K100_H200_nominal_t0p05;kan_generic_N500_K100_H800_nominal_t0p05,30,60,2,-1,satellite_id * 2 + stored_beam_id,"epoch,episode,user"
raw/kan_generic_N1000_K100_nominal_t0p05__seed_1.npz,kan_generic_N1000_K100_nominal_t0p05,kan_generic,1,training_seed_mean,1000,100,800,200;800,kan_generic_N1000_K100_H200_nominal_t0p05;kan_generic_N1000_K100_H800_nominal_t0p05,30,60,2,-1,satellite_id * 2 + stored_beam_id,"epoch,episode,user"
raw/kan_generic_N1000_K100_nominal_t0p05__seed_2.npz,kan_generic_N1000_K100_nominal_t0p05,kan_generic,2,training_seed_mean,1000,100,800,200;800,kan_generic_N1000_K100_H200_nominal_t0p05;kan_generic_N1000_K100_H800_nominal_t0p05,30,60,2,-1,satellite_id * 2 + stored_beam_id,"epoch,episode,user"
raw/kan_generic_N1000_K100_nominal_t0p05__seed_3.npz,kan_generic_N1000_K100_nominal_t0p05,kan_generic,3,training_seed_mean,1000,100,800,200;800,kan_generic_N1000_K100_H200_nominal_t0p05;kan_generic_N1000_K100_H800_nominal_t0p05,30,60,2,-1,satellite_id * 2 + stored_beam_id,"epoch,episode,user"
raw/kan_generic_N1000_K100_nominal_t0p05__seed_4.npz,kan_generic_N1000_K100_nominal_t0p05,kan_generic,4,training_seed_mean,1000,100,800,200;800,kan_generic_N1000_K100_H200_nominal_t0p05;kan_generic_N1000_K100_H800_nominal_t0p05,30,60,2,-1,satellite_id * 2 + stored_beam_id,"epoch,episode,user"
raw/kan_generic_N1000_K100_nominal_t0p05__seed_5.npz,kan_generic_N1000_K100_nominal_t0p05,kan_generic,5,training_seed_mean,1000,100,800,200;800,kan_generic_N1000_K100_H200_nominal_t0p05;kan_generic_N1000_K100_H800_nominal_t0p05,30,60,2,-1,satellite_id * 2 + stored_beam_id,"epoch,episode,user"
raw/kan_generic_N2000_K100_nominal_t0p05__seed_1.npz,kan_generic_N2000_K100_nominal_t0p05,kan_generic,1,training_seed_mean,2000,100,800,200;800,kan_generic_N2000_K100_H200_nominal_t0p05;kan_generic_N2000_K100_H800_nominal_t0p05,30,60,2,-1,satellite_id * 2 + stored_beam_id,"epoch,episode,user"
raw/kan_generic_N2000_K100_nominal_t0p05__seed_2.npz,kan_generic_N2000_K100_nominal_t0p05,kan_generic,2,training_seed_mean,2000,100,800,200;800,kan_generic_N2000_K100_H200_nominal_t0p05;kan_generic_N2000_K100_H800_nominal_t0p05,30,60,2,-1,satellite_id * 2 + stored_beam_id,"epoch,episode,user"
raw/kan_generic_N2000_K100_nominal_t0p05__seed_3.npz,kan_generic_N2000_K100_nominal_t0p05,kan_generic,3,training_seed_mean,2000,100,800,200;800,kan_generic_N2000_K100_H200_nominal_t0p05;kan_generic_N2000_K100_H800_nominal_t0p05,30,60,2,-1,satellite_id * 2 + stored_beam_id,"epoch,episode,user"
raw/kan_generic_N2000_K100_nominal_t0p05__seed_4.npz,kan_generic_N2000_K100_nominal_t0p05,kan_generic,4,training_seed_mean,2000,100,800,200;800,kan_generic_N2000_K100_H200_nominal_t0p05;kan_generic_N2000_K100_H800_nominal_t0p05,30,60,2,-1,satellite_id * 2 + stored_beam_id,"epoch,episode,user"
raw/kan_generic_N2000_K100_nominal_t0p05__seed_5.npz,kan_generic_N2000_K100_nominal_t0p05,kan_generic,5,training_seed_mean,2000,100,800,200;800,kan_generic_N2000_K100_H200_nominal_t0p05;kan_generic_N2000_K100_H800_nominal_t0p05,30,60,2,-1,satellite_id * 2 + stored_beam_id,"epoch,episode,user"
raw/kan_generic_N2000_K200_nominal_t0p05__seed_1.npz,kan_generic_N2000_K200_nominal_t0p05,kan_generic,1,training_seed_mean,2000,200,200,200,kan_generic_N2000_K200_H200_nominal_t0p05,30,30,2,-1,satellite_id * 2 + stored_beam_id,"epoch,episode,user"
raw/kan_generic_N2000_K200_nominal_t0p05__seed_2.npz,kan_generic_N2000_K200_nominal_t0p05,kan_generic,2,training_seed_mean,2000,200,200,200,kan_generic_N2000_K200_H200_nominal_t0p05,30,30,2,-1,satellite_id * 2 + stored_beam_id,"epoch,episode,user"
raw/kan_generic_N2000_K200_nominal_t0p05__seed_3.npz,kan_generic_N2000_K200_nominal_t0p05,kan_generic,3,training_seed_mean,2000,200,200,200,kan_generic_N2000_K200_H200_nominal_t0p05,30,30,2,-1,satellite_id * 2 + stored_beam_id,"epoch,episode,user"
raw/kan_generic_N2000_K200_nominal_t0p05__seed_4.npz,kan_generic_N2000_K200_nominal_t0p05,kan_generic,4,training_seed_mean,2000,200,200,200,kan_generic_N2000_K200_H200_nominal_t0p05,30,30,2,-1,satellite_id * 2 + stored_beam_id,"epoch,episode,user"
raw/kan_generic_N2000_K200_nominal_t0p05__seed_5.npz,kan_generic_N2000_K200_nominal_t0p05,kan_generic,5,training_seed_mean,2000,200,200,200,kan_generic_N2000_K200_H200_nominal_t0p05,30,30,2,-1,satellite_id * 2 + stored_beam_id,"epoch,episode,user"
raw/kan_generic_N2000_K300_nominal_t0p05__seed_1.npz,kan_generic_N2000_K300_nominal_t0p05,kan_generic,1,training_seed_mean,2000,300,200,200,kan_generic_N2000_K300_H200_nominal_t0p05,30,30,2,-1,satellite_id * 2 + stored_beam_id,"epoch,episode,user"
raw/kan_generic_N2000_K300_nominal_t0p05__seed_2.npz,kan_generic_N2000_K300_nominal_t0p05,kan_generic,2,training_seed_mean,2000,300,200,200,kan_generic_N2000_K300_H200_nominal_t0p05,30,30,2,-1,satellite_id * 2 + stored_beam_id,"epoch,episode,user"
raw/kan_generic_N2000_K300_nominal_t0p05__seed_3.npz,kan_generic_N2000_K300_nominal_t0p05,kan_generic,3,training_seed_mean,2000,300,200,200,kan_generic_N2000_K300_H200_nominal_t0p05,30,30,2,-1,satellite_id * 2 + stored_beam_id,"epoch,episode,user"
raw/kan_generic_N2000_K300_nominal_t0p05__seed_4.npz,kan_generic_N2000_K300_nominal_t0p05,kan_generic,4,training_seed_mean,2000,300,200,200,kan_generic_N2000_K300_H200_nominal_t0p05,30,30,2,-1,satellite_id * 2 + stored_beam_id,"epoch,episode,user"
raw/kan_generic_N2000_K300_nominal_t0p05__seed_5.npz,kan_generic_N2000_K300_nominal_t0p05,kan_generic,5,training_seed_mean,2000,300,200,200,kan_generic_N2000_K300_H200_nominal_t0p05,30,30,2,-1,satellite_id * 2 + stored_beam_id,"epoch,episode,user"
raw/kan_generic_N2000_K400_nominal_t0p05__seed_1.npz,kan_generic_N2000_K400_nominal_t0p05,kan_generic,1,training_seed_mean,2000,400,200,200,kan_generic_N2000_K400_H200_nominal_t0p05,30,30,2,-1,satellite_id * 2 + stored_beam_id,"epoch,episode,user"
raw/kan_generic_N2000_K400_nominal_t0p05__seed_2.npz,kan_generic_N2000_K400_nominal_t0p05,kan_generic,2,training_seed_mean,2000,400,200,200,kan_generic_N2000_K400_H200_nominal_t0p05,30,30,2,-1,satellite_id * 2 + stored_beam_id,"epoch,episode,user"
raw/kan_generic_N2000_K400_nominal_t0p05__seed_3.npz,kan_generic_N2000_K400_nominal_t0p05,kan_generic,3,training_seed_mean,2000,400,200,200,kan_generic_N2000_K400_H200_nominal_t0p05,30,30,2,-1,satellite_id * 2 + stored_beam_id,"epoch,episode,user"
raw/kan_generic_N2000_K400_nominal_t0p05__seed_4.npz,kan_generic_N2000_K400_nominal_t0p05,kan_generic,4,training_seed_mean,2000,400,200,200,kan_generic_N2000_K400_H200_nominal_t0p05,30,30,2,-1,satellite_id * 2 + stored_beam_id,"epoch,episode,user"
raw/kan_generic_N2000_K400_nominal_t0p05__seed_5.npz,kan_generic_N2000_K400_nominal_t0p05,kan_generic,5,training_seed_mean,2000,400,200,200,kan_generic_N2000_K400_H200_nominal_t0p05,30,30,2,-1,satellite_id * 2 + stored_beam_id,"epoch,episode,user"
raw/kan_generic_N2000_K500_nominal_t0p05__seed_1.npz,kan_generic_N2000_K500_nominal_t0p05,kan_generic,1,training_seed_mean,2000,500,200,200,kan_generic_N2000_K500_H200_nominal_t0p05,30,30,2,-1,satellite_id * 2 + stored_beam_id,"epoch,episode,user"
raw/kan_generic_N2000_K500_nominal_t0p05__seed_2.npz,kan_generic_N2000_K500_nominal_t0p05,kan_generic,2,training_seed_mean,2000,500,200,200,kan_generic_N2000_K500_H200_nominal_t0p05,30,30,2,-1,satellite_id * 2 + stored_beam_id,"epoch,episode,user"
raw/kan_generic_N2000_K500_nominal_t0p05__seed_3.npz,kan_generic_N2000_K500_nominal_t0p05,kan_generic,3,training_seed_mean,2000,500,200,200,kan_generic_N2000_K500_H200_nominal_t0p05,30,30,2,-1,satellite_id * 2 + stored_beam_id,"epoch,episode,user"
raw/kan_generic_N2000_K500_nominal_t0p05__seed_4.npz,kan_generic_N2000_K500_nominal_t0p05,kan_generic,4,training_seed_mean,2000,500,200,200,kan_generic_N2000_K500_H200_nominal_t0p05,30,30,2,-1,satellite_id * 2 + stored_beam_id,"epoch,episode,user"
raw/kan_generic_N2000_K500_nominal_t0p05__seed_5.npz,kan_generic_N2000_K500_nominal_t0p05,kan_generic,5,training_seed_mean,2000,500,200,200,kan_generic_N2000_K500_H200_nominal_t0p05,30,30,2,-1,satellite_id * 2 + stored_beam_id,"epoch,episode,user"
raw/greedy_analytic_N2000_K100_nominal_t0p05__rule.npz,greedy_analytic_N2000_K100_nominal_t0p05,greedy_analytic,,episode,2000,100,800,200;800,greedy_analytic_N2000_K100_H200_nominal_t0p05;greedy_analytic_N2000_K100_H800_nominal_t0p05,30,60,2,-1,satellite_id * 2 + stored_beam_id,"epoch,episode,user"
raw/greedy_analytic_N2000_K200_nominal_t0p05__rule.npz,greedy_analytic_N2000_K200_nominal_t0p05,greedy_analytic,,episode,2000,200,200,200,greedy_analytic_N2000_K200_H200_nominal_t0p05,30,30,2,-1,satellite_id * 2 + stored_beam_id,"epoch,episode,user"
raw/greedy_analytic_N2000_K300_nominal_t0p05__rule.npz,greedy_analytic_N2000_K300_nominal_t0p05,greedy_analytic,,episode,2000,300,200,200,greedy_analytic_N2000_K300_H200_nominal_t0p05,30,30,2,-1,satellite_id * 2 + stored_beam_id,"epoch,episode,user"
raw/greedy_analytic_N2000_K400_nominal_t0p05__rule.npz,greedy_analytic_N2000_K400_nominal_t0p05,greedy_analytic,,episode,2000,400,200,200,greedy_analytic_N2000_K400_H200_nominal_t0p05,30,30,2,-1,satellite_id * 2 + stored_beam_id,"epoch,episode,user"
raw/greedy_analytic_N2000_K500_nominal_t0p05__rule.npz,greedy_analytic_N2000_K500_nominal_t0p05,greedy_analytic,,episode,2000,500,200,200,greedy_analytic_N2000_K500_H200_nominal_t0p05,30,30,2,-1,satellite_id * 2 + stored_beam_id,"epoch,episode,user"
raw/maxsinr_ttt_N2000_K100_nominal_tnative__rule.npz,maxsinr_ttt_N2000_K100_nominal_tnative,maxsinr_ttt,,episode,2000,100,800,200;800,maxsinr_ttt_N2000_K100_H200_nominal_tnative;maxsinr_ttt_N2000_K100_H800_nominal_tnative,30,60,2,-1,satellite_id * 2 + stored_beam_id,"epoch,episode,user"
raw/maxsinr_ttt_N2000_K200_nominal_tnative__rule.npz,maxsinr_ttt_N2000_K200_nominal_tnative,maxsinr_ttt,,episode,2000,200,200,200,maxsinr_ttt_N2000_K200_H200_nominal_tnative,30,30,2,-1,satellite_id * 2 + stored_beam_id,"epoch,episode,user"
raw/maxsinr_ttt_N2000_K300_nominal_tnative__rule.npz,maxsinr_ttt_N2000_K300_nominal_tnative,maxsinr_ttt,,episode,2000,300,200,200,maxsinr_ttt_N2000_K300_H200_nominal_tnative,30,30,2,-1,satellite_id * 2 + stored_beam_id,"epoch,episode,user"
raw/maxsinr_ttt_N2000_K400_nominal_tnative__rule.npz,maxsinr_ttt_N2000_K400_nominal_tnative,maxsinr_ttt,,episode,2000,400,200,200,maxsinr_ttt_N2000_K400_H200_nominal_tnative,30,30,2,-1,satellite_id * 2 + stored_beam_id,"epoch,episode,user"
raw/maxsinr_ttt_N2000_K500_nominal_tnative__rule.npz,maxsinr_ttt_N2000_K500_nominal_tnative,maxsinr_ttt,,episode,2000,500,200,200,maxsinr_ttt_N2000_K500_H200_nominal_tnative,30,30,2,-1,satellite_id * 2 + stored_beam_id,"epoch,episode,user"
raw/maxrst_N2000_K100_nominal_tnative__rule.npz,maxrst_N2000_K100_nominal_tnative,maxrst,,episode,2000,100,800,200;800,maxrst_N2000_K100_H200_nominal_tnative;maxrst_N2000_K100_H800_nominal_tnative,30,60,2,-1,satellite_id * 2 + stored_beam_id,"epoch,episode,user"
raw/maxrst_N2000_K200_nominal_tnative__rule.npz,maxrst_N2000_K200_nominal_tnative,maxrst,,episode,2000,200,200,200,maxrst_N2000_K200_H200_nominal_tnative,30,30,2,-1,satellite_id * 2 + stored_beam_id,"epoch,episode,user"
raw/maxrst_N2000_K300_nominal_tnative__rule.npz,maxrst_N2000_K300_nominal_tnative,maxrst,,episode,2000,300,200,200,maxrst_N2000_K300_H200_nominal_tnative,30,30,2,-1,satellite_id * 2 + stored_beam_id,"epoch,episode,user"
raw/maxrst_N2000_K400_nominal_tnative__rule.npz,maxrst_N2000_K400_nominal_tnative,maxrst,,episode,2000,400,200,200,maxrst_N2000_K400_H200_nominal_tnative,30,30,2,-1,satellite_id * 2 + stored_beam_id,"epoch,episode,user"
raw/maxrst_N2000_K500_nominal_tnative__rule.npz,maxrst_N2000_K500_nominal_tnative,maxrst,,episode,2000,500,200,200,maxrst_N2000_K500_H200_nominal_tnative,30,30,2,-1,satellite_id * 2 + stored_beam_id,"epoch,episode,user"
raw/cox_only_N2000_K100_nominal_t0p05__rule.npz,cox_only_N2000_K100_nominal_t0p05,cox_only,,episode,2000,100,800,200;800,cox_only_N2000_K100_H200_nominal_t0p05;cox_only_N2000_K100_H800_nominal_t0p05,30,60,2,-1,satellite_id * 2 + stored_beam_id,"epoch,episode,user"
raw/cox_only_N2000_K200_nominal_t0p05__rule.npz,cox_only_N2000_K200_nominal_t0p05,cox_only,,episode,2000,200,200,200,cox_only_N2000_K200_H200_nominal_t0p05,30,30,2,-1,satellite_id * 2 + stored_beam_id,"epoch,episode,user"
raw/cox_only_N2000_K300_nominal_t0p05__rule.npz,cox_only_N2000_K300_nominal_t0p05,cox_only,,episode,2000,300,200,200,cox_only_N2000_K300_H200_nominal_t0p05,30,30,2,-1,satellite_id * 2 + stored_beam_id,"epoch,episode,user"
raw/cox_only_N2000_K400_nominal_t0p05__rule.npz,cox_only_N2000_K400_nominal_t0p05,cox_only,,episode,2000,400,200,200,cox_only_N2000_K400_H200_nominal_t0p05,30,30,2,-1,satellite_id * 2 + stored_beam_id,"epoch,episode,user"
raw/cox_only_N2000_K500_nominal_t0p05__rule.npz,cox_only_N2000_K500_nominal_t0p05,cox_only,,episode,2000,500,200,200,cox_only_N2000_K500_H200_nominal_t0p05,30,30,2,-1,satellite_id * 2 + stored_beam_id,"epoch,episode,user"
raw/leo_madrl_N2000_K100_nominal_tnative__seed_1.npz,leo_madrl_N2000_K100_nominal_tnative,leo_madrl,1,training_seed_mean,2000,100,800,200;800,leo_madrl_N2000_K100_H200_nominal_tnative;leo_madrl_N2000_K100_H800_nominal_tnative,30,60,2,-1,satellite_id * 2 + stored_beam_id,"epoch,episode,user"
raw/leo_madrl_N2000_K100_nominal_tnative__seed_2.npz,leo_madrl_N2000_K100_nominal_tnative,leo_madrl,2,training_seed_mean,2000,100,800,200;800,leo_madrl_N2000_K100_H200_nominal_tnative;leo_madrl_N2000_K100_H800_nominal_tnative,30,60,2,-1,satellite_id * 2 + stored_beam_id,"epoch,episode,user"
raw/leo_madrl_N2000_K100_nominal_tnative__seed_3.npz,leo_madrl_N2000_K100_nominal_tnative,leo_madrl,3,training_seed_mean,2000,100,800,200;800,leo_madrl_N2000_K100_H200_nominal_tnative;leo_madrl_N2000_K100_H800_nominal_tnative,30,60,2,-1,satellite_id * 2 + stored_beam_id,"epoch,episode,user"
raw/leo_madrl_N2000_K100_nominal_tnative__seed_4.npz,leo_madrl_N2000_K100_nominal_tnative,leo_madrl,4,training_seed_mean,2000,100,800,200;800,leo_madrl_N2000_K100_H200_nominal_tnative;leo_madrl_N2000_K100_H800_nominal_tnative,30,60,2,-1,satellite_id * 2 + stored_beam_id,"epoch,episode,user"
raw/leo_madrl_N2000_K100_nominal_tnative__seed_5.npz,leo_madrl_N2000_K100_nominal_tnative,leo_madrl,5,training_seed_mean,2000,100,800,200;800,leo_madrl_N2000_K100_H200_nominal_tnative;leo_madrl_N2000_K100_H800_nominal_tnative,30,60,2,-1,satellite_id * 2 + stored_beam_id,"epoch,episode,user"
raw/leo_madrl_N2000_K200_nominal_tnative__seed_1.npz,leo_madrl_N2000_K200_nominal_tnative,leo_madrl,1,training_seed_mean,2000,200,200,200,leo_madrl_N2000_K200_H200_nominal_tnative,30,30,2,-1,satellite_id * 2 + stored_beam_id,"epoch,episode,user"
raw/leo_madrl_N2000_K200_nominal_tnative__seed_2.npz,leo_madrl_N2000_K200_nominal_tnative,leo_madrl,2,training_seed_mean,2000,200,200,200,leo_madrl_N2000_K200_H200_nominal_tnative,30,30,2,-1,satellite_id * 2 + stored_beam_id,"epoch,episode,user"
raw/leo_madrl_N2000_K200_nominal_tnative__seed_3.npz,leo_madrl_N2000_K200_nominal_tnative,leo_madrl,3,training_seed_mean,2000,200,200,200,leo_madrl_N2000_K200_H200_nominal_tnative,30,30,2,-1,satellite_id * 2 + stored_beam_id,"epoch,episode,user"
raw/leo_madrl_N2000_K200_nominal_tnative__seed_4.npz,leo_madrl_N2000_K200_nominal_tnative,leo_madrl,4,training_seed_mean,2000,200,200,200,leo_madrl_N2000_K200_H200_nominal_tnative,30,30,2,-1,satellite_id * 2 + stored_beam_id,"epoch,episode,user"
raw/leo_madrl_N2000_K200_nominal_tnative__seed_5.npz,leo_madrl_N2000_K200_nominal_tnative,leo_madrl,5,training_seed_mean,2000,200,200,200,leo_madrl_N2000_K200_H200_nominal_tnative,30,30,2,-1,satellite_id * 2 + stored_beam_id,"epoch,episode,user"
raw/leo_madrl_N2000_K300_nominal_tnative__seed_1.npz,leo_madrl_N2000_K300_nominal_tnative,leo_madrl,1,training_seed_mean,2000,300,200,200,leo_madrl_N2000_K300_H200_nominal_tnative,30,30,2,-1,satellite_id * 2 + stored_beam_id,"epoch,episode,user"
raw/leo_madrl_N2000_K300_nominal_tnative__seed_2.npz,leo_madrl_N2000_K300_nominal_tnative,leo_madrl,2,training_seed_mean,2000,300,200,200,leo_madrl_N2000_K300_H200_nominal_tnative,30,30,2,-1,satellite_id * 2 + stored_beam_id,"epoch,episode,user"
raw/leo_madrl_N2000_K300_nominal_tnative__seed_3.npz,leo_madrl_N2000_K300_nominal_tnative,leo_madrl,3,training_seed_mean,2000,300,200,200,leo_madrl_N2000_K300_H200_nominal_tnative,30,30,2,-1,satellite_id * 2 + stored_beam_id,"epoch,episode,user"
raw/leo_madrl_N2000_K300_nominal_tnative__seed_4.npz,leo_madrl_N2000_K300_nominal_tnative,leo_madrl,4,training_seed_mean,2000,300,200,200,leo_madrl_N2000_K300_H200_nominal_tnative,30,30,2,-1,satellite_id * 2 + stored_beam_id,"epoch,episode,user"
raw/leo_madrl_N2000_K300_nominal_tnative__seed_5.npz,leo_madrl_N2000_K300_nominal_tnative,leo_madrl,5,training_seed_mean,2000,300,200,200,leo_madrl_N2000_K300_H200_nominal_tnative,30,30,2,-1,satellite_id * 2 + stored_beam_id,"epoch,episode,user"
raw/leo_madrl_N2000_K400_nominal_tnative__seed_1.npz,leo_madrl_N2000_K400_nominal_tnative,leo_madrl,1,training_seed_mean,2000,400,200,200,leo_madrl_N2000_K400_H200_nominal_tnative,30,30,2,-1,satellite_id * 2 + stored_beam_id,"epoch,episode,user"
raw/leo_madrl_N2000_K400_nominal_tnative__seed_2.npz,leo_madrl_N2000_K400_nominal_tnative,leo_madrl,2,training_seed_mean,2000,400,200,200,leo_madrl_N2000_K400_H200_nominal_tnative,30,30,2,-1,satellite_id * 2 + stored_beam_id,"epoch,episode,user"
raw/leo_madrl_N2000_K400_nominal_tnative__seed_3.npz,leo_madrl_N2000_K400_nominal_tnative,leo_madrl,3,training_seed_mean,2000,400,200,200,leo_madrl_N2000_K400_H200_nominal_tnative,30,30,2,-1,satellite_id * 2 + stored_beam_id,"epoch,episode,user"
raw/leo_madrl_N2000_K400_nominal_tnative__seed_4.npz,leo_madrl_N2000_K400_nominal_tnative,leo_madrl,4,training_seed_mean,2000,400,200,200,leo_madrl_N2000_K400_H200_nominal_tnative,30,30,2,-1,satellite_id * 2 + stored_beam_id,"epoch,episode,user"
raw/leo_madrl_N2000_K400_nominal_tnative__seed_5.npz,leo_madrl_N2000_K400_nominal_tnative,leo_madrl,5,training_seed_mean,2000,400,200,200,leo_madrl_N2000_K400_H200_nominal_tnative,30,30,2,-1,satellite_id * 2 + stored_beam_id,"epoch,episode,user"
raw/leo_madrl_N2000_K500_nominal_tnative__seed_1.npz,leo_madrl_N2000_K500_nominal_tnative,leo_madrl,1,training_seed_mean,2000,500,200,200,leo_madrl_N2000_K500_H200_nominal_tnative,30,30,2,-1,satellite_id * 2 + stored_beam_id,"epoch,episode,user"
raw/leo_madrl_N2000_K500_nominal_tnative__seed_2.npz,leo_madrl_N2000_K500_nominal_tnative,leo_madrl,2,training_seed_mean,2000,500,200,200,leo_madrl_N2000_K500_H200_nominal_tnative,30,30,2,-1,satellite_id * 2 + stored_beam_id,"epoch,episode,user"
raw/leo_madrl_N2000_K500_nominal_tnative__seed_3.npz,leo_madrl_N2000_K500_nominal_tnative,leo_madrl,3,training_seed_mean,2000,500,200,200,leo_madrl_N2000_K500_H200_nominal_tnative,30,30,2,-1,satellite_id * 2 + stored_beam_id,"epoch,episode,user"
raw/leo_madrl_N2000_K500_nominal_tnative__seed_4.npz,leo_madrl_N2000_K500_nominal_tnative,leo_madrl,4,training_seed_mean,2000,500,200,200,leo_madrl_N2000_K500_H200_nominal_tnative,30,30,2,-1,satellite_id * 2 + stored_beam_id,"epoch,episode,user"
raw/leo_madrl_N2000_K500_nominal_tnative__seed_5.npz,leo_madrl_N2000_K500_nominal_tnative,leo_madrl,5,training_seed_mean,2000,500,200,200,leo_madrl_N2000_K500_H200_nominal_tnative,30,30,2,-1,satellite_id * 2 + stored_beam_id,"epoch,episode,user"
raw/greedy_analytic_N500_K100_nominal_t0p05__rule.npz,greedy_analytic_N500_K100_nominal_t0p05,greedy_analytic,,episode,500,100,200,200,greedy_analytic_N500_K100_H200_nominal_t0p05,30,30,2,-1,satellite_id * 2 + stored_beam_id,"epoch,episode,user"
raw/greedy_analytic_N1000_K100_nominal_t0p05__rule.npz,greedy_analytic_N1000_K100_nominal_t0p05,greedy_analytic,,episode,1000,100,200,200,greedy_analytic_N1000_K100_H200_nominal_t0p05,30,30,2,-1,satellite_id * 2 + stored_beam_id,"epoch,episode,user"
raw/cox_only_N500_K100_nominal_t0p05__rule.npz,cox_only_N500_K100_nominal_t0p05,cox_only,,episode,500,100,200,200,cox_only_N500_K100_H200_nominal_t0p05,30,30,2,-1,satellite_id * 2 + stored_beam_id,"epoch,episode,user"
raw/cox_only_N1000_K100_nominal_t0p05__rule.npz,cox_only_N1000_K100_nominal_t0p05,cox_only,,episode,1000,100,200,200,cox_only_N1000_K100_H200_nominal_t0p05,30,30,2,-1,satellite_id * 2 + stored_beam_id,"epoch,episode,user"
raw/no_triplet_N500_K100_nominal_t0p05__seed_1.npz,no_triplet_N500_K100_nominal_t0p05,no_triplet,1,training_seed_mean,500,100,200,200,no_triplet_N500_K100_H200_nominal_t0p05,30,30,2,-1,satellite_id * 2 + stored_beam_id,"epoch,episode,user"
raw/no_triplet_N500_K100_nominal_t0p05__seed_2.npz,no_triplet_N500_K100_nominal_t0p05,no_triplet,2,training_seed_mean,500,100,200,200,no_triplet_N500_K100_H200_nominal_t0p05,30,30,2,-1,satellite_id * 2 + stored_beam_id,"epoch,episode,user"
raw/no_triplet_N500_K100_nominal_t0p05__seed_3.npz,no_triplet_N500_K100_nominal_t0p05,no_triplet,3,training_seed_mean,500,100,200,200,no_triplet_N500_K100_H200_nominal_t0p05,30,30,2,-1,satellite_id * 2 + stored_beam_id,"epoch,episode,user"
raw/no_triplet_N500_K100_nominal_t0p05__seed_4.npz,no_triplet_N500_K100_nominal_t0p05,no_triplet,4,training_seed_mean,500,100,200,200,no_triplet_N500_K100_H200_nominal_t0p05,30,30,2,-1,satellite_id * 2 + stored_beam_id,"epoch,episode,user"
raw/no_triplet_N500_K100_nominal_t0p05__seed_5.npz,no_triplet_N500_K100_nominal_t0p05,no_triplet,5,training_seed_mean,500,100,200,200,no_triplet_N500_K100_H200_nominal_t0p05,30,30,2,-1,satellite_id * 2 + stored_beam_id,"epoch,episode,user"
raw/no_triplet_N1000_K100_nominal_t0p05__seed_1.npz,no_triplet_N1000_K100_nominal_t0p05,no_triplet,1,training_seed_mean,1000,100,200,200,no_triplet_N1000_K100_H200_nominal_t0p05,30,30,2,-1,satellite_id * 2 + stored_beam_id,"epoch,episode,user"
raw/no_triplet_N1000_K100_nominal_t0p05__seed_2.npz,no_triplet_N1000_K100_nominal_t0p05,no_triplet,2,training_seed_mean,1000,100,200,200,no_triplet_N1000_K100_H200_nominal_t0p05,30,30,2,-1,satellite_id * 2 + stored_beam_id,"epoch,episode,user"
raw/no_triplet_N1000_K100_nominal_t0p05__seed_3.npz,no_triplet_N1000_K100_nominal_t0p05,no_triplet,3,training_seed_mean,1000,100,200,200,no_triplet_N1000_K100_H200_nominal_t0p05,30,30,2,-1,satellite_id * 2 + stored_beam_id,"epoch,episode,user"
raw/no_triplet_N1000_K100_nominal_t0p05__seed_4.npz,no_triplet_N1000_K100_nominal_t0p05,no_triplet,4,training_seed_mean,1000,100,200,200,no_triplet_N1000_K100_H200_nominal_t0p05,30,30,2,-1,satellite_id * 2 + stored_beam_id,"epoch,episode,user"
raw/no_triplet_N1000_K100_nominal_t0p05__seed_5.npz,no_triplet_N1000_K100_nominal_t0p05,no_triplet,5,training_seed_mean,1000,100,200,200,no_triplet_N1000_K100_H200_nominal_t0p05,30,30,2,-1,satellite_id * 2 + stored_beam_id,"epoch,episode,user"
raw/no_triplet_N2000_K100_nominal_t0p05__seed_1.npz,no_triplet_N2000_K100_nominal_t0p05,no_triplet,1,training_seed_mean,2000,100,200,200,no_triplet_N2000_K100_H200_nominal_t0p05,30,30,2,-1,satellite_id * 2 + stored_beam_id,"epoch,episode,user"
raw/no_triplet_N2000_K100_nominal_t0p05__seed_2.npz,no_triplet_N2000_K100_nominal_t0p05,no_triplet,2,training_seed_mean,2000,100,200,200,no_triplet_N2000_K100_H200_nominal_t0p05,30,30,2,-1,satellite_id * 2 + stored_beam_id,"epoch,episode,user"
raw/no_triplet_N2000_K100_nominal_t0p05__seed_3.npz,no_triplet_N2000_K100_nominal_t0p05,no_triplet,3,training_seed_mean,2000,100,200,200,no_triplet_N2000_K100_H200_nominal_t0p05,30,30,2,-1,satellite_id * 2 + stored_beam_id,"epoch,episode,user"
raw/no_triplet_N2000_K100_nominal_t0p05__seed_4.npz,no_triplet_N2000_K100_nominal_t0p05,no_triplet,4,training_seed_mean,2000,100,200,200,no_triplet_N2000_K100_H200_nominal_t0p05,30,30,2,-1,satellite_id * 2 + stored_beam_id,"epoch,episode,user"
raw/no_triplet_N2000_K100_nominal_t0p05__seed_5.npz,no_triplet_N2000_K100_nominal_t0p05,no_triplet,5,training_seed_mean,2000,100,200,200,no_triplet_N2000_K100_H200_nominal_t0p05,30,30,2,-1,satellite_id * 2 + stored_beam_id,"epoch,episode,user"
raw/mlp_coeff_N500_K100_nominal_t0p05__seed_1.npz,mlp_coeff_N500_K100_nominal_t0p05,mlp_coeff,1,training_seed_mean,500,100,200,200,mlp_coeff_N500_K100_H200_nominal_t0p05,30,30,2,-1,satellite_id * 2 + stored_beam_id,"epoch,episode,user"
raw/mlp_coeff_N500_K100_nominal_t0p05__seed_2.npz,mlp_coeff_N500_K100_nominal_t0p05,mlp_coeff,2,training_seed_mean,500,100,200,200,mlp_coeff_N500_K100_H200_nominal_t0p05,30,30,2,-1,satellite_id * 2 + stored_beam_id,"epoch,episode,user"
raw/mlp_coeff_N500_K100_nominal_t0p05__seed_3.npz,mlp_coeff_N500_K100_nominal_t0p05,mlp_coeff,3,training_seed_mean,500,100,200,200,mlp_coeff_N500_K100_H200_nominal_t0p05,30,30,2,-1,satellite_id * 2 + stored_beam_id,"epoch,episode,user"
raw/mlp_coeff_N500_K100_nominal_t0p05__seed_4.npz,mlp_coeff_N500_K100_nominal_t0p05,mlp_coeff,4,training_seed_mean,500,100,200,200,mlp_coeff_N500_K100_H200_nominal_t0p05,30,30,2,-1,satellite_id * 2 + stored_beam_id,"epoch,episode,user"
raw/mlp_coeff_N500_K100_nominal_t0p05__seed_5.npz,mlp_coeff_N500_K100_nominal_t0p05,mlp_coeff,5,training_seed_mean,500,100,200,200,mlp_coeff_N500_K100_H200_nominal_t0p05,30,30,2,-1,satellite_id * 2 + stored_beam_id,"epoch,episode,user"
raw/mlp_coeff_N1000_K100_nominal_t0p05__seed_1.npz,mlp_coeff_N1000_K100_nominal_t0p05,mlp_coeff,1,training_seed_mean,1000,100,200,200,mlp_coeff_N1000_K100_H200_nominal_t0p05,30,30,2,-1,satellite_id * 2 + stored_beam_id,"epoch,episode,user"
raw/mlp_coeff_N1000_K100_nominal_t0p05__seed_2.npz,mlp_coeff_N1000_K100_nominal_t0p05,mlp_coeff,2,training_seed_mean,1000,100,200,200,mlp_coeff_N1000_K100_H200_nominal_t0p05,30,30,2,-1,satellite_id * 2 + stored_beam_id,"epoch,episode,user"
raw/mlp_coeff_N1000_K100_nominal_t0p05__seed_3.npz,mlp_coeff_N1000_K100_nominal_t0p05,mlp_coeff,3,training_seed_mean,1000,100,200,200,mlp_coeff_N1000_K100_H200_nominal_t0p05,30,30,2,-1,satellite_id * 2 + stored_beam_id,"epoch,episode,user"
raw/mlp_coeff_N1000_K100_nominal_t0p05__seed_4.npz,mlp_coeff_N1000_K100_nominal_t0p05,mlp_coeff,4,training_seed_mean,1000,100,200,200,mlp_coeff_N1000_K100_H200_nominal_t0p05,30,30,2,-1,satellite_id * 2 + stored_beam_id,"epoch,episode,user"
raw/mlp_coeff_N1000_K100_nominal_t0p05__seed_5.npz,mlp_coeff_N1000_K100_nominal_t0p05,mlp_coeff,5,training_seed_mean,1000,100,200,200,mlp_coeff_N1000_K100_H200_nominal_t0p05,30,30,2,-1,satellite_id * 2 + stored_beam_id,"epoch,episode,user"
raw/mlp_coeff_N2000_K100_nominal_t0p05__seed_1.npz,mlp_coeff_N2000_K100_nominal_t0p05,mlp_coeff,1,training_seed_mean,2000,100,200,200,mlp_coeff_N2000_K100_H200_nominal_t0p05,30,30,2,-1,satellite_id * 2 + stored_beam_id,"epoch,episode,user"
raw/mlp_coeff_N2000_K100_nominal_t0p05__seed_2.npz,mlp_coeff_N2000_K100_nominal_t0p05,mlp_coeff,2,training_seed_mean,2000,100,200,200,mlp_coeff_N2000_K100_H200_nominal_t0p05,30,30,2,-1,satellite_id * 2 + stored_beam_id,"epoch,episode,user"
raw/mlp_coeff_N2000_K100_nominal_t0p05__seed_3.npz,mlp_coeff_N2000_K100_nominal_t0p05,mlp_coeff,3,training_seed_mean,2000,100,200,200,mlp_coeff_N2000_K100_H200_nominal_t0p05,30,30,2,-1,satellite_id * 2 + stored_beam_id,"epoch,episode,user"
raw/mlp_coeff_N2000_K100_nominal_t0p05__seed_4.npz,mlp_coeff_N2000_K100_nominal_t0p05,mlp_coeff,4,training_seed_mean,2000,100,200,200,mlp_coeff_N2000_K100_H200_nominal_t0p05,30,30,2,-1,satellite_id * 2 + stored_beam_id,"epoch,episode,user"
raw/mlp_coeff_N2000_K100_nominal_t0p05__seed_5.npz,mlp_coeff_N2000_K100_nominal_t0p05,mlp_coeff,5,training_seed_mean,2000,100,200,200,mlp_coeff_N2000_K100_H200_nominal_t0p05,30,30,2,-1,satellite_id * 2 + stored_beam_id,"epoch,episode,user"
raw/no_cox_rst_N2000_K100_nominal_t0p05__seed_1.npz,no_cox_rst_N2000_K100_nominal_t0p05,no_cox_rst,1,training_seed_mean,2000,100,200,200,no_cox_rst_N2000_K100_H200_nominal_t0p05,30,30,2,-1,satellite_id * 2 + stored_beam_id,"epoch,episode,user"
raw/no_cox_rst_N2000_K100_nominal_t0p05__seed_2.npz,no_cox_rst_N2000_K100_nominal_t0p05,no_cox_rst,2,training_seed_mean,2000,100,200,200,no_cox_rst_N2000_K100_H200_nominal_t0p05,30,30,2,-1,satellite_id * 2 + stored_beam_id,"epoch,episode,user"
raw/no_cox_rst_N2000_K100_nominal_t0p05__seed_3.npz,no_cox_rst_N2000_K100_nominal_t0p05,no_cox_rst,3,training_seed_mean,2000,100,200,200,no_cox_rst_N2000_K100_H200_nominal_t0p05,30,30,2,-1,satellite_id * 2 + stored_beam_id,"epoch,episode,user"
raw/no_cox_rst_N2000_K100_nominal_t0p05__seed_4.npz,no_cox_rst_N2000_K100_nominal_t0p05,no_cox_rst,4,training_seed_mean,2000,100,200,200,no_cox_rst_N2000_K100_H200_nominal_t0p05,30,30,2,-1,satellite_id * 2 + stored_beam_id,"epoch,episode,user"
raw/no_cox_rst_N2000_K100_nominal_t0p05__seed_5.npz,no_cox_rst_N2000_K100_nominal_t0p05,no_cox_rst,5,training_seed_mean,2000,100,200,200,no_cox_rst_N2000_K100_H200_nominal_t0p05,30,30,2,-1,satellite_id * 2 + stored_beam_id,"epoch,episode,user"
raw/no_cox_rst_N500_K100_nominal_t0p05__seed_1.npz,no_cox_rst_N500_K100_nominal_t0p05,no_cox_rst,1,training_seed_mean,500,100,200,200,no_cox_rst_N500_K100_H200_nominal_t0p05,30,30,2,-1,satellite_id * 2 + stored_beam_id,"epoch,episode,user"
raw/no_cox_rst_N500_K100_nominal_t0p05__seed_2.npz,no_cox_rst_N500_K100_nominal_t0p05,no_cox_rst,2,training_seed_mean,500,100,200,200,no_cox_rst_N500_K100_H200_nominal_t0p05,30,30,2,-1,satellite_id * 2 + stored_beam_id,"epoch,episode,user"
raw/no_cox_rst_N500_K100_nominal_t0p05__seed_3.npz,no_cox_rst_N500_K100_nominal_t0p05,no_cox_rst,3,training_seed_mean,500,100,200,200,no_cox_rst_N500_K100_H200_nominal_t0p05,30,30,2,-1,satellite_id * 2 + stored_beam_id,"epoch,episode,user"
raw/no_cox_rst_N500_K100_nominal_t0p05__seed_4.npz,no_cox_rst_N500_K100_nominal_t0p05,no_cox_rst,4,training_seed_mean,500,100,200,200,no_cox_rst_N500_K100_H200_nominal_t0p05,30,30,2,-1,satellite_id * 2 + stored_beam_id,"epoch,episode,user"
raw/no_cox_rst_N500_K100_nominal_t0p05__seed_5.npz,no_cox_rst_N500_K100_nominal_t0p05,no_cox_rst,5,training_seed_mean,500,100,200,200,no_cox_rst_N500_K100_H200_nominal_t0p05,30,30,2,-1,satellite_id * 2 + stored_beam_id,"epoch,episode,user"
raw/no_cox_rst_N1000_K100_nominal_t0p05__seed_1.npz,no_cox_rst_N1000_K100_nominal_t0p05,no_cox_rst,1,training_seed_mean,1000,100,200,200,no_cox_rst_N1000_K100_H200_nominal_t0p05,30,30,2,-1,satellite_id * 2 + stored_beam_id,"epoch,episode,user"
raw/no_cox_rst_N1000_K100_nominal_t0p05__seed_2.npz,no_cox_rst_N1000_K100_nominal_t0p05,no_cox_rst,2,training_seed_mean,1000,100,200,200,no_cox_rst_N1000_K100_H200_nominal_t0p05,30,30,2,-1,satellite_id * 2 + stored_beam_id,"epoch,episode,user"
raw/no_cox_rst_N1000_K100_nominal_t0p05__seed_3.npz,no_cox_rst_N1000_K100_nominal_t0p05,no_cox_rst,3,training_seed_mean,1000,100,200,200,no_cox_rst_N1000_K100_H200_nominal_t0p05,30,30,2,-1,satellite_id * 2 + stored_beam_id,"epoch,episode,user"
raw/no_cox_rst_N1000_K100_nominal_t0p05__seed_4.npz,no_cox_rst_N1000_K100_nominal_t0p05,no_cox_rst,4,training_seed_mean,1000,100,200,200,no_cox_rst_N1000_K100_H200_nominal_t0p05,30,30,2,-1,satellite_id * 2 + stored_beam_id,"epoch,episode,user"
raw/no_cox_rst_N1000_K100_nominal_t0p05__seed_5.npz,no_cox_rst_N1000_K100_nominal_t0p05,no_cox_rst,5,training_seed_mean,1000,100,200,200,no_cox_rst_N1000_K100_H200_nominal_t0p05,30,30,2,-1,satellite_id * 2 + stored_beam_id,"epoch,episode,user"
raw/eph_physick_N2000_K100_nominal_t0p05__seed_1.npz,eph_physick_N2000_K100_nominal_t0p05,eph_physick,1,training_seed_mean,2000,100,200,200,eph_physick_N2000_K100_H200_nominal_t0p05,30,30,2,-1,satellite_id * 2 + stored_beam_id,"epoch,episode,user"
raw/eph_physick_N2000_K100_nominal_t0p05__seed_2.npz,eph_physick_N2000_K100_nominal_t0p05,eph_physick,2,training_seed_mean,2000,100,200,200,eph_physick_N2000_K100_H200_nominal_t0p05,30,30,2,-1,satellite_id * 2 + stored_beam_id,"epoch,episode,user"
raw/eph_physick_N2000_K100_nominal_t0p05__seed_3.npz,eph_physick_N2000_K100_nominal_t0p05,eph_physick,3,training_seed_mean,2000,100,200,200,eph_physick_N2000_K100_H200_nominal_t0p05,30,30,2,-1,satellite_id * 2 + stored_beam_id,"epoch,episode,user"
raw/eph_physick_N2000_K100_nominal_t0p05__seed_4.npz,eph_physick_N2000_K100_nominal_t0p05,eph_physick,4,training_seed_mean,2000,100,200,200,eph_physick_N2000_K100_H200_nominal_t0p05,30,30,2,-1,satellite_id * 2 + stored_beam_id,"epoch,episode,user"
raw/eph_physick_N2000_K100_nominal_t0p05__seed_5.npz,eph_physick_N2000_K100_nominal_t0p05,eph_physick,5,training_seed_mean,2000,100,200,200,eph_physick_N2000_K100_H200_nominal_t0p05,30,30,2,-1,satellite_id * 2 + stored_beam_id,"epoch,episode,user"
raw/eph_physick_N500_K100_nominal_t0p05__seed_1.npz,eph_physick_N500_K100_nominal_t0p05,eph_physick,1,training_seed_mean,500,100,200,200,eph_physick_N500_K100_H200_nominal_t0p05,30,30,2,-1,satellite_id * 2 + stored_beam_id,"epoch,episode,user"
raw/eph_physick_N500_K100_nominal_t0p05__seed_2.npz,eph_physick_N500_K100_nominal_t0p05,eph_physick,2,training_seed_mean,500,100,200,200,eph_physick_N500_K100_H200_nominal_t0p05,30,30,2,-1,satellite_id * 2 + stored_beam_id,"epoch,episode,user"
raw/eph_physick_N500_K100_nominal_t0p05__seed_3.npz,eph_physick_N500_K100_nominal_t0p05,eph_physick,3,training_seed_mean,500,100,200,200,eph_physick_N500_K100_H200_nominal_t0p05,30,30,2,-1,satellite_id * 2 + stored_beam_id,"epoch,episode,user"
raw/eph_physick_N500_K100_nominal_t0p05__seed_4.npz,eph_physick_N500_K100_nominal_t0p05,eph_physick,4,training_seed_mean,500,100,200,200,eph_physick_N500_K100_H200_nominal_t0p05,30,30,2,-1,satellite_id * 2 + stored_beam_id,"epoch,episode,user"
raw/eph_physick_N500_K100_nominal_t0p05__seed_5.npz,eph_physick_N500_K100_nominal_t0p05,eph_physick,5,training_seed_mean,500,100,200,200,eph_physick_N500_K100_H200_nominal_t0p05,30,30,2,-1,satellite_id * 2 + stored_beam_id,"epoch,episode,user"
raw/eph_physick_N1000_K100_nominal_t0p05__seed_1.npz,eph_physick_N1000_K100_nominal_t0p05,eph_physick,1,training_seed_mean,1000,100,200,200,eph_physick_N1000_K100_H200_nominal_t0p05,30,30,2,-1,satellite_id * 2 + stored_beam_id,"epoch,episode,user"
raw/eph_physick_N1000_K100_nominal_t0p05__seed_2.npz,eph_physick_N1000_K100_nominal_t0p05,eph_physick,2,training_seed_mean,1000,100,200,200,eph_physick_N1000_K100_H200_nominal_t0p05,30,30,2,-1,satellite_id * 2 + stored_beam_id,"epoch,episode,user"
raw/eph_physick_N1000_K100_nominal_t0p05__seed_3.npz,eph_physick_N1000_K100_nominal_t0p05,eph_physick,3,training_seed_mean,1000,100,200,200,eph_physick_N1000_K100_H200_nominal_t0p05,30,30,2,-1,satellite_id * 2 + stored_beam_id,"epoch,episode,user"
raw/eph_physick_N1000_K100_nominal_t0p05__seed_4.npz,eph_physick_N1000_K100_nominal_t0p05,eph_physick,4,training_seed_mean,1000,100,200,200,eph_physick_N1000_K100_H200_nominal_t0p05,30,30,2,-1,satellite_id * 2 + stored_beam_id,"epoch,episode,user"
raw/eph_physick_N1000_K100_nominal_t0p05__seed_5.npz,eph_physick_N1000_K100_nominal_t0p05,eph_physick,5,training_seed_mean,1000,100,200,200,eph_physick_N1000_K100_H200_nominal_t0p05,30,30,2,-1,satellite_id * 2 + stored_beam_id,"epoch,episode,user"
raw/full_N2000_K100_nominal_t0p1__seed_1.npz,full_N2000_K100_nominal_t0p1,full,1,training_seed_mean,2000,100,200,200,full_N2000_K100_H200_nominal_t0p1,30,30,2,-1,satellite_id * 2 + stored_beam_id,"epoch,episode,user"
raw/full_N2000_K100_nominal_t0p1__seed_2.npz,full_N2000_K100_nominal_t0p1,full,2,training_seed_mean,2000,100,200,200,full_N2000_K100_H200_nominal_t0p1,30,30,2,-1,satellite_id * 2 + stored_beam_id,"epoch,episode,user"
raw/full_N2000_K100_nominal_t0p1__seed_3.npz,full_N2000_K100_nominal_t0p1,full,3,training_seed_mean,2000,100,200,200,full_N2000_K100_H200_nominal_t0p1,30,30,2,-1,satellite_id * 2 + stored_beam_id,"epoch,episode,user"
raw/full_N2000_K100_nominal_t0p1__seed_4.npz,full_N2000_K100_nominal_t0p1,full,4,training_seed_mean,2000,100,200,200,full_N2000_K100_H200_nominal_t0p1,30,30,2,-1,satellite_id * 2 + stored_beam_id,"epoch,episode,user"
raw/full_N2000_K100_nominal_t0p1__seed_5.npz,full_N2000_K100_nominal_t0p1,full,5,training_seed_mean,2000,100,200,200,full_N2000_K100_H200_nominal_t0p1,30,30,2,-1,satellite_id * 2 + stored_beam_id,"epoch,episode,user"
raw/full_N2000_K100_nominal_t0p2__seed_1.npz,full_N2000_K100_nominal_t0p2,full,1,training_seed_mean,2000,100,200,200,full_N2000_K100_H200_nominal_t0p2,30,30,2,-1,satellite_id * 2 + stored_beam_id,"epoch,episode,user"
raw/full_N2000_K100_nominal_t0p2__seed_2.npz,full_N2000_K100_nominal_t0p2,full,2,training_seed_mean,2000,100,200,200,full_N2000_K100_H200_nominal_t0p2,30,30,2,-1,satellite_id * 2 + stored_beam_id,"epoch,episode,user"
raw/full_N2000_K100_nominal_t0p2__seed_3.npz,full_N2000_K100_nominal_t0p2,full,3,training_seed_mean,2000,100,200,200,full_N2000_K100_H200_nominal_t0p2,30,30,2,-1,satellite_id * 2 + stored_beam_id,"epoch,episode,user"
raw/full_N2000_K100_nominal_t0p2__seed_4.npz,full_N2000_K100_nominal_t0p2,full,4,training_seed_mean,2000,100,200,200,full_N2000_K100_H200_nominal_t0p2,30,30,2,-1,satellite_id * 2 + stored_beam_id,"epoch,episode,user"
raw/full_N2000_K100_nominal_t0p2__seed_5.npz,full_N2000_K100_nominal_t0p2,full,5,training_seed_mean,2000,100,200,200,full_N2000_K100_H200_nominal_t0p2,30,30,2,-1,satellite_id * 2 + stored_beam_id,"epoch,episode,user"
raw/full_N2000_K100_nominal_t0p3__seed_1.npz,full_N2000_K100_nominal_t0p3,full,1,training_seed_mean,2000,100,200,200,full_N2000_K100_H200_nominal_t0p3,30,30,2,-1,satellite_id * 2 + stored_beam_id,"epoch,episode,user"
raw/full_N2000_K100_nominal_t0p3__seed_2.npz,full_N2000_K100_nominal_t0p3,full,2,training_seed_mean,2000,100,200,200,full_N2000_K100_H200_nominal_t0p3,30,30,2,-1,satellite_id * 2 + stored_beam_id,"epoch,episode,user"
raw/full_N2000_K100_nominal_t0p3__seed_3.npz,full_N2000_K100_nominal_t0p3,full,3,training_seed_mean,2000,100,200,200,full_N2000_K100_H200_nominal_t0p3,30,30,2,-1,satellite_id * 2 + stored_beam_id,"epoch,episode,user"
raw/full_N2000_K100_nominal_t0p3__seed_4.npz,full_N2000_K100_nominal_t0p3,full,4,training_seed_mean,2000,100,200,200,full_N2000_K100_H200_nominal_t0p3,30,30,2,-1,satellite_id * 2 + stored_beam_id,"epoch,episode,user"
raw/full_N2000_K100_nominal_t0p3__seed_5.npz,full_N2000_K100_nominal_t0p3,full,5,training_seed_mean,2000,100,200,200,full_N2000_K100_H200_nominal_t0p3,30,30,2,-1,satellite_id * 2 + stored_beam_id,"epoch,episode,user"
raw/cox_only_N2000_K100_nominal_t0p1__rule.npz,cox_only_N2000_K100_nominal_t0p1,cox_only,,episode,2000,100,200,200,cox_only_N2000_K100_H200_nominal_t0p1,30,30,2,-1,satellite_id * 2 + stored_beam_id,"epoch,episode,user"
raw/cox_only_N2000_K100_nominal_t0p2__rule.npz,cox_only_N2000_K100_nominal_t0p2,cox_only,,episode,2000,100,200,200,cox_only_N2000_K100_H200_nominal_t0p2,30,30,2,-1,satellite_id * 2 + stored_beam_id,"epoch,episode,user"
raw/cox_only_N2000_K100_nominal_t0p3__rule.npz,cox_only_N2000_K100_nominal_t0p3,cox_only,,episode,2000,100,200,200,cox_only_N2000_K100_H200_nominal_t0p3,30,30,2,-1,satellite_id * 2 + stored_beam_id,"epoch,episode,user"
raw/greedy_analytic_N2000_K100_nominal_t0p1__rule.npz,greedy_analytic_N2000_K100_nominal_t0p1,greedy_analytic,,episode,2000,100,200,200,greedy_analytic_N2000_K100_H200_nominal_t0p1,30,30,2,-1,satellite_id * 2 + stored_beam_id,"epoch,episode,user"
raw/greedy_analytic_N2000_K100_nominal_t0p2__rule.npz,greedy_analytic_N2000_K100_nominal_t0p2,greedy_analytic,,episode,2000,100,200,200,greedy_analytic_N2000_K100_H200_nominal_t0p2,30,30,2,-1,satellite_id * 2 + stored_beam_id,"epoch,episode,user"
raw/greedy_analytic_N2000_K100_nominal_t0p3__rule.npz,greedy_analytic_N2000_K100_nominal_t0p3,greedy_analytic,,episode,2000,100,200,200,greedy_analytic_N2000_K100_H200_nominal_t0p3,30,30,2,-1,satellite_id * 2 + stored_beam_id,"epoch,episode,user"
raw/full_N2000_K100_w_out_0p5_t0p05__seed_1.npz,full_N2000_K100_w_out_0p5_t0p05,full,1,training_seed_mean,2000,100,200,200,full_N2000_K100_H200_w_out_0p5_t0p05,30,30,2,-1,satellite_id * 2 + stored_beam_id,"epoch,episode,user"
raw/full_N2000_K100_w_out_0p5_t0p05__seed_2.npz,full_N2000_K100_w_out_0p5_t0p05,full,2,training_seed_mean,2000,100,200,200,full_N2000_K100_H200_w_out_0p5_t0p05,30,30,2,-1,satellite_id * 2 + stored_beam_id,"epoch,episode,user"
raw/full_N2000_K100_w_out_0p5_t0p05__seed_3.npz,full_N2000_K100_w_out_0p5_t0p05,full,3,training_seed_mean,2000,100,200,200,full_N2000_K100_H200_w_out_0p5_t0p05,30,30,2,-1,satellite_id * 2 + stored_beam_id,"epoch,episode,user"
raw/full_N2000_K100_w_out_0p5_t0p05__seed_4.npz,full_N2000_K100_w_out_0p5_t0p05,full,4,training_seed_mean,2000,100,200,200,full_N2000_K100_H200_w_out_0p5_t0p05,30,30,2,-1,satellite_id * 2 + stored_beam_id,"epoch,episode,user"
raw/full_N2000_K100_w_out_0p5_t0p05__seed_5.npz,full_N2000_K100_w_out_0p5_t0p05,full,5,training_seed_mean,2000,100,200,200,full_N2000_K100_H200_w_out_0p5_t0p05,30,30,2,-1,satellite_id * 2 + stored_beam_id,"epoch,episode,user"
raw/full_N2000_K100_w_out_0p75_t0p05__seed_1.npz,full_N2000_K100_w_out_0p75_t0p05,full,1,training_seed_mean,2000,100,200,200,full_N2000_K100_H200_w_out_0p75_t0p05,30,30,2,-1,satellite_id * 2 + stored_beam_id,"epoch,episode,user"
raw/full_N2000_K100_w_out_0p75_t0p05__seed_2.npz,full_N2000_K100_w_out_0p75_t0p05,full,2,training_seed_mean,2000,100,200,200,full_N2000_K100_H200_w_out_0p75_t0p05,30,30,2,-1,satellite_id * 2 + stored_beam_id,"epoch,episode,user"
raw/full_N2000_K100_w_out_0p75_t0p05__seed_3.npz,full_N2000_K100_w_out_0p75_t0p05,full,3,training_seed_mean,2000,100,200,200,full_N2000_K100_H200_w_out_0p75_t0p05,30,30,2,-1,satellite_id * 2 + stored_beam_id,"epoch,episode,user"
raw/full_N2000_K100_w_out_0p75_t0p05__seed_4.npz,full_N2000_K100_w_out_0p75_t0p05,full,4,training_seed_mean,2000,100,200,200,full_N2000_K100_H200_w_out_0p75_t0p05,30,30,2,-1,satellite_id * 2 + stored_beam_id,"epoch,episode,user"
raw/full_N2000_K100_w_out_0p75_t0p05__seed_5.npz,full_N2000_K100_w_out_0p75_t0p05,full,5,training_seed_mean,2000,100,200,200,full_N2000_K100_H200_w_out_0p75_t0p05,30,30,2,-1,satellite_id * 2 + stored_beam_id,"epoch,episode,user"
raw/full_N2000_K100_w_out_1p25_t0p05__seed_1.npz,full_N2000_K100_w_out_1p25_t0p05,full,1,training_seed_mean,2000,100,200,200,full_N2000_K100_H200_w_out_1p25_t0p05,30,30,2,-1,satellite_id * 2 + stored_beam_id,"epoch,episode,user"
raw/full_N2000_K100_w_out_1p25_t0p05__seed_2.npz,full_N2000_K100_w_out_1p25_t0p05,full,2,training_seed_mean,2000,100,200,200,full_N2000_K100_H200_w_out_1p25_t0p05,30,30,2,-1,satellite_id * 2 + stored_beam_id,"epoch,episode,user"
raw/full_N2000_K100_w_out_1p25_t0p05__seed_3.npz,full_N2000_K100_w_out_1p25_t0p05,full,3,training_seed_mean,2000,100,200,200,full_N2000_K100_H200_w_out_1p25_t0p05,30,30,2,-1,satellite_id * 2 + stored_beam_id,"epoch,episode,user"
raw/full_N2000_K100_w_out_1p25_t0p05__seed_4.npz,full_N2000_K100_w_out_1p25_t0p05,full,4,training_seed_mean,2000,100,200,200,full_N2000_K100_H200_w_out_1p25_t0p05,30,30,2,-1,satellite_id * 2 + stored_beam_id,"epoch,episode,user"
raw/full_N2000_K100_w_out_1p25_t0p05__seed_5.npz,full_N2000_K100_w_out_1p25_t0p05,full,5,training_seed_mean,2000,100,200,200,full_N2000_K100_H200_w_out_1p25_t0p05,30,30,2,-1,satellite_id * 2 + stored_beam_id,"epoch,episode,user"
raw/full_N2000_K100_w_out_1p5_t0p05__seed_1.npz,full_N2000_K100_w_out_1p5_t0p05,full,1,training_seed_mean,2000,100,200,200,full_N2000_K100_H200_w_out_1p5_t0p05,30,30,2,-1,satellite_id * 2 + stored_beam_id,"epoch,episode,user"
raw/full_N2000_K100_w_out_1p5_t0p05__seed_2.npz,full_N2000_K100_w_out_1p5_t0p05,full,2,training_seed_mean,2000,100,200,200,full_N2000_K100_H200_w_out_1p5_t0p05,30,30,2,-1,satellite_id * 2 + stored_beam_id,"epoch,episode,user"
raw/full_N2000_K100_w_out_1p5_t0p05__seed_3.npz,full_N2000_K100_w_out_1p5_t0p05,full,3,training_seed_mean,2000,100,200,200,full_N2000_K100_H200_w_out_1p5_t0p05,30,30,2,-1,satellite_id * 2 + stored_beam_id,"epoch,episode,user"
raw/full_N2000_K100_w_out_1p5_t0p05__seed_4.npz,full_N2000_K100_w_out_1p5_t0p05,full,4,training_seed_mean,2000,100,200,200,full_N2000_K100_H200_w_out_1p5_t0p05,30,30,2,-1,satellite_id * 2 + stored_beam_id,"epoch,episode,user"
raw/full_N2000_K100_w_out_1p5_t0p05__seed_5.npz,full_N2000_K100_w_out_1p5_t0p05,full,5,training_seed_mean,2000,100,200,200,full_N2000_K100_H200_w_out_1p5_t0p05,30,30,2,-1,satellite_id * 2 + stored_beam_id,"epoch,episode,user"
raw/full_N2000_K100_w_ho_0p5_t0p05__seed_1.npz,full_N2000_K100_w_ho_0p5_t0p05,full,1,training_seed_mean,2000,100,200,200,full_N2000_K100_H200_w_ho_0p5_t0p05,30,30,2,-1,satellite_id * 2 + stored_beam_id,"epoch,episode,user"
raw/full_N2000_K100_w_ho_0p5_t0p05__seed_2.npz,full_N2000_K100_w_ho_0p5_t0p05,full,2,training_seed_mean,2000,100,200,200,full_N2000_K100_H200_w_ho_0p5_t0p05,30,30,2,-1,satellite_id * 2 + stored_beam_id,"epoch,episode,user"
raw/full_N2000_K100_w_ho_0p5_t0p05__seed_3.npz,full_N2000_K100_w_ho_0p5_t0p05,full,3,training_seed_mean,2000,100,200,200,full_N2000_K100_H200_w_ho_0p5_t0p05,30,30,2,-1,satellite_id * 2 + stored_beam_id,"epoch,episode,user"
raw/full_N2000_K100_w_ho_0p5_t0p05__seed_4.npz,full_N2000_K100_w_ho_0p5_t0p05,full,4,training_seed_mean,2000,100,200,200,full_N2000_K100_H200_w_ho_0p5_t0p05,30,30,2,-1,satellite_id * 2 + stored_beam_id,"epoch,episode,user"
raw/full_N2000_K100_w_ho_0p5_t0p05__seed_5.npz,full_N2000_K100_w_ho_0p5_t0p05,full,5,training_seed_mean,2000,100,200,200,full_N2000_K100_H200_w_ho_0p5_t0p05,30,30,2,-1,satellite_id * 2 + stored_beam_id,"epoch,episode,user"
raw/full_N2000_K100_w_ho_0p75_t0p05__seed_1.npz,full_N2000_K100_w_ho_0p75_t0p05,full,1,training_seed_mean,2000,100,200,200,full_N2000_K100_H200_w_ho_0p75_t0p05,30,30,2,-1,satellite_id * 2 + stored_beam_id,"epoch,episode,user"
raw/full_N2000_K100_w_ho_0p75_t0p05__seed_2.npz,full_N2000_K100_w_ho_0p75_t0p05,full,2,training_seed_mean,2000,100,200,200,full_N2000_K100_H200_w_ho_0p75_t0p05,30,30,2,-1,satellite_id * 2 + stored_beam_id,"epoch,episode,user"
raw/full_N2000_K100_w_ho_0p75_t0p05__seed_3.npz,full_N2000_K100_w_ho_0p75_t0p05,full,3,training_seed_mean,2000,100,200,200,full_N2000_K100_H200_w_ho_0p75_t0p05,30,30,2,-1,satellite_id * 2 + stored_beam_id,"epoch,episode,user"
raw/full_N2000_K100_w_ho_0p75_t0p05__seed_4.npz,full_N2000_K100_w_ho_0p75_t0p05,full,4,training_seed_mean,2000,100,200,200,full_N2000_K100_H200_w_ho_0p75_t0p05,30,30,2,-1,satellite_id * 2 + stored_beam_id,"epoch,episode,user"
raw/full_N2000_K100_w_ho_0p75_t0p05__seed_5.npz,full_N2000_K100_w_ho_0p75_t0p05,full,5,training_seed_mean,2000,100,200,200,full_N2000_K100_H200_w_ho_0p75_t0p05,30,30,2,-1,satellite_id * 2 + stored_beam_id,"epoch,episode,user"
raw/full_N2000_K100_w_ho_1p25_t0p05__seed_1.npz,full_N2000_K100_w_ho_1p25_t0p05,full,1,training_seed_mean,2000,100,200,200,full_N2000_K100_H200_w_ho_1p25_t0p05,30,30,2,-1,satellite_id * 2 + stored_beam_id,"epoch,episode,user"
raw/full_N2000_K100_w_ho_1p25_t0p05__seed_2.npz,full_N2000_K100_w_ho_1p25_t0p05,full,2,training_seed_mean,2000,100,200,200,full_N2000_K100_H200_w_ho_1p25_t0p05,30,30,2,-1,satellite_id * 2 + stored_beam_id,"epoch,episode,user"
raw/full_N2000_K100_w_ho_1p25_t0p05__seed_3.npz,full_N2000_K100_w_ho_1p25_t0p05,full,3,training_seed_mean,2000,100,200,200,full_N2000_K100_H200_w_ho_1p25_t0p05,30,30,2,-1,satellite_id * 2 + stored_beam_id,"epoch,episode,user"
raw/full_N2000_K100_w_ho_1p25_t0p05__seed_4.npz,full_N2000_K100_w_ho_1p25_t0p05,full,4,training_seed_mean,2000,100,200,200,full_N2000_K100_H200_w_ho_1p25_t0p05,30,30,2,-1,satellite_id * 2 + stored_beam_id,"epoch,episode,user"
raw/full_N2000_K100_w_ho_1p25_t0p05__seed_5.npz,full_N2000_K100_w_ho_1p25_t0p05,full,5,training_seed_mean,2000,100,200,200,full_N2000_K100_H200_w_ho_1p25_t0p05,30,30,2,-1,satellite_id * 2 + stored_beam_id,"epoch,episode,user"
raw/full_N2000_K100_w_ho_1p5_t0p05__seed_1.npz,full_N2000_K100_w_ho_1p5_t0p05,full,1,training_seed_mean,2000,100,200,200,full_N2000_K100_H200_w_ho_1p5_t0p05,30,30,2,-1,satellite_id * 2 + stored_beam_id,"epoch,episode,user"
raw/full_N2000_K100_w_ho_1p5_t0p05__seed_2.npz,full_N2000_K100_w_ho_1p5_t0p05,full,2,training_seed_mean,2000,100,200,200,full_N2000_K100_H200_w_ho_1p5_t0p05,30,30,2,-1,satellite_id * 2 + stored_beam_id,"epoch,episode,user"
raw/full_N2000_K100_w_ho_1p5_t0p05__seed_3.npz,full_N2000_K100_w_ho_1p5_t0p05,full,3,training_seed_mean,2000,100,200,200,full_N2000_K100_H200_w_ho_1p5_t0p05,30,30,2,-1,satellite_id * 2 + stored_beam_id,"epoch,episode,user"
raw/full_N2000_K100_w_ho_1p5_t0p05__seed_4.npz,full_N2000_K100_w_ho_1p5_t0p05,full,4,training_seed_mean,2000,100,200,200,full_N2000_K100_H200_w_ho_1p5_t0p05,30,30,2,-1,satellite_id * 2 + stored_beam_id,"epoch,episode,user"
raw/full_N2000_K100_w_ho_1p5_t0p05__seed_5.npz,full_N2000_K100_w_ho_1p5_t0p05,full,5,training_seed_mean,2000,100,200,200,full_N2000_K100_H200_w_ho_1p5_t0p05,30,30,2,-1,satellite_id * 2 + stored_beam_id,"epoch,episode,user"
raw/full_N2000_K100_w_load_0p5_t0p05__seed_1.npz,full_N2000_K100_w_load_0p5_t0p05,full,1,training_seed_mean,2000,100,200,200,full_N2000_K100_H200_w_load_0p5_t0p05,30,30,2,-1,satellite_id * 2 + stored_beam_id,"epoch,episode,user"
raw/full_N2000_K100_w_load_0p5_t0p05__seed_2.npz,full_N2000_K100_w_load_0p5_t0p05,full,2,training_seed_mean,2000,100,200,200,full_N2000_K100_H200_w_load_0p5_t0p05,30,30,2,-1,satellite_id * 2 + stored_beam_id,"epoch,episode,user"
raw/full_N2000_K100_w_load_0p5_t0p05__seed_3.npz,full_N2000_K100_w_load_0p5_t0p05,full,3,training_seed_mean,2000,100,200,200,full_N2000_K100_H200_w_load_0p5_t0p05,30,30,2,-1,satellite_id * 2 + stored_beam_id,"epoch,episode,user"
raw/full_N2000_K100_w_load_0p5_t0p05__seed_4.npz,full_N2000_K100_w_load_0p5_t0p05,full,4,training_seed_mean,2000,100,200,200,full_N2000_K100_H200_w_load_0p5_t0p05,30,30,2,-1,satellite_id * 2 + stored_beam_id,"epoch,episode,user"
raw/full_N2000_K100_w_load_0p5_t0p05__seed_5.npz,full_N2000_K100_w_load_0p5_t0p05,full,5,training_seed_mean,2000,100,200,200,full_N2000_K100_H200_w_load_0p5_t0p05,30,30,2,-1,satellite_id * 2 + stored_beam_id,"epoch,episode,user"
raw/full_N2000_K100_w_load_0p75_t0p05__seed_1.npz,full_N2000_K100_w_load_0p75_t0p05,full,1,training_seed_mean,2000,100,200,200,full_N2000_K100_H200_w_load_0p75_t0p05,30,30,2,-1,satellite_id * 2 + stored_beam_id,"epoch,episode,user"
raw/full_N2000_K100_w_load_0p75_t0p05__seed_2.npz,full_N2000_K100_w_load_0p75_t0p05,full,2,training_seed_mean,2000,100,200,200,full_N2000_K100_H200_w_load_0p75_t0p05,30,30,2,-1,satellite_id * 2 + stored_beam_id,"epoch,episode,user"
raw/full_N2000_K100_w_load_0p75_t0p05__seed_3.npz,full_N2000_K100_w_load_0p75_t0p05,full,3,training_seed_mean,2000,100,200,200,full_N2000_K100_H200_w_load_0p75_t0p05,30,30,2,-1,satellite_id * 2 + stored_beam_id,"epoch,episode,user"
raw/full_N2000_K100_w_load_0p75_t0p05__seed_4.npz,full_N2000_K100_w_load_0p75_t0p05,full,4,training_seed_mean,2000,100,200,200,full_N2000_K100_H200_w_load_0p75_t0p05,30,30,2,-1,satellite_id * 2 + stored_beam_id,"epoch,episode,user"
raw/full_N2000_K100_w_load_0p75_t0p05__seed_5.npz,full_N2000_K100_w_load_0p75_t0p05,full,5,training_seed_mean,2000,100,200,200,full_N2000_K100_H200_w_load_0p75_t0p05,30,30,2,-1,satellite_id * 2 + stored_beam_id,"epoch,episode,user"
raw/full_N2000_K100_w_load_1p25_t0p05__seed_1.npz,full_N2000_K100_w_load_1p25_t0p05,full,1,training_seed_mean,2000,100,200,200,full_N2000_K100_H200_w_load_1p25_t0p05,30,30,2,-1,satellite_id * 2 + stored_beam_id,"epoch,episode,user"
raw/full_N2000_K100_w_load_1p25_t0p05__seed_2.npz,full_N2000_K100_w_load_1p25_t0p05,full,2,training_seed_mean,2000,100,200,200,full_N2000_K100_H200_w_load_1p25_t0p05,30,30,2,-1,satellite_id * 2 + stored_beam_id,"epoch,episode,user"
raw/full_N2000_K100_w_load_1p25_t0p05__seed_3.npz,full_N2000_K100_w_load_1p25_t0p05,full,3,training_seed_mean,2000,100,200,200,full_N2000_K100_H200_w_load_1p25_t0p05,30,30,2,-1,satellite_id * 2 + stored_beam_id,"epoch,episode,user"
raw/full_N2000_K100_w_load_1p25_t0p05__seed_4.npz,full_N2000_K100_w_load_1p25_t0p05,full,4,training_seed_mean,2000,100,200,200,full_N2000_K100_H200_w_load_1p25_t0p05,30,30,2,-1,satellite_id * 2 + stored_beam_id,"epoch,episode,user"
raw/full_N2000_K100_w_load_1p25_t0p05__seed_5.npz,full_N2000_K100_w_load_1p25_t0p05,full,5,training_seed_mean,2000,100,200,200,full_N2000_K100_H200_w_load_1p25_t0p05,30,30,2,-1,satellite_id * 2 + stored_beam_id,"epoch,episode,user"
raw/full_N2000_K100_w_load_1p5_t0p05__seed_1.npz,full_N2000_K100_w_load_1p5_t0p05,full,1,training_seed_mean,2000,100,200,200,full_N2000_K100_H200_w_load_1p5_t0p05,30,30,2,-1,satellite_id * 2 + stored_beam_id,"epoch,episode,user"
raw/full_N2000_K100_w_load_1p5_t0p05__seed_2.npz,full_N2000_K100_w_load_1p5_t0p05,full,2,training_seed_mean,2000,100,200,200,full_N2000_K100_H200_w_load_1p5_t0p05,30,30,2,-1,satellite_id * 2 + stored_beam_id,"epoch,episode,user"
raw/full_N2000_K100_w_load_1p5_t0p05__seed_3.npz,full_N2000_K100_w_load_1p5_t0p05,full,3,training_seed_mean,2000,100,200,200,full_N2000_K100_H200_w_load_1p5_t0p05,30,30,2,-1,satellite_id * 2 + stored_beam_id,"epoch,episode,user"
raw/full_N2000_K100_w_load_1p5_t0p05__seed_4.npz,full_N2000_K100_w_load_1p5_t0p05,full,4,training_seed_mean,2000,100,200,200,full_N2000_K100_H200_w_load_1p5_t0p05,30,30,2,-1,satellite_id * 2 + stored_beam_id,"epoch,episode,user"
raw/full_N2000_K100_w_load_1p5_t0p05__seed_5.npz,full_N2000_K100_w_load_1p5_t0p05,full,5,training_seed_mean,2000,100,200,200,full_N2000_K100_H200_w_load_1p5_t0p05,30,30,2,-1,satellite_id * 2 + stored_beam_id,"epoch,episode,user"
raw/full_N2000_K100_w_rate_0p5_t0p05__seed_1.npz,full_N2000_K100_w_rate_0p5_t0p05,full,1,training_seed_mean,2000,100,200,200,full_N2000_K100_H200_w_rate_0p5_t0p05,30,30,2,-1,satellite_id * 2 + stored_beam_id,"epoch,episode,user"
raw/full_N2000_K100_w_rate_0p5_t0p05__seed_2.npz,full_N2000_K100_w_rate_0p5_t0p05,full,2,training_seed_mean,2000,100,200,200,full_N2000_K100_H200_w_rate_0p5_t0p05,30,30,2,-1,satellite_id * 2 + stored_beam_id,"epoch,episode,user"
raw/full_N2000_K100_w_rate_0p5_t0p05__seed_3.npz,full_N2000_K100_w_rate_0p5_t0p05,full,3,training_seed_mean,2000,100,200,200,full_N2000_K100_H200_w_rate_0p5_t0p05,30,30,2,-1,satellite_id * 2 + stored_beam_id,"epoch,episode,user"
raw/full_N2000_K100_w_rate_0p5_t0p05__seed_4.npz,full_N2000_K100_w_rate_0p5_t0p05,full,4,training_seed_mean,2000,100,200,200,full_N2000_K100_H200_w_rate_0p5_t0p05,30,30,2,-1,satellite_id * 2 + stored_beam_id,"epoch,episode,user"
raw/full_N2000_K100_w_rate_0p5_t0p05__seed_5.npz,full_N2000_K100_w_rate_0p5_t0p05,full,5,training_seed_mean,2000,100,200,200,full_N2000_K100_H200_w_rate_0p5_t0p05,30,30,2,-1,satellite_id * 2 + stored_beam_id,"epoch,episode,user"
raw/full_N2000_K100_w_rate_0p75_t0p05__seed_1.npz,full_N2000_K100_w_rate_0p75_t0p05,full,1,training_seed_mean,2000,100,200,200,full_N2000_K100_H200_w_rate_0p75_t0p05,30,30,2,-1,satellite_id * 2 + stored_beam_id,"epoch,episode,user"
raw/full_N2000_K100_w_rate_0p75_t0p05__seed_2.npz,full_N2000_K100_w_rate_0p75_t0p05,full,2,training_seed_mean,2000,100,200,200,full_N2000_K100_H200_w_rate_0p75_t0p05,30,30,2,-1,satellite_id * 2 + stored_beam_id,"epoch,episode,user"
raw/full_N2000_K100_w_rate_0p75_t0p05__seed_3.npz,full_N2000_K100_w_rate_0p75_t0p05,full,3,training_seed_mean,2000,100,200,200,full_N2000_K100_H200_w_rate_0p75_t0p05,30,30,2,-1,satellite_id * 2 + stored_beam_id,"epoch,episode,user"
raw/full_N2000_K100_w_rate_0p75_t0p05__seed_4.npz,full_N2000_K100_w_rate_0p75_t0p05,full,4,training_seed_mean,2000,100,200,200,full_N2000_K100_H200_w_rate_0p75_t0p05,30,30,2,-1,satellite_id * 2 + stored_beam_id,"epoch,episode,user"
raw/full_N2000_K100_w_rate_0p75_t0p05__seed_5.npz,full_N2000_K100_w_rate_0p75_t0p05,full,5,training_seed_mean,2000,100,200,200,full_N2000_K100_H200_w_rate_0p75_t0p05,30,30,2,-1,satellite_id * 2 + stored_beam_id,"epoch,episode,user"
raw/full_N2000_K100_w_rate_1p25_t0p05__seed_1.npz,full_N2000_K100_w_rate_1p25_t0p05,full,1,training_seed_mean,2000,100,200,200,full_N2000_K100_H200_w_rate_1p25_t0p05,30,30,2,-1,satellite_id * 2 + stored_beam_id,"epoch,episode,user"
raw/full_N2000_K100_w_rate_1p25_t0p05__seed_2.npz,full_N2000_K100_w_rate_1p25_t0p05,full,2,training_seed_mean,2000,100,200,200,full_N2000_K100_H200_w_rate_1p25_t0p05,30,30,2,-1,satellite_id * 2 + stored_beam_id,"epoch,episode,user"
raw/full_N2000_K100_w_rate_1p25_t0p05__seed_3.npz,full_N2000_K100_w_rate_1p25_t0p05,full,3,training_seed_mean,2000,100,200,200,full_N2000_K100_H200_w_rate_1p25_t0p05,30,30,2,-1,satellite_id * 2 + stored_beam_id,"epoch,episode,user"
raw/full_N2000_K100_w_rate_1p25_t0p05__seed_4.npz,full_N2000_K100_w_rate_1p25_t0p05,full,4,training_seed_mean,2000,100,200,200,full_N2000_K100_H200_w_rate_1p25_t0p05,30,30,2,-1,satellite_id * 2 + stored_beam_id,"epoch,episode,user"
raw/full_N2000_K100_w_rate_1p25_t0p05__seed_5.npz,full_N2000_K100_w_rate_1p25_t0p05,full,5,training_seed_mean,2000,100,200,200,full_N2000_K100_H200_w_rate_1p25_t0p05,30,30,2,-1,satellite_id * 2 + stored_beam_id,"epoch,episode,user"
raw/full_N2000_K100_w_rate_1p5_t0p05__seed_1.npz,full_N2000_K100_w_rate_1p5_t0p05,full,1,training_seed_mean,2000,100,200,200,full_N2000_K100_H200_w_rate_1p5_t0p05,30,30,2,-1,satellite_id * 2 + stored_beam_id,"epoch,episode,user"
raw/full_N2000_K100_w_rate_1p5_t0p05__seed_2.npz,full_N2000_K100_w_rate_1p5_t0p05,full,2,training_seed_mean,2000,100,200,200,full_N2000_K100_H200_w_rate_1p5_t0p05,30,30,2,-1,satellite_id * 2 + stored_beam_id,"epoch,episode,user"
raw/full_N2000_K100_w_rate_1p5_t0p05__seed_3.npz,full_N2000_K100_w_rate_1p5_t0p05,full,3,training_seed_mean,2000,100,200,200,full_N2000_K100_H200_w_rate_1p5_t0p05,30,30,2,-1,satellite_id * 2 + stored_beam_id,"epoch,episode,user"
raw/full_N2000_K100_w_rate_1p5_t0p05__seed_4.npz,full_N2000_K100_w_rate_1p5_t0p05,full,4,training_seed_mean,2000,100,200,200,full_N2000_K100_H200_w_rate_1p5_t0p05,30,30,2,-1,satellite_id * 2 + stored_beam_id,"epoch,episode,user"
raw/full_N2000_K100_w_rate_1p5_t0p05__seed_5.npz,full_N2000_K100_w_rate_1p5_t0p05,full,5,training_seed_mean,2000,100,200,200,full_N2000_K100_H200_w_rate_1p5_t0p05,30,30,2,-1,satellite_id * 2 + stored_beam_id,"epoch,episode,user"
