case_id,aggregation_unit,outage_percent_mean,outage_percent_sample_sd,outage_percent_n_units,hof_percent_mean,hof_percent_sample_sd,hof_percent_n_units,pp_percent_mean,pp_percent_sample_sd,pp_percent_n_units,tp_Mbps_mean,tp_Mbps_sample_sd,tp_Mbps_n_units,served_p5tp_Mbps_mean,served_p5tp_Mbps_sample_sd,served_p5tp_Mbps_n_units,peak_normalized_mean,peak_normalized_sample_sd,peak_normalized_n_units,active_load_variance_mean,active_load_variance_sample_sd,active_load_variance_n_units,Cbar_mean,Cbar_sample_sd,Cbar_n_units,Lbar_mean,Lbar_sample_sd,Lbar_n_units,J_user_mean,J_user_sample_sd,J_user_n_units,J_network_mean,J_network_sample_sd,J_network_n_units,attempt_associated_outage_percent_mean,attempt_associated_outage_percent_sample_sd,attempt_associated_outage_percent_n_units,nonattempt_outage_percent_mean,nonattempt_outage_percent_sample_sd,nonattempt_outage_percent_n_units,attempt_percent_mean,attempt_percent_sample_sd,attempt_percent_n_units,executed_ho_per_user_min_mean,executed_ho_per_user_min_sample_sd,executed_ho_per_user_min_n_units,weighted_outage_mean,weighted_outage_sample_sd,weighted_outage_n_units,weighted_ho_mean,weighted_ho_sample_sd,weighted_ho_n_units,weighted_load_mean,weighted_load_sample_sd,weighted_load_n_units,weighted_negative_rate_mean,weighted_negative_rate_sample_sd,weighted_negative_rate_n_units
full_N500_K100_H50_nominal_t0p05,training_seed_mean,0.6426666666666667,0.05798850460795368,5,0.5431566912373821,0.028696676535282933,5,0.18972222222222218,0.012930473504931223,5,198.3674026666667,0.6574528975033309,5,65.663,0.0683983430598513,5,0.7476872196554738,0.004536876446992444,5,0.023356167289355995,6.080238982939229e-05,5,0.022596399999999996,0.000758785374427082,5,0.3756805333333334,6.10398776757717e-05,5,-0.5952590444444444,0.006006532688893663,5,-59.52590444444445,0.6006532688893582,5,0.04800000000000001,0.004000000000000004,5,0.5946666666666667,0.05400411506954295,5,8.869733333333333,0.300803590404104,5,5.29304,0.17808910129482883,5,0.03213333333333334,0.0028994252303976864,5,0.011298199999999998,0.000379392687213541,5,0.1878402666666667,3.051993883788585e-05,5,-0.8265308444444445,0.002739387072930582,5
full_N500_K100_H200_nominal_t0p05,training_seed_mean,0.6495000000000001,0.059020594334143674,5,0.6626159060802825,0.045738294538253524,5,0.1679124579124579,0.011381766308094668,5,198.2459233333333,0.6535152594739346,5,65.76966666666667,0.052604393563864635,5,0.8439031630657501,0.005366916485436409,5,0.0239341273811473,6.104664506840658e-05,5,0.0231145,0.0007777551117729081,5,0.3781470333333333,0.00038914584883652074,5,-0.5929189138888888,0.00592153429491713,5,-59.29189138888889,0.5921534294917027,5,0.06006666666666667,0.006022642461762289,5,0.5894333333333334,0.053000340669764646,5,9.0505,0.3070930007523955,5,5.394260000000001,0.18064313715167768,5,0.03247500000000001,0.002951029716707184,5,0.01155725,0.00038887755588645404,5,0.18907351666666666,0.00019457292441826037,5,-0.8260246805555556,0.0027229802478081155,5
full_N500_K100_H800_nominal_t0p05,training_seed_mean,0.6930166666666667,0.0651743561639767,5,0.6931801538790936,0.05678262046508898,5,0.16765246449456975,0.011746875456186079,5,198.23922608333334,0.6636848915000582,5,65.84666666666666,0.08692269873603664,5,0.9138219137818631,0.0074420621969334836,5,0.02399862164037032,2.228972180130619e-05,5,0.02330645,0.0007960910781358508,5,0.37798615,0.0003794127390620096,5,-0.5906996420138888,0.006233016345639076,5,-59.06996420138889,0.623301634563896,5,0.063425,0.007201972145029292,5,0.6295916666666667,0.05797480894511184,5,9.127941666666667,0.316110014582652,5,5.43871,0.1853504472951169,5,0.03465083333333334,0.0032587178081988338,5,0.011653225,0.0003980455390679254,5,0.188993075,0.0001897063695310048,5,-0.8259967753472222,0.0027653537145836244,5
full_N1000_K100_H50_nominal_t0p05,training_seed_mean,0.7010666666666666,0.09099035357907148,5,0.7062875328931406,0.10969039110801153,5,0.18291666666666667,0.018468828008963954,5,201.3189773333333,0.8620914203210089,5,66.38533333333334,0.046924880867662715,5,0.6258187977216144,0.0035760063384464007,5,0.014741829020109242,7.069269204157902e-05,5,0.023712666666666667,0.0010362096527462207,5,0.28764613333333333,0.0005323735948039265,5,-0.6480963388888888,0.0084102114949287,5,-64.80963388888888,0.8410211494928598,5,0.06546666666666667,0.01310979277741135,5,0.6355999999999999,0.07789251853961625,5,9.2568,0.414120057739567,5,5.5148,0.24061936746654478,5,0.03505333333333334,0.004549517678953569,5,0.011856333333333333,0.0005181048263731104,5,0.14382306666666667,0.00026618679740196327,5,-0.8388290722222222,0.0035920475846708978,5
full_N1000_K100_H200_nominal_t0p05,training_seed_mean,0.6669333333333334,0.08915752289565305,5,0.663089160158216,0.08508828503945409,5,0.18127946127946126,0.01550348756640786,5,201.3227073333333,0.8481796452686344,5,66.08,0.0836660026534079,5,0.7332468487531528,0.012129408360184425,5,0.014714441372116211,0.00010299310160147296,5,0.024328166666666665,0.0010480026571743264,5,0.2877151333333333,0.0008947415781479406,5,-0.6494762972222222,0.008069062868272291,5,-64.94762972222222,0.8069062868272325,5,0.06306666666666667,0.010955465404181707,5,0.6038666666666666,0.07821119911282955,5,9.4827,0.4169310727739595,5,5.6517800000000005,0.24359233772842667,5,0.03334666666666666,0.004457876144782647,5,0.012164083333333332,0.0005240013285871632,5,0.14385756666666666,0.0004473707890739703,5,-0.838844613888889,0.0035340818552859854,5
full_N1000_K100_H800_nominal_t0p05,training_seed_mean,0.6962499999999998,0.0917832544564154,5,0.6822213695489895,0.09013590360251031,5,0.17735171261487054,0.015667067399428497,5,201.30438933333335,0.8656453742071145,5,66.01,0.0662486897145022,5,0.8025235234479956,0.00713224112100421,5,0.014593905012904482,2.290112066712303e-05,5,0.024491000000000002,0.0010646082421254216,5,0.28681603333333333,0.0004510235883598066,5,-0.6483022722222221,0.008502251473674617,5,-64.83022722222222,0.850225147367462,5,0.06545833333333333,0.011617567815358096,5,0.6307916666666668,0.08017414855938428,5,9.550641666666667,0.4232927859518617,5,5.69111,0.24701762626885612,5,0.034812499999999996,0.0045891627228207745,5,0.012245500000000001,0.0005323041210627108,5,0.14340801666666667,0.0002255117941799033,5,-0.8387682888888888,0.0036068557258629266,5
full_N2000_K100_H50_nominal_t0p05,training_seed_mean,0.6108,0.08190699332508526,5,0.6791493047108886,0.05981608258978085,5,0.16583333333333333,0.016633357919524607,5,202.61491466666666,0.9304136922585645,5,58.241000000000085,0.4792421679647708,5,0.5228863624985683,0.0089223752255615,5,0.008789916463618026,8.55645016962143e-05,5,0.023059466666666664,0.0011507831536248124,5,0.2251734666666667,0.000836604964524285,5,-0.6895723444444445,0.00816052026722973,5,-68.95723444444444,0.8160520267229727,5,0.06160000000000001,0.008466929129790145,5,0.5492,0.07348832106759094,5,8.98,0.44851037396648397,5,5.351039999999999,0.2640535703223875,5,0.030540000000000005,0.004095349666254261,5,0.011529733333333332,0.0005753915768124062,5,0.11258673333333336,0.0004183024822621425,5,-0.8442288111111113,0.0038767237177440056,5
full_N2000_K100_H200_nominal_t0p05,training_seed_mean,0.6088666666666667,0.08880396637788449,5,0.6184877454354679,0.07845636503646437,5,0.1653872053872054,0.01601964862757693,5,202.60897699999998,0.9593783965871145,5,59.710333333333395,0.45140736714308055,5,0.595856094889833,0.002197038335148778,5,0.008771513911734308,2.5716411734939274e-05,5,0.023769566666666665,0.0011787450459422252,5,0.22484966666666667,0.0002710791704773201,5,-0.6894511208333334,0.008895854263065384,5,-68.94511208333333,0.8895854263065408,5,0.057533333333333325,0.010160107173537972,5,0.5513333333333332,0.07865368890127004,5,9.247900000000001,0.46329955812147744,5,5.514220000000001,0.271890183713939,5,0.030443333333333333,0.004440198318894227,5,0.011884783333333333,0.0005893725229711126,5,0.11242483333333333,0.00013553958523866006,5,-0.8442040708333332,0.00399740998577964,5
full_N2000_K100_H800_nominal_t0p05,training_seed_mean,0.6602166666666667,0.09754711023540251,5,0.6858169961185444,0.08911571415878361,5,0.16750208855472012,0.015441977590539483,5,202.56830516666668,0.9778714672213775,5,58.291333333333455,0.24398998157964963,5,0.6598305744031776,0.005110755819532619,5,0.00875551060341521,4.40215976168988e-06,5,0.023835124999999995,0.0011905350290444792,5,0.22465993333333337,0.00025894796942254293,5,-0.6867762423611111,0.009416267011199572,5,-68.67762423611111,0.9416267011199553,5,0.06404166666666668,0.011551552625320788,5,0.5961749999999999,0.08600191979446349,5,9.289083333333332,0.47161308128327006,5,5.535025,0.27604780892537406,5,0.033010833333333336,0.004877355511770129,5,0.011917562499999998,0.0005952675145222396,5,0.11232996666666668,0.00012947398471127147,5,-0.8440346048611111,0.004074464446755735,5
full_N2000_K200_H200_nominal_t0p05,training_seed_mean,0.8772666666666666,0.12916019338618048,5,0.8685028946543867,0.13287206903654578,5,0.1652861952861953,0.015111666641450718,5,198.327782,1.0241225437023096,5,54.561,0.012671051872499995,5,0.8469485984028176,0.001999254377795103,5,0.02135655045235979,6.779116354477064e-05,5,0.023664249999999998,0.0011506336916504364,5,0.3501717333333333,0.0008850301556381345,5,-0.5955844333333333,0.010859726513275839,5,-119.11688666666666,2.171945302655151,5,0.08065,0.016260616190319755,5,0.7966166666666666,0.11290337560153907,5,9.227233333333334,0.4593069862726769,5,5.48795,0.26582929908119635,5,0.043863333333333324,0.006458009669309026,5,0.011832124999999999,0.0005753168458252182,5,0.17508586666666665,0.00044251507781906726,5,-0.8263657583333336,0.004267177265426351,5
full_N2000_K300_H200_nominal_t0p05,training_seed_mean,1.2663444444444445,0.18746982226283576,5,1.29344108263635,0.189874229314363,5,0.16233445566778898,0.014965100061108615,5,194.4486625555556,1.127977760993374,5,57.53333333333334,0.03333333333333499,5,0.9533780359444766,0.002331777227401752,5,0.034392672540515166,6.339912096373555e-05,5,0.023487055555555556,0.0011116588427732886,5,0.47093401111111105,0.0015897955617268698,5,-0.4996750050925926,0.013832448801571274,5,-149.9025015277778,4.149734640471398,5,0.1197,0.023368643916978116,5,1.1466444444444446,0.16410469125335217,5,9.197222222222223,0.45282850601988145,5,5.446513333333334,0.25768435428726455,5,0.06331722222222222,0.009373491113141789,5,0.011743527777777778,0.0005558294213866443,5,0.23546700555555553,0.0007948977808634349,5,-0.8102027606481481,0.004699907337472367,5
full_N2000_K400_H200_nominal_t0p05,training_seed_mean,1.9303916666666665,0.2686173196384071,5,2.0481913365637006,0.27875502114089307,5,0.1572138047138047,0.013701308278878636,5,190.42835258333332,1.2643660296741304,5,57.959999999999994,0.04346134936801873,5,0.982720354197452,0.00015782562528269002,5,0.044294448273207845,4.9964123445263626e-05,5,0.023147599999999997,0.0010583532620334962,5,0.582259225,0.0027315173703672314,5,-0.3942284732638889,0.017862320996607544,5,-157.6913893055556,7.144928398642996,5,0.18798333333333334,0.034632013930594445,5,1.7424083333333336,0.23399727228645217,5,9.131716666666666,0.44368455640271925,5,5.36624,0.2454594025750494,5,0.09651958333333333,0.013430865981920363,5,0.011573799999999999,0.0005291766310167481,5,0.2911296125,0.0013657586851836157,5,-0.7934514690972222,0.005268191790308948,5
full_N2000_K500_H200_nominal_t0p05,training_seed_mean,3.05128,0.3836112706894832,5,3.4045423758214737,0.38110743206548686,5,0.15054545454545454,0.013237407030542051,5,185.6486898,1.446956510358953,5,57.909000000000006,0.032266253440877135,5,0.99189915718923,0.0010326492910580354,5,0.04710809759292435,7.034194101251369e-05,5,0.02251722666666666,0.0009813886806176474,5,0.67691732,0.004679957347894322,5,-0.2712549341666667,0.023359971521531502,5,-135.62746708333333,11.679985760765732,5,0.30806666666666666,0.048977642291605325,5,2.7432133333333333,0.3346360723067507,5,9.012453333333333,0.42900447200466396,5,5.222631999999999,0.22802903481793707,5,0.15256399999999998,0.019180563534474157,5,0.01125861333333333,0.0004906943403088237,5,0.33845866,0.002339978673947161,5,-0.7735362075000001,0.006028985459828973,5
mlp213_N500_K100_H50_nominal_t0p05,training_seed_mean,0.8265333333333335,0.14001539597883908,5,0.7119316927213508,0.14345441278718277,5,0.2533333333333333,0.026888544534066836,5,197.04508,1.1342035612416934,5,65.69033333333334,0.11189901201033475,5,0.7573372536018212,0.007353917924710802,5,0.024708182452133482,0.00014048992027244144,5,0.024532533333333332,0.0014001135985658047,5,0.3905902666666667,0.00022112369590095182,5,-0.5721331,0.012334355336888066,5,-57.21331,1.2334355336888125,5,0.06906666666666668,0.018520859111343144,5,0.7574666666666667,0.12157795852867417,5,9.66,0.5618886801572796,5,5.75456,0.32609355712739896,5,0.041326666666666664,0.007000769798941953,5,0.012266266666666666,0.0007000567992829023,5,0.19529513333333334,0.00011056184795047591,5,-0.8210211666666666,0.004725848171840444,5
mlp213_N500_K100_H200_nominal_t0p05,training_seed_mean,0.8276666666666666,0.13701545938729376,5,0.8386437384290973,0.14352488949509926,5,0.2316835016835017,0.025022351671831113,5,196.93450900000002,1.1046819607072078,5,65.68,0.09603240193925285,5,0.8575048185917638,0.0039698559304428985,5,0.025470441310131785,8.9360251862438e-05,5,0.025024800000000003,0.0013679685130798065,5,0.3934103333333333,0.0008394145694735203,5,-0.5699595541666667,0.011759744242034163,5,-56.99595541666666,1.1759744242034114,5,0.08303333333333332,0.019419491926069208,5,0.7446333333333334,0.11760440987574491,5,9.827166666666669,0.5526334554757906,5,5.84648,0.31994336530079864,5,0.041383333333333334,0.006850772969364679,5,0.012512400000000002,0.0006839842565399033,5,0.19670516666666665,0.00041970728473676017,5,-0.8205604541666667,0.004602841502946768,5
mlp213_N500_K100_H800_nominal_t0p05,training_seed_mean,0.8823833333333335,0.14672166168274017,5,0.8793297570159879,0.15489259580860348,5,0.22973266499582284,0.025286445183047415,5,196.91853041666664,1.1190538504383012,5,65.76033333333334,0.07979487591457086,5,0.9094219631198757,0.0018367308299542466,5,0.025429898134981303,5.956966702646003e-05,5,0.02523148333333334,0.0013673286835356915,5,0.39272156666666663,0.0009780495296585659,5,-0.5673981850694444,0.012192702899523448,5,-56.739818506944445,1.219270289952346,5,0.08780833333333334,0.020934205793920673,5,0.7945749999999998,0.1257904500603639,5,9.906941666666667,0.5518966591634995,5,5.89148,0.31859664271614635,5,0.04411916666666667,0.0073360830841370005,5,0.01261574166666667,0.0006836643417678457,5,0.19636078333333332,0.0004890247648292829,5,-0.820493876736111,0.004662724376826282,5
mlp213_N1000_K100_H50_nominal_t0p05,training_seed_mean,0.8653333333333333,0.046240915023626275,5,0.878571222498962,0.036425379896254245,5,0.24527777777777776,0.012012082394688704,5,200.29037333333332,0.42085853033476817,5,66.34533333333334,0.03313272970610808,5,0.6329361312216901,0.003234719020580898,5,0.015530376899478065,7.906608934095074e-05,5,0.025692399999999997,0.0005652043091759914,5,0.2949282666666667,0.0004669303064817247,5,-0.6309662222222222,0.004191280923593431,5,-63.09662222222222,0.419128092359344,5,0.08773333333333336,0.005589673017667893,5,0.7776,0.04084278802106118,5,10.039866666666665,0.22616631048854177,5,5.971279999999999,0.13244059800529476,5,0.04326666666666666,0.0023120457511813116,5,0.012846199999999999,0.0002826021545879957,5,0.14746413333333336,0.00023346515324086236,5,-0.8345432222222222,0.0017535772097283311,5
mlp213_N1000_K100_H200_nominal_t0p05,training_seed_mean,0.8319666666666666,0.05038055180325054,5,0.8254136102344155,0.054144240281148344,5,0.24340067340067337,0.012056975316726915,5,200.34452000000002,0.4287742498794773,5,66.01066666666667,0.03515047020390334,5,0.7014291750022208,0.006909929554884492,5,0.01522545107743381,2.6896092133217784e-05,5,0.026245166666666663,0.0005421816013928279,5,0.29302410000000007,0.00032406484261983805,5,-0.6335358666666666,0.004413969300696922,5,-63.35358666666667,0.4413969300696956,5,0.08460000000000002,0.007402702209328697,5,0.7473666666666668,0.04298956591753136,5,10.246366666666667,0.21819787146329217,5,6.097060000000001,0.12648841053630155,5,0.041598333333333334,0.0025190275901625257,5,0.013122583333333332,0.00027109080069641394,5,0.14651205000000003,0.00016203242130991902,5,-0.8347688333333334,0.0017865593744978237,5
mlp213_N1000_K100_H800_nominal_t0p05,training_seed_mean,0.8730583333333334,0.055539827113822916,5,0.8560761419702281,0.05529542735229818,5,0.23831244778613198,0.011415375992367645,5,200.27360525,0.43954738032789026,5,65.92666666666666,0.04346134936802009,5,0.77441929972606,0.005945488675524256,5,0.01521445783795956,3.84800355815052e-05,5,0.026399333333333337,0.0005516902366251358,5,0.293030875,0.00038270061573601863,5,-0.6311053343749999,0.00469347119394174,5,-63.110533437499996,0.46934711939417134,5,0.08838333333333334,0.0076531470469488735,5,0.784675,0.04788841014680782,5,10.313116666666668,0.22229174359573695,5,6.134840000000001,0.1287870779135082,5,0.04365291666666666,0.002776991355691143,5,0.013199666666666669,0.0002758451183125679,5,0.1465154375,0.00019135030786800931,5,-0.8344733552083333,0.0018314474180326932,5
mlp213_N2000_K100_H50_nominal_t0p05,training_seed_mean,0.8048,0.05967951444544804,5,0.8078058371440531,0.03326776501775957,5,0.22319444444444442,0.012232870992373357,5,201.20529466666667,0.4967575025972604,5,57.22266666666674,0.6672264316640154,5,0.5252546112330945,0.003984740497372898,5,0.009345744554357839,1.555472637329997e-05,5,0.02551386666666667,0.0006655190789484857,5,0.23053653333333335,0.0003669203364946184,5,-0.6700901944444445,0.005208487886707,5,-67.00901944444446,0.5208487886706894,5,0.08066666666666669,0.005312459150169744,5,0.7241333333333333,0.05442711742423171,5,9.948933333333333,0.2628474842946001,5,5.920959999999999,0.1545583643805809,5,0.040240000000000005,0.002983975722272399,5,0.012756933333333335,0.00033275953947424286,5,0.11526826666666667,0.0001834601682473092,5,-0.8383553944444444,0.002069822927488635,5
mlp213_N2000_K100_H200_nominal_t0p05,training_seed_mean,0.8156000000000001,0.06143702738034557,5,0.8280160306455008,0.06706545833248295,5,0.22905723905723904,0.00962441878273858,5,201.1687643333333,0.5045536115862537,5,59.61466666666671,0.57402501881202,5,0.6043232156573681,0.0016497387465801716,5,0.009285337817009215,1.558756115213706e-05,5,0.026228566666666665,0.0006265802533505926,5,0.23053046666666663,0.00024629824400508653,5,-0.6690436680555557,0.00537123237231641,5,-66.90436680555555,0.5371232372316498,5,0.08476666666666666,0.008910511894511005,5,0.7308333333333333,0.05253160424396395,5,10.223466666666667,0.2505205524946446,5,6.083219999999999,0.14497057287601475,5,0.040780000000000004,0.003071851369017279,5,0.013114283333333332,0.0003132901266752963,5,0.11526523333333331,0.00012314912200254326,5,-0.8382031847222222,0.002102306714942735,5
mlp213_N2000_K100_H800_nominal_t0p05,training_seed_mean,0.8873833333333332,0.06641301615856476,5,0.9114575758657283,0.0669281782007865,5,0.23041771094402672,0.010565172411579275,5,201.07423775,0.5133978403007476,5,59.80866666666667,0.028220363018372628,5,0.668644660402798,0.0033487175613576255,5,0.00933173874811015,7.033426230295236e-06,5,0.026306025,0.0006280506987563457,5,0.23072416666666667,0.00025878582515007135,5,-0.6649250614583333,0.005646677878797611,5,-66.49250614583333,0.564667787879771,5,0.09375,0.009163683226616783,5,0.7936333333333334,0.05725104923832306,5,10.274941666666667,0.2513877034195491,5,6.108714999999999,0.1453351467298938,5,0.04436916666666666,0.0033206508079282344,5,0.0131530125,0.0003140253493781728,5,0.11536208333333334,0.00012939291257503568,5,-0.8378093239583333,0.002139157667919865,5
mlp213_N2000_K200_H200_nominal_t0p05,training_seed_mean,1.17325,0.08500034722151309,5,1.1818816790164985,0.09000812481812827,5,0.22690235690235688,0.010424906614098964,5,196.570641,0.5467587445381711,5,54.53766666666667,0.012671051872502939,5,0.8630577907520369,0.0035702092853172967,5,0.02258109702920786,2.9271642040054153e-05,5,0.026042266666666668,0.0006128947265504331,5,0.36098545000000004,0.00040366221353858476,5,-0.5668679791666668,0.006636896691787798,5,-113.37359583333334,1.3273793383575683,5,0.12058333333333333,0.012098984117134247,5,1.0526666666666666,0.07291033305826183,5,10.188683333333334,0.24921450488373512,5,6.0408599999999995,0.14227145883837722,5,0.05866249999999999,0.004250017361075649,5,0.013021133333333334,0.00030644736327521655,5,0.18049272500000002,0.00020183110676929238,5,-0.8190443375,0.0022781614355756787,5
mlp213_N2000_K300_H200_nominal_t0p05,training_seed_mean,1.712811111111111,0.12338507798407311,5,1.7481494060592102,0.11821603516685268,5,0.22288439955106618,0.01021011348047621,5,192.26898288888887,0.6172816676159614,5,57.48,0.0182574185835045,5,0.9588187290049577,0.0009097948939801496,5,0.035817682496802276,5.788051361993399e-05,5,0.025763055555555553,0.0005879618279370776,5,0.48571532222222225,0.0007838671500647389,5,-0.45974101759259256,0.008643648435263869,5,-137.92230527777778,2.5930945305791613,5,0.17743333333333333,0.016245293715449867,5,1.5353777777777777,0.10714038615610368,5,10.139466666666667,0.2447164603937676,5,5.977220000000001,0.13708395156902148,5,0.08564055555555554,0.006169253899203644,5,0.012881527777777776,0.0002939809139685388,5,0.24285766111111112,0.00039193357503236945,5,-0.8011207620370369,0.0025720069483998347,5
mlp213_N2000_K400_H200_nominal_t0p05,training_seed_mean,2.5961166666666666,0.17850181245189384,5,2.7430150557527453,0.173046966125108,5,0.21505050505050508,0.00962901889942478,5,187.75216616666665,0.6968003508193921,5,57.87233333333334,0.026760252448569288,5,0.9835887118698121,0.00098924440804058,5,0.04524551644189577,4.736587219506436e-05,5,0.025281025000000002,0.0005537918097772709,5,0.5985670166666667,0.0018925913302213794,5,-0.34057083819444445,0.01115989829857357,5,-136.22833527777777,4.463959319429429,5,0.27585,0.02390934484324764,5,2.3202666666666665,0.15459805242143265,5,10.049558333333334,0.23871159631504738,5,5.864224999999999,0.12888743514206502,5,0.12980583333333334,0.008925090622594684,5,0.012640512500000001,0.00027689590488863547,5,0.29928350833333334,0.0009462956651106897,5,-0.7823006923611111,0.002903334795080785,5
mlp213_N2000_K500_H200_nominal_t0p05,training_seed_mean,4.1258799999999995,0.25105962726899056,5,4.525057713000794,0.2432652772762185,5,0.2039259259259259,0.008823656159736619,5,182.19473486666666,0.813355898866123,5,57.86900000000001,0.003248931448271074,5,0.9918770742980477,0.0005830602714907091,5,0.04647111002534519,0.00016757281017236152,5,0.02437883333333333,0.0004933792574345518,5,0.69053104,0.002989216199422409,5,-0.19539579194444445,0.014694036492870363,5,-97.69789597222221,7.347018246435199,5,0.4472066666666666,0.034183828210297175,5,3.6786733333333332,0.2168764015644754,5,9.87936,0.22557537961597024,5,5.659292000000001,0.11483686916665699,5,0.20629400000000003,0.012552981363449497,5,0.012189416666666664,0.0002466896287172759,5,0.34526552,0.0014946080997112045,5,-0.759144728611111,0.003388982911942205,5
kan_generic_N500_K100_H50_nominal_t0p05,training_seed_mean,1.0138666666666665,0.12356680604254341,5,0.9009671939904539,0.13756541087783353,5,0.2811111111111111,0.017991338794123613,5,196.71495333333334,0.8969220034837492,5,65.58266666666665,0.06317524128256752,5,0.736105438473911,0.006718735883846792,5,0.023935260030894655,5.711205866038248e-05,5,0.026486666666666665,0.0011099793791878399,5,0.3798805333333333,0.0007754868578297473,5,-0.5657687055555556,0.010106920135034874,5,-56.57687055555556,1.0106920135034807,5,0.09426666666666668,0.018224525599678403,5,0.9196,0.10534767834809332,5,10.446266666666666,0.4491558996854232,5,6.2112,0.25856712861460124,5,0.050693333333333326,0.006178340302127172,5,0.013243333333333333,0.0005549896895939199,5,0.18994026666666666,0.00038774342891487363,5,-0.8196456388888891,0.0037371750145156735,5
kan_generic_N500_K100_H200_nominal_t0p05,training_seed_mean,1.0115666666666665,0.12205404085440533,5,1.0400767432540843,0.12882057445658582,5,0.2563636363636364,0.020543342748642213,5,196.60471066666668,0.890216105590986,5,65.67999999999999,0.06912147117775926,5,0.8483201599488208,0.006856817759585598,5,0.0245687470177425,3.3636885464087145e-05,5,0.02699936666666667,0.0011316334089369311,5,0.38310236666666664,0.0008110182420197471,5,-0.5635570944444445,0.009974628946794012,5,-56.35570944444445,0.9974628946793959,5,0.11093333333333333,0.018275134898422925,5,0.9006333333333334,0.10378512792196086,5,10.619966666666667,0.45655914792670105,5,6.305420000000001,0.26298038329883094,5,0.050578333333333336,0.006102702042720276,5,0.013499683333333335,0.0005658167044684656,5,0.19155118333333332,0.00040550912100987353,5,-0.8191862944444445,0.003709233773295893,5
kan_generic_N500_K100_H800_nominal_t0p05,training_seed_mean,1.0803166666666666,0.13020720199508506,5,1.0932699249379383,0.13922835586623233,5,0.2535672514619883,0.019907785442326124,5,196.5461695,0.90123959336883,5,65.78733333333334,0.0688960569747415,5,0.9029219304464874,0.0058881351189282415,5,0.02453531469434477,9.013898043063242e-05,5,0.02719368333333333,0.0011112474653920629,5,0.3828980166666667,0.0010330276490901175,5,-0.5598806895833334,0.010303336903523983,5,-55.988068958333336,1.0303336903523963,5,0.11745833333333333,0.01969628331408971,5,0.9628583333333334,0.11052638652401323,5,10.695908333333334,0.45013723543955664,5,6.34707,0.2582910612322859,5,0.05401583333333333,0.006510360099754252,5,0.013596841666666665,0.0005556237326960314,5,0.19144900833333334,0.0005165138245450588,5,-0.8189423729166666,0.003755164972370111,5
kan_generic_N1000_K100_H50_nominal_t0p05,training_seed_mean,0.9698666666666667,0.1729273450518068,5,0.9830671192723077,0.15289074454508858,5,0.25875000000000004,0.035486722651829956,5,200.33953999999997,1.3784089494695413,5,66.38466666666667,0.10597038370328984,5,0.6288660102191086,0.005248747190710347,5,0.015403213619149597,0.00016584265026151459,5,0.026999600000000002,0.0018793205982777681,5,0.29386239999999997,0.0015844174954853048,5,-0.62582375,0.014555819107916658,5,-62.582375,1.4555819107916683,5,0.10426666666666666,0.024233127005082195,5,0.8656,0.14874407551227037,5,10.562533333333333,0.7536756449413612,5,6.27496,0.43769675347208165,5,0.048493333333333326,0.008646367252590345,5,0.013499800000000001,0.0009396602991388841,5,0.14693119999999998,0.0007922087477426524,5,-0.8347480833333332,0.005743370622789818,5
kan_generic_N1000_K100_H200_nominal_t0p05,training_seed_mean,0.9498000000000001,0.19195418290137187,5,0.9511820464053498,0.19233581869858815,5,0.25744107744107747,0.035256882470891836,5,200.34982200000002,1.4374097031825575,5,66.06000000000002,0.10381607668264983,5,0.701588344060202,0.006541092954447318,5,0.015204055179830808,4.515464905656224e-05,5,0.02750283333333333,0.0018390001699293008,5,0.29254966666666665,0.0009026964006058245,5,-0.627274675,0.016047342121606366,5,-62.7274675,1.6047342121606347,5,0.1034,0.028580927984312266,5,0.8463999999999998,0.16338717649939488,5,10.755366666666667,0.7445054510657844,5,6.39118,0.42957754480419474,5,0.04749,0.009597709145068599,5,0.013751416666666665,0.0009195000849646504,5,0.14627483333333333,0.00045134820030291224,5,-0.8347909249999999,0.0059892070965939445,5
kan_generic_N1000_K100_H800_nominal_t0p05,training_seed_mean,1.002375,0.21119966321719272,5,0.9873937732474936,0.21018083774937377,5,0.2519131161236424,0.03502960686762329,5,200.26129325,1.4735379123998436,5,65.96,0.11642832797715248,5,0.7740043473157314,0.00790965049049362,5,0.015179574982720396,4.286955156313742e-05,5,0.027668458333333333,0.0018465479838328674,5,0.292380775,0.0009839420390880438,5,-0.6242786885416667,0.01712402004817492,5,-62.427868854166675,1.7124020048174982,5,0.10815000000000001,0.031132649104722503,5,0.8942249999999999,0.18007613792890176,5,10.826591666666667,0.7488136881650418,5,6.431064999999999,0.430674297468517,5,0.050118750000000004,0.01055998316085963,5,0.013834229166666667,0.0009232739919164337,5,0.1461903875,0.0004919710195440219,5,-0.8344220552083332,0.00613974130166586,5
kan_generic_N2000_K100_H50_nominal_t0p05,training_seed_mean,0.9305333333333333,0.08654529963486694,5,0.8897965470993014,0.06722702924908044,5,0.2369444444444444,0.01484877473433788,5,201.13652400000004,0.644296060046247,5,56.79033333333338,0.6345015541527114,5,0.511207777139967,0.004843753653724294,5,0.009200448971564022,2.7872523669175945e-05,5,0.0269992,0.0008766577185855119,5,0.22876946666666664,0.00024674206054994493,5,-0.6636578500000001,0.007340407564094952,5,-66.365785,0.7340407564094925,5,0.09400000000000003,0.010143416036468626,5,0.8365333333333332,0.07646408016549702,5,10.532933333333334,0.34616714010559857,5,6.2633600000000005,0.20166201427140357,5,0.046526666666666674,0.004327264981743343,5,0.0134996,0.00043832885929275596,5,0.11438473333333332,0.00012337103027497247,5,-0.83806885,0.0026845669168592836,5
kan_generic_N2000_K100_H200_nominal_t0p05,training_seed_mean,0.9399333333333335,0.0836899535985852,5,0.9491205746211179,0.07999381940730665,5,0.24225589225589225,0.015314314308636617,5,201.0918716666667,0.6382853743069543,5,59.6036666666667,1.3403872781982213,5,0.5952610410268823,0.003536400737382567,5,0.009182509744755948,1.450757468778882e-05,5,0.027648433333333333,0.0008221252151858865,5,0.2286962,0.0003496977941340408,5,-0.6627138152777777,0.007085802706230476,5,-66.27138152777778,0.7085802706230498,5,0.10253333333333332,0.01175762164158495,5,0.8374,0.07195365020468235,5,10.7897,0.3300708972663638,5,6.412299999999999,0.19099249985274294,5,0.046996666666666666,0.004184497679929256,5,0.013824216666666667,0.00041106260759294326,5,0.1143481,0.0001748488970670204,5,-0.837882798611111,0.0026595223929457203,5
kan_generic_N2000_K100_H800_nominal_t0p05,training_seed_mean,1.0272416666666668,0.09465308276220544,5,1.0464261538775745,0.09136147270044356,5,0.24501253132832077,0.015069254473488183,5,200.97483083333333,0.6600136704358126,5,59.17066666666667,0.957926435356896,5,0.6709960219431774,0.003612607548058873,5,0.009177492068108684,1.8654253784222778e-05,5,0.027723583333333336,0.00082124575351938,5,0.22848232500000001,0.0003894218085383479,5,-0.6579300909722222,0.007700168290548729,5,-65.79300909722222,0.7700168290548652,5,0.113625,0.01341747538970477,5,0.9136166666666667,0.08123667839508623,5,10.840925,0.32983501294418294,5,6.43638,0.18985283066759928,5,0.05136208333333334,0.00473265413811027,5,0.013861791666666668,0.00041062287675969,5,0.11424116250000001,0.00019471090426917396,5,-0.8373951284722223,0.0027500569601491254,5
kan_generic_N2000_K200_H200_nominal_t0p05,training_seed_mean,1.35845,0.12736164334070296,5,1.3770998362640081,0.13379779978057005,5,0.23962962962962964,0.01483254792680986,5,196.43092483333334,0.7131415087422124,5,54.528666666666666,0.008692269873601893,5,0.8526182140803206,0.004091856322257572,5,0.022209552796931313,5.4329695407517765e-05,5,0.027432616666666666,0.000797344746295132,5,0.3565912833333333,0.0009001610785637791,5,-0.5585277368055556,0.009292289569623685,5,-111.70554736111112,1.8584579139247346,5,0.14836666666666667,0.018990549550295322,5,1.2100833333333334,0.10838593274344527,5,10.752849999999999,0.32761684408433156,5,6.362690000000001,0.18519845571710358,5,0.0679225,0.006368082167035155,5,0.013716308333333333,0.000398672373147566,5,0.17829564166666664,0.00045008053928188954,5,-0.8184621868055556,0.0029714229530925524,5
kan_generic_N2000_K300_H200_nominal_t0p05,training_seed_mean,1.970888888888889,0.17506407997863352,5,2.0152696130788117,0.18587978977424044,5,0.2357912457912458,0.013911142031686193,5,192.02783633333334,0.797475970545034,5,57.526666666666664,0.014907119849997751,5,0.9516131447415809,0.004613916077718159,5,0.03561413148321942,2.8612399027273917e-05,5,0.027085922222222218,0.0007503718497937966,5,0.47927328888888887,0.00134475002633698,5,-0.44839193472222216,0.011779421604987466,5,-134.51758041666668,3.533826481496236,5,0.2157888888888889,0.026396238742538432,5,1.7551,0.1486831881286475,5,10.6894,0.31742823238654955,5,6.284166666666667,0.17463385187935948,5,0.09854444444444443,0.008753203998931683,5,0.013542961111111109,0.0003751859248968983,5,0.23963664444444444,0.00067237501316849,5,-0.8001159847222222,0.0033228165439374933,5
kan_generic_N2000_K400_H200_nominal_t0p05,training_seed_mean,2.96205,0.2534208737182299,5,3.1053585935513768,0.27213907163660683,5,0.22694444444444445,0.013052411500800807,5,187.366764,0.9240063315409192,5,57.84666666666667,0.0182574185835045,5,0.9799189169118071,0.0019352964850911202,5,0.04525257048834237,3.495079870354308e-05,5,0.02652110833333333,0.0006863572830277827,5,0.5892041666666666,0.0026369908292750905,5,-0.32472971250000005,0.015545391072733158,5,-129.89188499999997,6.21815642909328,5,0.3290166666666667,0.03842760825746104,5,2.633033333333333,0.21499557569737207,5,10.581941666666669,0.30481535935482473,5,6.1517550000000005,0.15985266204383344,5,0.1481025,0.012671043685911501,5,0.013260554166666666,0.00034317864151389135,5,0.2946020833333333,0.0013184954146375453,5,-0.78069485,0.0038500263814203652,5
kan_generic_N2000_K500_H200_nominal_t0p05,training_seed_mean,4.593999999999999,0.3540343478314562,5,4.970283916214685,0.3463686457439967,5,0.2156902356902357,0.012173475058291354,5,181.6698662,1.0805823905901413,5,57.85333333333333,0.0182574185835045,5,0.9900635644456983,0.001457849615703597,5,0.04710514656531657,9.97373769192352e-05,5,0.025526833333333332,0.0006131767512987862,5,0.6782921066666667,0.004317561039226278,5,-0.17534830583333333,0.020351213225327618,5,-87.67415291666667,10.17560661266381,5,0.5169133333333333,0.050464369168310846,5,4.077086666666666,0.3035910851787316,5,10.393159999999998,0.28902823141616346,5,5.9257480000000005,0.1431695656206308,5,0.22970000000000002,0.017701717391572794,5,0.012763416666666666,0.0003065883756493931,5,0.33914605333333336,0.002158780519613139,5,-0.7569577758333335,0.004502426627458927,5
greedy_analytic_N2000_K100_H50_nominal_t0p05,episode,0.9206666666666666,0.19379927997683646,30,0.9439498339807935,0.5662539424595805,30,0.025694444444444447,0.028786174421123075,30,201.95932666666664,3.931016151330723,30,56.36333333333335,7.332143842924392,30,0.5088340739195255,0.04833913478153746,30,0.008284314842304111,0.0011892672774497881,30,0.010991333333333336,0.0008385814513657647,30,0.21866733333333332,0.008943987359397233,30,-0.6806345277777776,0.02404294662490865,30,-68.06345277777778,2.4042946624908637,30,0.04066666666666667,0.02434427403232472,30,0.8800000000000002,0.18702756573518134,30,4.316,0.3190676071478183,30,2.5652,0.1904336973947843,30,0.046033333333333336,0.009689963998841821,30,0.005495666666666668,0.00041929072568288233,30,0.10933366666666666,0.0044719936796986165,30,-0.8414971944444445,0.016379233963878012,30
greedy_analytic_N2000_K100_H200_nominal_t0p05,episode,0.9318333333333332,0.19972171731641025,30,0.9482909713773966,0.41409466860811817,30,0.022727272727272724,0.009903147429091347,30,201.9152,3.7386100511396947,30,60.596666666666806,20.962338697726107,30,0.5998186810929613,0.05701191635692328,30,0.00830912670386855,0.0006116480407062245,30,0.0115,0.0003667283124772533,30,0.2186995,0.00511418604269637,30,-0.6796219166666667,0.022531927762827808,30,-67.96219166666667,2.253192776282781,30,0.042499999999999996,0.018511413068512717,30,0.8893333333333332,0.18845896531923179,30,4.4911666666666665,0.1254830894866971,30,2.6691999999999996,0.07746073532597905,30,0.04659166666666667,0.009986085865820515,30,0.00575,0.00018336415623862665,30,0.10934975,0.002557093021348185,30,-0.8413133333333332,0.015577541879748729,30
greedy_analytic_N2000_K100_H800_nominal_t0p05,episode,1.01975,0.20602885218103434,30,1.0178006243019373,0.295587416183924,30,0.02213868003341688,0.005112363944427402,30,201.83100166666665,3.755685311600381,30,59.86833333333334,20.17525149752803,30,0.6524464624413652,0.04567726855696917,30,0.008164968983378738,0.00029411751616989084,30,0.011599666666666668,0.0001825888226615188,30,0.21721341666666666,0.0024234959104898275,30,-0.6755684652777777,0.023206182144485415,30,-67.55684652777778,2.3206182144485403,30,0.04616666666666666,0.01339845805161622,30,0.9735833333333334,0.19430627411619922,30,4.534583333333334,0.07281614581913844,30,2.69305,0.04350977892461609,30,0.05098750000000001,0.010301442609051715,30,0.005799833333333334,9.12944113307594e-05,30,0.10860670833333333,0.0012117479552449138,30,-0.8409625069444446,0.015648688798334913,30
greedy_analytic_N2000_K200_H200_nominal_t0p05,episode,1.3458333333333337,0.28465218744301257,30,1.3786670212873615,0.40116693527115205,30,0.02146464646464646,0.007134791936221865,30,197.55465583333336,3.5433752977641704,30,54.51833333333334,2.851753342495956,30,0.8735523525324899,0.061936468028989354,30,0.01996442946159805,0.0010654735165308992,30,0.011485916666666669,0.000259223378686166,30,0.3353805,0.004955357054187189,30,-0.5824195243055555,0.025670710182079254,30,-116.4839048611111,5.13414203641585,30,0.062000000000000006,0.017972680417214077,30,1.2838333333333334,0.2734988285082814,30,4.499583333333333,0.0848276227104865,30,2.6625500000000004,0.05248223837478339,30,0.06729166666666668,0.014232609372150627,30,0.005742958333333334,0.000129611689343083,30,0.16769025,0.0024776785270935946,30,-0.8231443993055556,0.014764063740684043,30
greedy_analytic_N2000_K300_H200_nominal_t0p05,episode,1.9379444444444442,0.41975263727657336,30,1.9331068635891844,0.49993470260668255,30,0.020538720538720537,0.004603034129410172,30,193.48269388888886,3.323868336406827,30,57.606666666666676,16.690074137422076,30,0.9671789446501068,0.01455562353434623,30,0.03223275390179094,0.0012884329177340048,30,0.01135788888888889,0.00016343999176079518,30,0.44722927777777777,0.0046439932711573,30,-0.4799870856481481,0.03017906610418166,30,-143.99612569444443,9.053719831254499,30,0.08644444444444446,0.02221771985040799,30,1.8515,0.4020980299261588,30,4.473222222222223,0.05417428475754023,30,2.6320666666666663,0.035863662652475654,30,0.09689722222222223,0.02098763186382867,30,0.005678944444444445,8.171999588039759e-05,30,0.22361463888888888,0.00232199663557865,30,-0.8061778912037038,0.013849451401695115,30
greedy_analytic_N2000_K400_H200_nominal_t0p05,episode,2.801583333333333,0.5769512370079966,30,2.925277453222823,0.6763643330862492,30,0.01994949494949495,0.0036684408947841077,30,189.24826249999998,3.145930016448933,30,57.93333333333333,17.723806965021183,30,0.9869096947228199,0.00624191326463732,30,0.042398171647367165,0.0014993044276734868,30,0.011155166666666664,0.00019131851188138003,30,0.5510356666666667,0.005980624919895176,30,-0.3673598437499999,0.03593053106918453,30,-146.9439375,14.372212427673812,30,0.12974999999999998,0.029644808233018034,30,2.6718333333333333,0.550570602653054,30,4.43825,0.05203053645829466,30,2.5851,0.038733706251790574,30,0.14007916666666667,0.028847561850399835,30,0.005577583333333332,9.565925594069001e-05,30,0.27551783333333335,0.002990312459947588,30,-0.7885344270833333,0.01310804173520389,30
greedy_analytic_N2000_K500_H200_nominal_t0p05,episode,4.147233333333333,0.8204583110858741,30,4.469370464805462,0.921537015347493,30,0.019764309764309766,0.0029261484381629655,30,184.20251033333335,3.215585291057507,30,57.93333333333333,17.118115698214897,30,0.9932093171618398,0.0031381141756217238,30,0.04670698600849568,0.0012434537131610804,30,0.010804366666666666,0.00019725556385375882,30,0.6380835666666667,0.009435460421064327,30,-0.2357048263888889,0.04763978791163135,30,-117.85241319444445,23.81989395581567,30,0.19513333333333335,0.03944680690135317,30,3.9520999999999997,0.7837013571771962,30,4.3697,0.04468753586928865,30,2.50474,0.04183020357390675,30,0.2073616666666667,0.041022915554293715,30,0.005402183333333333,9.862778192687941e-05,30,0.31904178333333333,0.004717730210532164,30,-0.7675104597222224,0.013398272046072947,30
maxsinr_ttt_N2000_K100_H50_nominal_tnative,episode,0.9773333333333333,0.20319742961538378,30,1.0270263990528223,0.6474535817438335,30,0.00972222222222222,0.015214515486254614,30,203.23182000000003,3.996307620049911,30,55.71333333333335,5.43042091042383,30,0.5576944307145412,0.0762912768409548,30,0.00982574451565952,0.0015563174050217073,30,0.008278666666666667,0.0006518500638545082,30,0.23595066666666661,0.011294457271488137,30,-0.6758179166666665,0.025530150343632676,30,-67.58179166666667,2.553015034363267,30,0.03333333333333334,0.02056668436445521,30,0.9440000000000003,0.19647935751888665,30,3.2613333333333334,0.24752197162430167,30,1.9368,0.14833475654747946,30,0.04886666666666666,0.01015987148076919,30,0.004139333333333333,0.0003259250319272541,30,0.11797533333333331,0.005647228635744068,30,-0.8467992500000001,0.01665128175020796,30
maxsinr_ttt_N2000_K100_H200_nominal_tnative,episode,0.984,0.21281528335057662,30,1.0132931718482128,0.5003763942473621,30,0.008417508417508419,0.006267979719555211,30,203.19011833333334,3.8073179129481365,30,60.06500000000027,20.39363131656326,30,0.6286262013642863,0.07229865647557131,30,0.00974741155697009,0.0008939441027420825,30,0.008704166666666667,0.00030742277789359753,30,0.2356086666666667,0.006686155914988837,30,-0.6752690763888889,0.023806753357270765,30,-67.52690763888889,2.3806753357270756,30,0.03433333333333334,0.016750364552560584,30,0.9496666666666665,0.20241615264245766,30,3.4044999999999996,0.11257449640739822,30,2.0221,0.0707103611390424,30,0.04920000000000001,0.01064076416752883,30,0.004352083333333334,0.00015371138894679877,30,0.11780433333333334,0.0033430779574944187,30,-0.8466254930555556,0.015863824637283905,30
maxsinr_ttt_N2000_K100_H800_nominal_tnative,episode,1.0785833333333332,0.21859556946220515,30,1.0900462290331028,0.3518029492528768,30,0.008771929824561401,0.0030695360185252862,30,203.06054208333333,3.798346405089295,30,58.24333333333334,17.614564571895396,30,0.7083035151642534,0.04686985688484279,30,0.00978146132473992,0.00044319885130085604,30,0.008790041666666666,0.000170556733954208,30,0.23543391666666666,0.0037953097150737686,30,-0.6700444461805556,0.023871257631817546,30,-67.00444461805556,2.387125763181754,30,0.03749999999999999,0.012025475831147691,30,1.0410833333333334,0.20877741749880724,30,3.4407916666666667,0.06491247699433628,30,2.041975,0.03943793410603202,30,0.05392916666666668,0.010929778473110259,30,0.004395020833333333,8.5278366977104e-05,30,0.11771695833333333,0.0018976548575368843,30,-0.8460855920138889,0.015826443354538727,30
maxsinr_ttt_N2000_K200_H200_nominal_tnative,episode,1.4287500000000002,0.303990521347238,30,1.469611765775162,0.4712211688789228,30,0.007659932659932659,0.004569739171248624,30,198.2666133333333,3.578449604274642,30,54.516666666666666,2.8481189598040677,30,0.9109081810927668,0.05639040548676773,30,0.023692468499540393,0.0013995142211897082,30,0.008711416666666666,0.00024393654076324879,30,0.37103308333333324,0.005849269578749564,30,-0.5648011388888889,0.026520530773432686,30,-112.96022777777779,5.3041061546865365,30,0.05008333333333334,0.015763381471064476,30,1.3786666666666665,0.29526707178105877,30,3.4163333333333337,0.08218653440060364,30,2.01975,0.052612564056047736,30,0.0714375,0.015199526067361897,30,0.004355708333333333,0.00012196827038162439,30,0.18551654166666662,0.002924634789374782,30,-0.826110888888889,0.01491020668447768,30
maxsinr_ttt_N2000_K300_H200_nominal_tnative,episode,2.054111111111111,0.44383964117161867,30,2.055385381732435,0.5229600188891191,30,0.00707070707070707,0.003349542557686948,30,193.71236222222223,3.3713341168321964,30,57.6,16.653880152623024,30,0.9828603709179916,0.011669996487971925,30,0.03698252557615962,0.0015719370281810335,30,0.008607222222222221,0.00017470025414832434,30,0.4979961111111111,0.0053130764430704865,30,-0.4511276203703704,0.03139642019427855,30,-135.3382861111111,9.418926058283565,30,0.06977777777777777,0.01766944964706429,30,1.984333333333333,0.43035884518873774,30,3.3964444444444455,0.06054942146161171,30,1.996,0.03818376618407358,30,0.10270555555555555,0.02219198205858093,30,0.0043036111111111105,8.735012707416217e-05,30,0.24899805555555554,0.0026565382215352432,30,-0.8071348425925925,0.014047225486800811,30
maxsinr_ttt_N2000_K400_H200_nominal_tnative,episode,3.028458333333333,0.6162876101810287,30,3.263685912978056,0.7433543325987769,30,0.006818181818181819,0.0028057393845309438,30,188.94286708333337,3.1662099543775013,30,57.93333333333333,17.723806965021183,30,0.9924022598726955,0.004630500086836259,30,0.04571139374326157,0.001348576693400845,30,0.008444625,0.0001813390536279751,30,0.6126282083333332,0.006685505089848763,30,-0.3253026128472223,0.0372659052046947,30,-130.1210451388889,14.90636208187788,30,0.11000000000000003,0.024595871534705254,30,2.9184583333333336,0.5944564928663153,30,3.373541666666666,0.05283053108163701,30,1.958125,0.0375274468521558,30,0.15142291666666666,0.03081438050905144,30,0.0042223125,9.066952681398754e-05,30,0.3063141041666666,0.0033427525449243817,30,-0.7872619461805554,0.013192541476572929,30
maxsinr_ttt_N2000_K500_H200_nominal_tnative,episode,4.634933333333333,0.8861836788407231,30,5.260425043552002,0.9862655430887074,30,0.0065656565656565654,0.0025956742907838827,30,183.20874533333333,3.3032561489533574,30,57.93333333333333,17.118115698214897,30,0.9962700541781138,0.0027156916897673597,30,0.04430891715531267,0.0013790529652753986,30,0.008117933333333334,0.0001893384004502453,30,0.7038723333333332,0.01121001879272882,30,-0.17562797222222223,0.05044854805000919,30,-87.81398611111109,25.224274025004593,30,0.17403333333333335,0.03168539675964454,30,4.4609,0.8566730092792617,30,3.312033333333334,0.04959663735357074,30,1.8827999999999998,0.04035179780637904,30,0.23174666666666668,0.04430918394203616,30,0.004058966666666667,9.466920022512265e-05,30,0.3519361666666666,0.00560500939636441,30,-0.763369772222222,0.013763567287305649,30
maxrst_N2000_K100_H50_nominal_tnative,episode,1.3506666666666665,0.3079065390367817,30,1.3251961726492543,1.1618642907419743,30,0.004166666666666667,0.011476279050411412,30,193.5808066666667,3.9511781403153328,30,55.335,4.21661635061525,30,0.5655692783798265,0.07007109276279123,30,0.01060741843642158,0.0014790832298909374,30,0.005815333333333335,0.000595029604208948,30,0.24340666666666666,0.010726164379630336,30,-0.6144423611111112,0.029529124933743787,30,-61.444236111111096,2.9529124933743796,30,0.03066666666666667,0.02715642215697451,30,1.3199999999999998,0.30034462963689584,30,2.3073333333333337,0.23136675368912382,30,1.366,0.13660615425122818,30,0.06753333333333332,0.015395326951839086,30,0.0029076666666666673,0.000297514802104474,30,0.12170333333333333,0.005363082189815168,30,-0.8065866944444445,0.016463242251313886,30
maxrst_N2000_K100_H200_nominal_tnative,episode,1.3531666666666666,0.29938581766024247,30,1.261217311292952,0.6595297708724869,30,0.0038720538720538726,0.00490621710194231,30,193.54160666666667,3.770360309310367,30,57.19833333333339,10.782540831437236,30,0.6464376562676393,0.08360556411605896,30,0.010587683648565506,0.0008886081631900696,30,0.00614733333333333,0.00025420509413671765,30,0.2442195,0.006450277506727371,30,-0.6135816111111112,0.027628915153279077,30,-61.358161111111116,2.762891515327908,30,0.03050000000000001,0.015939000098435633,30,1.3226666666666667,0.2910910905343991,30,2.418833333333333,0.1034548321677174,30,1.4330000000000003,0.062365441358672905,30,0.06765833333333335,0.014969290883012123,30,0.003073666666666665,0.00012710254706835883,30,0.12210975,0.0032251387533636855,30,-0.806423361111111,0.015709834622126537,30
maxrst_N2000_K100_H800_nominal_tnative,episode,1.4792083333333335,0.3109711712115975,30,1.433107881036022,0.44086300850056076,30,0.004636591478696742,0.0024216553700743227,30,193.36788291666664,3.729943129144719,30,55.46666666666667,4.297018479840639,30,0.7319964347455115,0.08339224409028424,30,0.01059559200975652,0.0004041708535317482,30,0.006244666666666667,0.0001377020198267543,30,0.243603875,0.0030868295438107886,30,-0.6068148246527779,0.027699184284054264,30,-60.681482465277774,2.769918428405428,30,0.03516666666666667,0.010806553992619585,30,1.4440416666666671,0.3019595991140644,30,2.45475,0.053968980554286644,30,1.45175,0.03299372981183777,30,0.07396041666666667,0.015548558560579875,30,0.0031223333333333333,6.885100991337715e-05,30,0.1218019375,0.0015434147719053943,30,-0.8056995121527779,0.015541429704769665,30
maxrst_N2000_K200_H200_nominal_tnative,episode,1.9598333333333333,0.4197720714316556,30,1.9286587120549972,0.5996272048432403,30,0.0028619528619528625,0.0030196414481280616,30,188.14650833333337,3.556872871961951,30,54.53333333333333,2.885556580905873,30,0.9220626248775107,0.051325747844043416,30,0.025639706079260124,0.0012255688817073666,30,0.00614625,0.0001817974787390134,30,0.38736983333333336,0.005746506132415156,30,-0.48919407638888895,0.03149832183148229,30,-97.83881527777777,6.299664366296457,30,0.04675000000000002,0.014220401808184143,30,1.9130833333333332,0.41078755486246793,30,2.428833333333333,0.06425546177420327,30,1.4292500000000001,0.040926079283474505,30,0.09799166666666667,0.020988603571582783,30,0.003073125,9.08987393695067e-05,30,0.19368491666666668,0.002873253066207578,30,-0.7839437847222223,0.014820303633174799,30
maxrst_N2000_K300_H200_nominal_tnative,episode,2.8097777777777773,0.5904876115656584,30,2.862266738648746,0.7593678982955921,30,0.0028058361391694727,0.002627978810536779,30,183.00118944444446,3.3842174573383015,30,57.266666666666666,14.654488151706484,30,0.9839844182042048,0.010453867240106404,30,0.039815876974741995,0.001895412091326235,30,0.006056166666666666,0.0001516253891031765,30,0.5210378888888889,0.007266013586245515,30,-0.35846903935185187,0.037687234196371516,30,-107.54071180555553,11.306170258911454,30,0.06905555555555556,0.018318611295501025,30,2.7407222222222227,0.5750083596482658,30,2.414555555555556,0.05335296573524145,30,1.4073,0.034434495535126126,30,0.1404888888888889,0.029524380578282928,30,0.003028083333333333,7.581269455158825e-05,30,0.26051894444444446,0.0036330067931227574,30,-0.7625049560185185,0.014100906072242927,30
maxrst_N2000_K400_H200_nominal_tnative,episode,4.16,0.8506765816405928,30,4.452268472984826,1.038581978113534,30,0.0028198653198653204,0.0024743061233740687,30,177.58229249999997,3.270249676682272,30,57.6,15.91485967957901,30,0.9932330598836532,0.004232557167964542,30,0.046025514803582676,0.001621362749194095,30,0.005884749999999999,0.00016633841957763775,30,0.6338160833333334,0.009921620715494335,30,-0.21207580208333335,0.048378657975916,30,-84.83032083333335,19.3514631903664,30,0.10591666666666666,0.02396102558586416,30,4.054083333333334,0.829829317029893,30,2.3835,0.049571873977641547,30,1.36655,0.03703780687258674,30,0.20799999999999993,0.042533829082029635,30,0.0029423749999999997,8.316920978881887e-05,30,0.3169080416666667,0.004960810357747167,30,-0.73992621875,0.013626040319509468,30
maxrst_N2000_K500_H200_nominal_tnative,episode,6.397799999999999,1.2175528707630927,30,7.09019082894704,1.3927773714243599,30,0.0027609427609427617,0.0018744595958764623,30,170.82254133333333,3.5857747126616415,30,57.6,15.30517153977926,30,0.996836554685038,0.0019259238721971318,30,0.04236117726930571,0.0017117266211170233,30,0.005571599999999999,0.00018535159506490208,30,0.7200837333333332,0.015722831829986073,30,-0.029042922222222226,0.0662927208456577,30,-14.52146111111111,33.14636042282885,30,0.1643333333333333,0.030571942662528325,30,6.233466666666667,1.1892426083895564,30,2.3227333333333333,0.04768570474242371,30,1.2950400000000002,0.040566451231494716,30,0.3198899999999999,0.06087764353815464,30,0.0027857999999999993,9.267579753245104e-05,30,0.3600418666666666,0.007861415914993036,30,-0.7117605888888888,0.014940727969423504,30
cox_only_N2000_K100_H50_nominal_t0p05,episode,0.818,0.16403111563527123,30,0.8669629951115567,0.46062972591327905,30,0.09791666666666667,0.04516559039308082,30,200.4955333333333,3.8651291283540026,30,56.713333333333395,8.53498816569238,30,0.524111249347957,0.05145124779914899,30,0.009432520338442024,0.0013181620830378213,30,0.018220666666666666,0.0009015463089195347,30,0.23172466666666666,0.010163752610450374,30,-0.6695253888888889,0.02301676959944079,30,-66.95253888888888,2.3016769599440794,30,0.06200000000000001,0.03336320500605214,30,0.756,0.15742759693224712,30,7.128,0.35090425062037695,30,4.239600000000001,0.2070358289831947,30,0.040900000000000006,0.008201555781763561,30,0.009110333333333333,0.00045077315445976737,30,0.11586233333333333,0.005081876305225187,30,-0.8353980555555557,0.016104704701475004,30
cox_only_N2000_K100_H200_nominal_t0p05,episode,0.8331666666666666,0.18201214118906983,30,0.8529751721727915,0.2781796529489431,30,0.0983164983164983,0.019526017033937346,30,200.44598,3.723996866563184,30,57.616666666666724,12.757042229168318,30,0.6050346921907203,0.0730224422495175,30,0.009462725332288502,0.0006398201643495014,30,0.018858666666666666,0.0004612612643860192,30,0.2319855,0.004575838786872662,30,-0.6681111666666667,0.02197550203614879,30,-66.81111666666666,2.197550203614879,30,0.06283333333333334,0.02074821692934423,30,0.7703333333333332,0.16884972574765253,30,7.360500000000001,0.16753975338861293,30,4.3786000000000005,0.099072804995393,30,0.04165833333333334,0.009100607059453491,30,0.009429333333333333,0.0002306306321930096,30,0.11599275,0.002287919393436331,30,-0.8351915833333334,0.015516653610679925,30
cox_only_N2000_K100_H800_nominal_t0p05,episode,0.9065,0.18290030495251813,30,0.9192063072426282,0.23911447127446697,30,0.09970760233918131,0.009665822405780436,30,200.38326541666666,3.680310208969115,30,59.86833333333334,20.07338469188758,30,0.6849752653678743,0.07181588981974235,30,0.009366285695821938,0.0002745028361957833,30,0.018917166666666665,0.00024040844674089128,30,0.23107266666666665,0.002192424032747273,30,-0.6646103559027776,0.021457379815555674,30,-66.46103559027777,2.1457379815555684,30,0.06795833333333333,0.0177126347041009,30,0.8385416666666667,0.166880959577599,30,7.392291666666666,0.1041049098541809,30,4.3946000000000005,0.06250660654737995,30,0.04532499999999999,0.009145015247625907,30,0.009458583333333333,0.00012020422337044564,30,0.11553633333333332,0.0010962120163736364,30,-0.8349302725694443,0.015334625870704647,30
cox_only_N2000_K200_H200_nominal_t0p05,episode,1.1969166666666666,0.26229892408226274,30,1.216940936519022,0.3120971145463084,30,0.09983164983164983,0.014660770426942403,30,195.86417250000002,3.5051422558405374,30,54.53333333333333,2.885556580905873,30,0.870896994855931,0.04726393411110133,30,0.02276097499521398,0.0011849864298729461,30,0.018771750000000007,0.00031527980867575496,30,0.3617545833333334,0.004954580521029792,30,-0.5659917187500001,0.024673917404187354,30,-113.19834375,4.934783480837469,30,0.08941666666666669,0.02289107766754569,30,1.1075000000000002,0.2443684682520682,30,7.348166666666666,0.11443815777101173,30,4.35525,0.06944245322815734,30,0.059845833333333334,0.01311494620411314,30,0.009385875000000004,0.00015763990433787748,30,0.1808772916666667,0.002477290260514896,30,-0.8161007187500001,0.014604759399335577,30
cox_only_N2000_K300_H200_nominal_t0p05,episode,1.7378888888888886,0.3692741490956194,30,1.7824254826736199,0.40060302125252467,30,0.09579124579124579,0.010352815580810219,30,191.56521277777776,3.254959770554005,30,57.46666666666667,15.930307989605167,30,0.9688118025224971,0.013839319947899623,30,0.0361912313460638,0.0013999933279065337,30,0.018573833333333335,0.00027015433009479155,30,0.48613066666666666,0.00427269250758439,30,-0.4589416921296296,0.027801165541249336,30,-137.6825076388889,8.340349662374798,30,0.13033333333333333,0.02926428655260453,30,1.6075555555555556,0.34367261813339384,30,7.311499999999999,0.10242402099423928,30,4.3087,0.0623898477594574,30,0.08689444444444444,0.018463707454780973,30,0.009286916666666667,0.00013507716504739578,30,0.24306533333333333,0.002136346253792195,30,-0.798188386574074,0.013562332377308358,30
cox_only_N2000_K400_H200_nominal_t0p05,episode,2.6036249999999996,0.5179685482979272,30,2.755537890640112,0.5590277503827344,30,0.09309764309764311,0.009785505686019135,30,187.09740125,3.0369266721611026,30,57.86666666666667,17.170008602277953,30,0.9878267440297859,0.005747169022703619,30,0.04537056144088562,0.0015306207694605427,30,0.018228166666666667,0.0002776204952229139,30,0.5989188750000001,0.005151707433208007,30,-0.340817734375,0.03277000343626547,30,-136.32709375000002,13.108001374506188,30,0.19954166666666667,0.03996157008093318,30,2.4040833333333333,0.48113281525950835,30,7.244624999999999,0.0922697215158943,30,4.227049999999999,0.0627615355518615,30,0.13018125,0.02589842741489635,30,0.009114083333333333,0.00013881024761145695,30,0.29945943750000004,0.0025758537166040035,30,-0.7795725052083335,0.012653861134004588,30
cox_only_N2000_K500_H200_nominal_t0p05,episode,4.076666666666666,0.7448795937568718,30,4.524763885344522,0.8200395677489626,30,0.08791245791245791,0.00952551951046031,30,181.6686886666666,3.0800347849880025,30,57.833333333333336,16.573937441020178,30,0.9938897057544781,0.0047705561560383875,30,0.04627354881447747,0.0014516354345472313,30,0.017575500000000004,0.00026312416762092923,30,0.6908879333333332,0.008809686345872004,30,-0.19888781944444442,0.04352659383740847,30,-99.44390972222223,21.763296918704235,30,0.322,0.057469032140557354,30,3.7546666666666666,0.6907837294837945,30,7.1198999999999995,0.0732733898163065,30,4.07874,0.061528398825818384,30,0.2038333333333333,0.037243979687843584,30,0.008787750000000002,0.00013156208381046462,30,0.3454439666666666,0.004404843172936002,30,-0.7569528694444443,0.012833478270783339,30
leo_madrl_N2000_K100_H50_nominal_tnative,training_seed_mean,0.9293333333333333,0.10571660229122008,5,0.8942754682101024,0.07974259323527423,5,0.11847222222222223,0.009035787045457861,5,199.70920666666666,0.7983743623973566,5,56.698000000000036,0.21012033589243434,5,0.5039607136105307,0.003340791602646261,5,0.007818159519083392,2.3371772449562024e-05,5,0.020680933333333335,0.000777857827626617,5,0.21229733333333334,0.0003329464421394964,5,-0.6691658944444444,0.008852629617096942,5,-66.91658944444444,0.8852629617096738,5,0.07266666666666668,0.009128709291752768,5,0.8566666666666667,0.09660112720759403,5,8.075733333333334,0.3099708229996988,5,4.80184,0.1805078613246514,5,0.04646666666666667,0.0052858301145610066,5,0.010340466666666668,0.0003889289138133085,5,0.10614866666666667,0.0001664732210697482,5,-0.8321216944444444,0.0033265598433222213,5
leo_madrl_N2000_K100_H200_nominal_tnative,training_seed_mean,0.9385333333333333,0.10352934366642146,5,0.9364543642402191,0.09727743479384304,5,0.11922558922558923,0.008376499431425107,5,199.67004300000002,0.7843676154237691,5,59.76733333333341,1.0250898334617342,5,0.5823293661693336,0.007544528375200099,5,0.007796870919483013,5.851828542860241e-05,5,0.021306333333333337,0.0007876588199637367,5,0.2124818,0.0008060918699365479,5,-0.6681377791666665,0.008436706575066866,5,-66.81377791666668,0.843670657506687,5,0.07816666666666668,0.011017662587358949,5,0.8603666666666665,0.0925362841748516,5,8.316233333333333,0.3163658790774443,5,4.94284,0.1832291679837029,5,0.04692666666666667,0.005176467183321077,5,0.010653166666666668,0.00039382940998186833,5,0.1062409,0.00040304593496827396,5,-0.8319585125,0.0032681983975989537,5
leo_madrl_N2000_K100_H800_nominal_tnative,training_seed_mean,1.0250666666666668,0.11749623442547719,5,1.0345033309322094,0.11041822181861628,5,0.12154553049289889,0.009259691616633255,5,199.56861275,0.8235299858172177,5,59.08966666666667,0.9119175462239522,5,0.6396924532056237,0.009133576294308289,5,0.007734235280509105,2.0714754556123264e-05,5,0.02135003333333333,0.000795468620291247,5,0.2117900666666667,0.00047934097789597717,5,-0.663712503125,0.009464371394712075,5,-66.3712503125,0.9464371394712029,5,0.08661666666666668,0.012567367078182198,5,0.9384499999999999,0.10493671786817253,5,8.346583333333333,0.32115383477436077,5,4.95598,0.18515479453014452,5,0.05125333333333333,0.005874811721273856,5,0.010675016666666665,0.0003977343101456235,5,0.10589503333333335,0.00023967048894798858,5,-0.8315358864583334,0.003431374940905028,5
leo_madrl_N2000_K200_H200_nominal_tnative,training_seed_mean,1.3540666666666665,0.15867684666222304,5,1.3543105671280584,0.15502283545142315,5,0.12028619528619529,0.007989984831706596,5,195.447854,0.8854578070599731,5,54.53533333333333,0.004472135955001867,5,0.8225300505545261,0.0052678662381086625,5,0.01883483582744068,0.00011492143972824235,5,0.021157266666666667,0.000765319521597935,5,0.3243691666666666,0.0011963612481650499,5,-0.5738995083333334,0.01140753219282959,5,-114.77990166666666,2.281506438565922,5,0.11259999999999999,0.01713005805270049,5,1.2414666666666667,0.14154978756999634,5,8.286533333333335,0.3126583909707912,5,4.90436,0.17732319151763543,5,0.06770333333333334,0.007933842333111153,5,0.010578633333333334,0.0003826597607989675,5,0.1621845833333333,0.0005981806240825249,5,-0.8143660583333334,0.0036894075294165735,5
leo_madrl_N2000_K300_H200_nominal_tnative,training_seed_mean,1.9375888888888888,0.21739625239537944,5,1.9443518867275535,0.21992465836819972,5,0.11622895622895624,0.008063779757704996,5,191.53684311111112,0.9863383482187584,5,57.5,0.023570226039550245,5,0.9367735608976752,0.0031494312157099975,5,0.030550818786108776,0.0001238742920379891,5,0.020923844444444444,0.0007239183602340459,5,0.43127754444444444,0.0018302603021880367,5,-0.4750900407407408,0.014427217911227929,5,-142.52701222222223,4.328165373368361,5,0.16083333333333333,0.024137977862874985,5,1.7767555555555556,0.19327724920882036,5,8.243455555555556,0.30361637029093475,5,4.849573333333334,0.16770542196230773,5,0.09687944444444443,0.010869812619768975,5,0.010461922222222222,0.00036195918011702294,5,0.21563877222222222,0.0009151301510940184,5,-0.7980701796296296,0.004109743117578152,5
leo_madrl_N2000_K400_H200_nominal_tnative,training_seed_mean,2.815333333333334,0.3147257376360496,5,2.887699049907332,0.33223269256829213,5,0.1128956228956229,0.007723643085105205,5,187.41594083333334,1.152009097055828,5,57.85766666666666,0.023909551787238616,5,0.9739685258396878,0.0032232004783217996,5,0.04063336421666308,0.00015412464592298977,5,0.0205331,0.0006686025918795519,5,0.5303693666666667,0.0031442560223962335,5,-0.3646818534722222,0.019298053477232666,5,-145.87274138888887,7.719221390893065,5,0.23646666666666666,0.03572583682248279,5,2.578866666666667,0.2790001406311874,5,8.16455,0.29422769875604476,5,4.75685,0.1551055960869885,5,0.14076666666666665,0.015736286881802466,5,0.01026655,0.00033430129593977595,5,0.26518468333333334,0.0015721280111981168,5,-0.7808997534722223,0.004800037904399258,5
leo_madrl_N2000_K500_H200_nominal_tnative,training_seed_mean,4.162906666666667,0.4374304048772914,5,4.387859019933943,0.432664242731046,5,0.10754882154882155,0.007224650922348402,5,182.45107633333333,1.3488616898664103,5,57.86,0.027888667551134266,5,0.985638836392854,0.0014262174841377295,5,0.046438194726054836,8.794260077431469e-05,5,0.019896286666666665,0.0006002845429923669,5,0.6154228799999999,0.004944720766051585,5,-0.2344079013888889,0.02531973542211699,5,-117.20395069444444,12.659867711058473,5,0.35346,0.047113582613368156,5,3.809446666666667,0.390317641728432,5,8.039133333333334,0.279567182345219,5,4.611403999999999,0.13948101906711208,5,0.20814533333333332,0.021871520243864555,5,0.009948143333333333,0.00030014227149618343,5,0.30771143999999995,0.0024723603830257923,5,-0.7602128180555556,0.005620257041109883,5
greedy_analytic_N500_K100_H200_nominal_t0p05,episode,1.022,0.21324908537621706,30,1.010407236320309,0.3736243365042695,30,0.020202020202020204,0.009378552433184438,30,197.61979666666667,4.965777894750078,30,65.86666666666666,34.979534246355456,30,0.8346293249805066,0.05528881234562314,30,0.022348152143998583,0.0013255527059796322,30,0.011443,0.0003426886593416527,30,0.36108500000000004,0.005944025252881799,30,-0.5860518194444444,0.02740612456086563,30,-58.60518194444444,2.7406124560865623,30,0.04533333333333333,0.01676065452868369,30,0.9766666666666667,0.2039410552659481,30,4.491666666666666,0.12965693016661275,30,2.6678000000000006,0.07875207714830393,30,0.051100000000000007,0.010662454268810852,30,0.0057215,0.00017134432967082634,30,0.18054250000000002,0.0029720126264408996,30,-0.8234158194444444,0.02069074122812533,30
greedy_analytic_N1000_K100_H200_nominal_t0p05,episode,0.9371666666666667,0.19686194766074425,30,0.9273581436294503,0.45231618003258406,30,0.02239057239057239,0.009254244338182562,30,201.3554016666667,3.851870831379871,30,66.06666666666666,33.13185084220145,30,0.7092463266324484,0.0613120961064277,30,0.01350029219778375,0.0009623650153769936,30,0.011528833333333332,0.0003922804313008861,30,0.2752095,0.006486707143764506,30,-0.6487533402777779,0.020233900801850672,30,-64.87533402777778,2.023390080185068,30,0.04183333333333333,0.02106980734627622,30,0.8953333333333332,0.18313803599985737,30,4.497000000000001,0.14821117273720616,30,2.6731000000000007,0.08638061324641999,30,0.046858333333333335,0.00984309738303721,30,0.005764416666666666,0.00019614021565044306,30,0.13760475,0.003243353571882253,30,-0.8389808402777779,0.016049461797416127,30
cox_only_N500_K100_H200_nominal_t0p05,episode,0.9105,0.19020565095488728,30,0.9505434108384904,0.3114390253915294,30,0.10420875420875421,0.022876107472271694,30,195.63564166666666,4.868859373913504,30,65.53333333333333,34.00682825280964,30,0.8598372188668524,0.06705492805115341,30,0.025796100840092557,0.0020997731670498775,30,0.018482666666666665,0.0005158684230354263,30,0.39440183333333334,0.008146425859332987,30,-0.5631812569444445,0.025485286511484385,30,-56.31812569444443,2.5485286511484384,30,0.06916666666666665,0.022670173832796153,30,0.8413333333333334,0.17364218725702088,30,7.281166666666667,0.17869104204113634,30,4.3272,0.10829729197111011,30,0.045525,0.009510282547744364,30,0.009241333333333332,0.00025793421151771315,30,0.19720091666666667,0.004073212929666494,30,-0.8151485069444445,0.02028691405797294,30
cox_only_N1000_K100_H200_nominal_t0p05,episode,0.8330000000000001,0.16911840373761405,30,0.8051289698317146,0.3317603230006543,30,0.10252525252525252,0.021759454355041414,30,199.65365166666666,3.8343172650484787,30,65.86666666666666,32.521328103403086,30,0.7397920950789385,0.06999381109378,30,0.01573187058308522,0.0007902295550736099,30,0.018785833333333335,0.0005169690902074182,30,0.29748633333333335,0.004411637418537892,30,-0.6321041319444444,0.019769248354349216,30,-63.21041319444444,1.976924835434921,30,0.059000000000000004,0.024332467312569054,30,0.7740000000000001,0.15565434739212705,30,7.330833333333333,0.2056699873052967,30,4.3631,0.12373201018664322,30,0.04165,0.008455920186880702,30,0.009392916666666667,0.0002584845451037091,30,0.14874316666666668,0.002205818709268946,30,-0.8318902152777778,0.015976321937701998,30
no_triplet_N500_K100_H200_nominal_t0p05,training_seed_mean,1.2767666666666668,0.1467497681239886,5,1.317910927597171,0.14482314484463113,5,0.2621885521885522,0.018150068925046125,5,194.764196,0.8591571881789059,5,65.54266666666668,0.05262023269511959,5,0.8503179045897719,0.0038216628510337686,5,0.025390043804873696,0.00010998530031718114,5,0.026627699999999997,0.000962297701684185,5,0.3905889666666667,0.0006967383176869815,5,-0.5390708166666667,0.011098990732941474,5,-53.90708166666667,1.109899073294146,5,0.13890000000000002,0.020578980646388797,5,1.1378666666666668,0.12617290825600314,5,10.506133333333334,0.39454100265723796,5,6.220340000000001,0.22438221409015557,5,0.06383833333333334,0.007337488406199434,5,0.013313849999999999,0.0004811488508420925,5,0.19529448333333335,0.0003483691588434907,5,-0.8115174833333334,0.003579821617412058,5
no_triplet_N1000_K100_H200_nominal_t0p05,training_seed_mean,1.1977,0.17600936685933005,5,1.1964567856747539,0.1690423998288616,5,0.26484848484848483,0.02696583998280184,5,198.70584333333335,1.1471894033795695,5,65.93033333333332,0.07496665925596517,5,0.7021303483601807,0.005422717348119143,5,0.015159229009881717,8.341494320933587e-05,5,0.02726636666666667,0.0013444274152961918,5,0.2913555,0.0009852570519074833,5,-0.6087450805555555,0.013759379018202364,5,-60.87450805555555,1.375937901820236,5,0.12856666666666666,0.024758163636802038,5,1.0691333333333333,0.15129934456786873,5,10.689600000000002,0.5484164906548868,5,6.33662,0.3142547167506004,5,0.059885,0.008800468342966494,5,0.013633183333333335,0.0006722137076480959,5,0.14567775,0.0004926285259537417,5,-0.8279410138888889,0.004779955847414836,5
no_triplet_N2000_K100_H200_nominal_t0p05,training_seed_mean,1.1577999999999997,0.17355512252755778,5,1.17949421593055,0.19340079189268358,5,0.24414141414141413,0.022367269714998937,5,199.69066233333328,1.0597635520008555,5,59.57900000000002,0.8576361246019101,5,0.6091921883507995,0.0038831648188065453,5,0.009281805250322999,2.0133525019092307e-05,5,0.027048766666666668,0.0012092097316015909,5,0.22942666666666672,0.0004679625905039083,5,-0.6459167097222221,0.013466061015094984,5,-64.59167097222222,1.3466061015094861,5,0.12536666666666668,0.027036343852098223,5,1.0324333333333333,0.14652202147724352,5,10.577933333333334,0.49130508738347906,5,6.27154,0.2785690991477698,5,0.05789,0.008677756126377882,5,0.013524383333333334,0.0006046048658007954,5,0.11471333333333336,0.00023398129525195415,5,-0.8320444263888888,0.00441568146667022,5
mlp_coeff_N500_K100_H200_nominal_t0p05,training_seed_mean,0.7664,0.07223443700125928,5,0.7740211593740469,0.07377600314008423,5,0.18525252525252528,0.014398910280339903,5,197.680988,0.629224290239135,5,65.73133333333332,0.050749931581781225,5,0.8433032069964227,0.00608547201329529,5,0.023846766027420706,0.00010098529462951974,5,0.0236617,0.0007471468638166877,5,0.3772904,0.0005950078267459141,5,-0.5848747333333333,0.006354975995821676,5,-58.487473333333334,0.6354975995821722,5,0.07196666666666666,0.009337350326035283,5,0.6944333333333332,0.0629199888747606,5,9.277333333333335,0.30222813770763074,5,5.52322,0.17575043954425842,5,0.03832,0.0036117218500629597,5,0.01183085,0.00037357343190834387,5,0.1886452,0.00029750391337295703,5,-0.8236707833333334,0.0026217678759964426,5
mlp_coeff_N1000_K100_H200_nominal_t0p05,training_seed_mean,0.728,0.11352942594567965,5,0.7216903465308405,0.11251202851901546,5,0.18888888888888894,0.019812461777676496,5,201.295422,1.1036001725831568,5,66.08099999999999,0.11155218011714778,5,0.7247317046248358,0.009109060920211617,5,0.0146403992625744,9.63322591027775e-05,5,0.02425223333333333,0.0013407491614350858,5,0.2870765333333333,0.0009674925164798127,5,-0.6466665416666667,0.010469940264664409,5,-64.66665416666667,1.0469940264664361,5,0.06866666666666667,0.013969709294676743,5,0.6593333333333333,0.0995656539397218,5,9.459166666666665,0.5324146384372078,5,5.6343000000000005,0.3110732791481777,5,0.036399999999999995,0.005676471297283977,5,0.012126116666666666,0.0006703745807175429,5,0.14353826666666664,0.00048374625823990636,5,-0.8387309249999999,0.004598334052429825,5
mlp_coeff_N2000_K100_H200_nominal_t0p05,training_seed_mean,0.7131333333333332,0.06860883487002405,5,0.7189200315251458,0.07774061719179978,5,0.1827946127946128,0.012855053943309954,5,202.011294,0.6492167242088835,5,59.789333333333374,0.37395335419149167,5,0.590994347436445,0.004444837985893819,5,0.008946513185661874,3.203364993674901e-05,5,0.024290266666666664,0.000807120289121211,5,0.22651359999999995,0.0003763544723912205,5,-0.680655125,0.006370745441261886,5,-68.0655125,0.6370745441261821,5,0.06826666666666667,0.009655597110254526,5,0.6448666666666667,0.058957305644753544,5,9.461866666666667,0.31930772339895297,5,5.63616,0.18580368134135536,5,0.03565666666666667,0.003430441743501203,5,0.012145133333333332,0.0004035601445606055,5,0.11325679999999998,0.00018817723619561025,5,-0.841713725,0.0027050696842036933,5
no_cox_rst_N2000_K100_H200_nominal_t0p05,training_seed_mean,0.8508666666666667,0.12379437476001173,5,0.8530673809890011,0.12580321067808622,5,0.19309764309764313,0.01776393451433052,5,201.69278199999997,1.0240251473118223,5,59.34533333333336,1.2111584216039688,5,0.5884699352865592,0.0041864898372520045,5,0.00898958052708797,4.0442875168554146e-05,5,0.0250488,0.0012217180150645782,5,0.22712880000000002,0.000465607300558434,5,-0.6717544583333332,0.010874302667649275,5,-67.17544583333333,1.0874302667649214,5,0.08383333333333333,0.01624593966366845,5,0.7670333333333332,0.10755588986403508,5,9.7681,0.48562903937973934,5,5.810560000000001,0.28163592277974797,5,0.04254333333333333,0.0061897187380005785,5,0.0125244,0.0006108590075322891,5,0.11356440000000001,0.000232803650279217,5,-0.8403865916666667,0.004266771447132544,5
no_cox_rst_N500_K100_H200_nominal_t0p05,training_seed_mean,1.0072666666666668,0.11109459182756534,5,1.0330606887074145,0.12307100862265846,5,0.2152861952861953,0.01535700533769492,5,196.460443,0.8183910452285508,5,65.66566666666668,0.07133255451288453,5,0.8418870092513211,0.00626149345098448,5,0.02443599967357469,6.442686694935842e-05,5,0.02524903333333333,0.0009535960404350109,5,0.3829112,0.0005842793210443191,5,-0.5641417291666666,0.009155794163337503,5,-56.414172916666665,0.9155794163337566,5,0.10300000000000001,0.01616623710769523,5,0.9042666666666668,0.09494066860705977,5,9.930900000000001,0.386618039327362,5,5.896740000000001,0.22227798586454683,5,0.050363333333333336,0.005554729591378263,5,0.012624516666666665,0.00047679802021750547,5,0.1914556,0.00029213966052215955,5,-0.8185851791666667,0.003409962688452187,5
no_cox_rst_N1000_K100_H200_nominal_t0p05,training_seed_mean,0.9120666666666668,0.10937941102216428,5,0.9171362262731775,0.1161963563496677,5,0.2094612794612795,0.01803092391892633,5,200.52634400000002,0.8871456494524927,5,66.04233333333333,0.06424346054052484,5,0.7072755679637652,0.00916094386539029,5,0.014794623900437112,5.42439567449385e-05,5,0.025486833333333337,0.0010597982774513703,5,0.28875853333333334,0.000680510657929424,5,-0.6328004166666668,0.009366260336798585,5,-63.28004166666667,0.9366260336798604,5,0.09166666666666666,0.015319287044623051,5,0.8204,0.09406222822035307,5,9.958700000000002,0.42401007915168865,5,5.92022,0.24522828548110012,5,0.045603333333333336,0.005468970551108217,5,0.012743416666666669,0.0005298991387256851,5,0.14437926666666667,0.000340255328964712,5,-0.8355264333333332,0.003696440206052045,5
eph_physick_N2000_K100_H200_nominal_t0p05,training_seed_mean,0.7424333333333333,0.07088249274523137,5,0.7404449813317229,0.07785331411478122,5,0.13074074074074077,0.0076868030573069455,5,202.07974899999996,0.6632821492277421,5,59.631000000000064,1.1057366825383297,5,0.5907822643909185,0.004209837625526636,5,0.009070487049384719,4.834600939945051e-05,5,0.0223143,0.0007416609213260616,5,0.22795543333333335,0.0004168722093026777,5,-0.6797424208333334,0.006505180472096995,5,-67.97424208333334,0.6505180472096979,5,0.06466666666666666,0.008833333333333334,5,0.6777666666666666,0.0620531358326609,5,8.697633333333332,0.2952556190075904,5,5.17978,0.17187702580624328,5,0.03712166666666667,0.003544124637261567,5,0.01115715,0.0003708304606630308,5,0.11397771666666667,0.00020843610465133886,5,-0.8419989541666666,0.0027636756217823345,5
eph_physick_N500_K100_H200_nominal_t0p05,training_seed_mean,0.8191666666666666,0.08595000161592653,5,0.845169820414454,0.07710321607240388,5,0.13734006734006732,0.009931518510002436,5,197.40607733333334,0.7557052553433822,5,65.72,0.0505525029603408,5,0.8499014889924617,0.006255508399628023,5,0.02460470182858516,7.939241316038084e-05,5,0.021930366666666666,0.0008247747116637347,5,0.3843183,0.0005703962974205746,5,-0.5784426555555555,0.00760290310613428,5,-57.84426555555556,0.7602903106134251,5,0.07296666666666668,0.00918059547814483,5,0.7461999999999999,0.07677007518847712,5,8.609933333333334,0.3264669159688654,5,5.12218,0.19037593597931404,5,0.04095833333333333,0.0042975000807963255,5,0.010965183333333333,0.00041238735583186734,5,0.19215915,0.0002851981487102873,5,-0.8225253222222222,0.0031487718972641075,5
eph_physick_N1000_K100_H200_nominal_t0p05,training_seed_mean,0.6499666666666666,0.06173716690760735,5,0.6498139784680846,0.06220051817981593,5,0.12501683501683503,0.0077829868719507984,5,202.33434033333336,0.6033502243565726,5,66.19333333333333,0.04346134936801519,5,0.7253405603235297,0.00629620872374492,5,0.014860983266484207,5.0326995696590586e-05,5,0.021154433333333333,0.0006343566469704239,5,0.2904572999999999,0.00021792463019231032,5,-0.6547555513888887,0.005853605219109702,5,-65.4755551388889,0.5853605219109738,5,0.05356666666666667,0.0068380065321212834,5,0.5963999999999999,0.05490479133109521,5,8.240466666666668,0.25492845946352255,5,4.912139999999999,0.14886177481140034,5,0.03249833333333334,0.003086858345380369,5,0.010577216666666667,0.00031717832348521197,5,0.14522864999999996,0.00010896231509615516,5,-0.8430597513888889,0.0025139592681523086,5
full_N2000_K100_H200_nominal_t0p1,training_seed_mean,0.6204666666666667,0.09088449629428917,5,0.6247157182855864,0.0836388997375346,5,0.12043771043771043,0.012887642474449752,5,202.57433333333336,0.9576370389277923,5,60.037333333333365,0.09095633873208994,5,0.6047418025024625,0.005950535768798115,5,0.008837719033711227,2.2787626138314635e-05,5,0.021092633333333333,0.0010447797109651602,5,0.22518486666666665,0.00041350025863218286,5,-0.6898976388888889,0.008854302326813399,5,-68.98976388888889,0.8854302326813425,5,0.05163333333333333,0.009510520490488412,5,0.5688333333333333,0.08139051951343394,5,8.2094,0.4137972967260403,5,4.89466,0.24258130183507512,5,0.03102333333333333,0.00454422481471446,5,0.010546316666666666,0.0005223898554825801,5,0.11259243333333332,0.00020675012931609143,5,-0.8440597222222221,0.0039901543288657386,5
full_N2000_K100_H200_nominal_t0p2,training_seed_mean,0.6455666666666666,0.09401622200450306,5,0.6549621151502978,0.08995934498794551,5,0.06552188552188552,0.006542305016044953,5,202.49103266666665,0.9781514242469576,5,60.026333333333355,0.4203477396420461,5,0.6055811924349268,0.004597714386414689,5,0.008962660671675332,5.3782407063833935e-05,5,0.016556166666666667,0.0008300708554093465,5,0.2263623,0.0002206093958913791,5,-0.6899750694444444,0.00924494569293565,5,-68.99750694444444,0.9244945692935727,5,0.04253333333333334,0.007993400055323419,5,0.6030333333333333,0.08603595824485895,5,6.446766666666667,0.3284897385510447,5,3.8425399999999996,0.19231680373799884,5,0.03227833333333334,0.004700811100225155,5,0.008278083333333333,0.00041503542770467323,5,0.11318115,0.00011030469794568954,5,-0.843712636111111,0.004075630934362369,5
full_N2000_K100_H200_nominal_t0p3,training_seed_mean,0.6741666666666667,0.09910537321457394,5,0.6921857670342207,0.10284632883604965,5,0.03491582491582492,0.0029845973258353425,5,202.45795533333336,0.9797522286877365,5,59.99666666666669,0.48746509846571,5,0.601738677506084,0.0016113450185727169,5,0.008844979096233807,1.7892665854803234e-05,5,0.012997133333333332,0.0006579325932207808,5,0.22538969999999997,0.00028314757145739673,5,-0.6906730638888889,0.009235708815467645,5,-69.0673063888889,0.9235708815467698,5,0.03526666666666667,0.007075583996313584,5,0.6388999999999998,0.09207459234531287,5,5.064866666666667,0.262305441126265,5,3.01776,0.15318985932495688,5,0.033708333333333326,0.004955268660728704,5,0.006498566666666666,0.0003289662966103904,5,0.11269484999999999,0.00014157378572869837,5,-0.843574813888889,0.004082300952865513,5
cox_only_N2000_K100_H200_nominal_t0p1,episode,0.85,0.18613584212649087,30,0.8799562910668889,0.3150664966551417,30,0.07340067340067341,0.014990044822777208,30,200.3962316666667,3.727937060166935,30,57.24000000000001,11.988172332014138,30,0.6197081446992334,0.0737644148119102,30,0.009540816181783334,0.0005903508974891987,30,0.016729166666666666,0.00044367602993651784,30,0.232433,0.003915002003786864,30,-0.6679032152777779,0.02227506886326138,30,-66.79032152777778,2.2275068863261382,30,0.05750000000000001,0.020792488696808196,30,0.7925000000000001,0.17267045551250668,30,6.530666666666667,0.1677217180708678,30,3.883900000000001,0.09976812772797142,30,0.042499999999999996,0.009306792106324542,30,0.008364583333333333,0.00022183801496825892,30,0.1162165,0.001957501001893432,30,-0.8349842986111111,0.0155330710840289,30
cox_only_N2000_K100_H200_nominal_t0p2,episode,0.8871666666666668,0.19078640942946776,30,0.9269401306976153,0.3829322677164003,30,0.03905723905723905,0.012295087895113493,30,200.36094833333334,3.6986185565900582,30,60.25833333333333,21.305386575381288,30,0.611063747359762,0.07026102294289255,30,0.009335991828981588,0.0005402675450676705,30,0.013123166666666665,0.0004063854195162547,30,0.2310148333333333,0.004202541612613388,30,-0.6684099513888888,0.021543995191734763,30,-66.84099513888887,2.154399519173476,30,0.0475,0.019728764227164217,30,0.8396666666666667,0.17725849687008993,30,5.129000000000001,0.1394224540368416,30,3.0489,0.0847618774100065,30,0.04435833333333334,0.009539320471473387,30,0.0065615833333333325,0.00020319270975812734,30,0.11550741666666665,0.002101270806306694,30,-0.8348372847222224,0.015410910652458575,30
cox_only_N2000_K100_H200_nominal_t0p3,episode,0.9203333333333333,0.19732667354403463,30,0.9427713418350852,0.4495824037281543,30,0.020538720538720537,0.009558151455381596,30,200.29151,3.7144565516185595,30,60.6866666666668,21.240652846213074,30,0.6184116818907641,0.07946514400119419,30,0.009377686343661058,0.0006996585964056054,30,0.010268,0.00037365990437553115,30,0.23112933333333338,0.005472696135224917,30,-0.6678326250000001,0.022243595750294907,30,-66.78326249999999,2.224359575029491,30,0.03766666666666667,0.017798359733284478,30,0.8826666666666666,0.18711850077780479,30,4.013333333333332,0.1375357842673062,30,2.3853999999999997,0.08555844947088553,30,0.04601666666666668,0.009866333677201732,30,0.005134,0.00018682995218776558,30,0.11556466666666669,0.0027363480676124586,30,-0.8345479583333334,0.015476902298410667,30
greedy_analytic_N2000_K100_H200_nominal_t0p1,episode,0.9526666666666667,0.2038285847324241,30,0.9594073792109418,0.46493983355769075,30,0.015993265993265993,0.007394598553647358,30,201.89035166666662,3.7442060071364187,30,59.37333333333374,17.222738244649587,30,0.5948589378582391,0.06742283681136839,30,0.008196210004393781,0.0007177770145378399,30,0.010185499999999998,0.0003738669088288522,30,0.21775166666666662,0.0058315079574215835,30,-0.6796078819444443,0.02277024887554846,30,-67.96078819444445,2.277024887554845,30,0.038000000000000006,0.018270005567822795,30,0.9146666666666666,0.19383575225064834,30,3.9798333333333336,0.13843013508210766,30,2.3651,0.08629794019997593,30,0.04763333333333333,0.010191429236621205,30,0.005092749999999999,0.0001869334544144261,30,0.10887583333333331,0.0029157539787107918,30,-0.8412097986111109,0.015600858363068416,30
greedy_analytic_N2000_K100_H200_nominal_t0p2,episode,0.9923333333333332,0.21627621759881635,30,1.0328495298915636,0.5307121548180743,30,0.008754208754208756,0.006351618432624814,30,201.79470166666664,3.791476487066732,30,60.33833333333334,21.656470257707944,30,0.5968749813334726,0.0824669447377368,30,0.008252190725306568,0.0007766345653405483,30,0.007988333333333332,0.00031082574487670885,30,0.21835966666666667,0.006441142131176969,30,-0.6780205902777777,0.023942974602745495,30,-67.80205902777776,2.394297460274549,30,0.03216666666666667,0.016383514282042332,30,0.9601666666666666,0.20627853337982924,30,3.125833333333334,0.11497438495335516,30,1.8561999999999999,0.07104947280738186,30,0.04961666666666666,0.010813810879940818,30,0.003994166666666666,0.00015541287243835442,30,0.10917983333333334,0.0032205710655884845,30,-0.8408112569444448,0.01579781869611138,30
greedy_analytic_N2000_K100_H200_nominal_t0p3,episode,1.0321666666666667,0.22491256283173744,30,1.0254061583089893,0.5881335620028164,30,0.004545454545454546,0.005024313836530423,30,201.70269833333333,3.8066926920858597,30,60.42333333333334,22.073465633141325,30,0.6018626281223626,0.08273743232533531,30,0.008289725381499625,0.0008998453427058972,30,0.006248,0.00023944836028124984,30,0.21853516666666667,0.007206927520213396,30,-0.6764279930555553,0.024103225512843184,30,-67.64279930555556,2.410322551284318,30,0.025166666666666674,0.014531970304110185,30,1.0070000000000001,0.21683300423168503,30,2.449166666666666,0.09712312957710217,30,1.4543999999999997,0.057686788064871326,30,0.05160833333333334,0.011245628141586871,30,0.003124,0.00011972418014062492,30,0.10926758333333333,0.003603463760106698,30,-0.8404279097222224,0.015861219550357755,30
full_N2000_K100_H200_w_out_0p5_t0p05,training_seed_mean,0.7380333333333333,0.07321205881243574,5,0.7383102465235505,0.07736474206597863,5,0.1447811447811448,0.00853620022497456,5,202.12920333333335,0.6651096403622366,5,59.50866666666667,1.272549606105791,5,0.6012375255444697,0.0021584117494950683,5,0.008821328144943862,2.676025544687459e-05,5,0.0221913,0.0007324280908958471,5,0.22478396666666667,0.0003234591765414791,5,-0.7002665472222223,0.0048282012348760195,5,-70.02665472222222,0.4828201234875975,5,0.0641,0.00890115473158149,5,0.6739333333333335,0.06432778473481651,5,8.646533333333334,0.2918697007608396,5,5.1494599999999995,0.16981481973019913,5,0.018450833333333333,0.0018303014703108954,5,0.01109565,0.00036621404544792354,5,0.11239198333333333,0.00016172958827073954,5,-0.842205013888889,0.002771290168176005,5
full_N2000_K100_H200_w_out_0p75_t0p05,training_seed_mean,0.6715333333333333,0.10805794484647782,5,0.6772589613667668,0.10510496469526968,5,0.155016835016835,0.015438453951083708,5,202.382273,1.047812310719334,5,59.44266666666672,1.1007097457751525,5,0.5991249501744329,0.002777613520125554,5,0.008795813194419924,3.7034975084390596e-05,5,0.022956800000000003,0.0012223273645431936,5,0.2248088,0.00039833137028806093,5,-0.6941941708333335,0.008841377831922424,5,-69.41941708333334,0.8841377831922475,5,0.061,0.01284793541563953,5,0.6105333333333334,0.09524241002130653,5,8.938400000000001,0.48334163211266384,5,5.32644,0.2823539498572665,5,0.025182499999999997,0.0040521729317429195,5,0.011478400000000001,0.0006111636822715968,5,0.1124044,0.00019916568514403047,5,-0.8432594708333333,0.004365884627997215,5
full_N2000_K100_H200_w_out_1p25_t0p05,training_seed_mean,0.5426333333333334,0.054942318237705706,5,0.5512423237051837,0.05075472916669613,5,0.17356902356902357,0.012801809955188464,5,202.90622299999998,0.628542448838765,5,59.94866666666668,0.20617010236961894,5,0.5975328104355835,0.0015271788919389863,5,0.008769040978784908,1.6324404034427556e-05,5,0.024473333333333337,0.0008315162439116194,5,0.22511509999999996,0.00024232951051546544,5,-0.6867337958333334,0.006346257658857681,5,-68.67337958333334,0.6346257658857514,5,0.0526,0.006756272805491367,5,0.4900333333333333,0.04819353345280532,5,9.513066666666665,0.32713282215842104,5,5.67628,0.19223151926778317,5,0.03391458333333334,0.0034338948898566066,5,0.012236666666666668,0.0004157581219558097,5,0.11255754999999998,0.00012116475525773272,5,-0.8454425958333335,0.002618926870161437,5
full_N2000_K100_H200_w_out_1p5_t0p05,training_seed_mean,0.5537666666666666,0.09213332730342474,5,0.5590081367756096,0.09670334769025217,5,0.20057239057239057,0.022551257555032872,5,202.41043766666667,1.1022195301996698,5,59.85166666666669,0.35509975124363646,5,0.599319899979436,0.0019471676203324797,5,0.008777534630866089,1.2812775394794191e-05,5,0.026313866666666665,0.001541703181549547,5,0.22507676666666665,0.0003983453206006775,5,-0.6761490069444445,0.012078500747430365,5,-67.61490069444446,1.2078500747430374,5,0.05766666666666668,0.013214575286402509,5,0.49610000000000004,0.0789238909048176,5,10.227599999999999,0.6088889996451649,5,6.10196,0.3574077195584905,5,0.0415325,0.006909999547756861,5,0.013156933333333332,0.0007708515907747735,5,0.11253838333333332,0.00019917266030033875,5,-0.843376823611111,0.004592581375832037,5
full_N2000_K100_H200_w_ho_0p5_t0p05,training_seed_mean,0.5666333333333333,0.06070070016070656,5,0.577929039702316,0.06699189577592587,5,0.2723232323232323,0.02082873295464823,5,202.59143166666667,0.7118052764362554,5,60.11266666666667,0.03074537002180394,5,0.5906587123970443,0.00561618484039072,5,0.008774272495723252,2.3387992894873875e-05,5,0.030796333333333332,0.0011896429553068075,5,0.2248071666666666,0.0003374247858576636,5,-0.6956966319444444,0.006136976835406198,5,-69.56966319444444,0.6136976835406234,5,0.06936666666666666,0.010518766298594355,5,0.49726666666666663,0.05019152208181069,5,11.9631,0.4680715549523977,5,7.136240000000001,0.2745374072872398,5,0.028331666666666665,0.003035035008035325,5,0.007699083333333333,0.00029741073882670187,5,0.1124035833333333,0.0001687123929288318,5,-0.8441309652777778,0.0029658553184844683,5
full_N2000_K100_H200_w_ho_0p75_t0p05,training_seed_mean,0.5624333333333333,0.06581577825010244,5,0.5703695516677925,0.06553579479251473,5,0.20548821548821553,0.015328003166610683,5,202.87434,0.7684736913997812,5,59.963666666666676,0.19850972548240545,5,0.5997425591872894,0.0046159563034497905,5,0.008774740689853738,6.245884609373032e-06,5,0.026640966666666665,0.0010753008971652748,5,0.22501449999999998,0.0002873383120218451,5,-0.6946904708333334,0.006752283988887442,5,-69.46904708333334,0.6752283988887314,5,0.0593,0.009213064395495976,5,0.5031333333333333,0.05660957908732802,5,10.3556,0.4248661652018592,5,6.17778,0.24939293694890444,5,0.028121666666666666,0.0032907889125051246,5,0.009990362499999999,0.00040323783643697754,5,0.11250724999999999,0.00014366915601092255,5,-0.84530975,0.0032019737141657885,5
full_N2000_K100_H200_w_ho_1p25_t0p05,training_seed_mean,0.6613666666666667,0.027773488557735523,5,0.658970553876957,0.026190005032621495,5,0.13461279461279466,0.004020362753330495,5,202.24012033333332,0.2881509575880434,5,59.70266666666676,0.4207493315501514,5,0.6042324573096785,0.001905800139018446,5,0.008854217801264577,3.397824475188563e-05,5,0.02129016666666667,0.0003250192729328197,5,0.22517196666666667,0.00034148711542312155,5,-0.6837064972222223,0.0026271918355387186,5,-68.37064972222223,0.2627191835538791,5,0.054733333333333335,0.003024437505094499,5,0.6066333333333332,0.02476624046290965,5,8.288633333333333,0.12883680461041455,5,4.94034,0.07549442363512686,5,0.03306833333333334,0.0013886744278867778,5,0.013306354166666668,0.0002031370455830096,5,0.11258598333333333,0.00017074355771156077,5,-0.8426671680555555,0.0012006289899499998,5
full_N2000_K100_H200_w_ho_1p5_t0p05,training_seed_mean,0.7737666666666666,0.12780609227349932,5,0.7745875404864655,0.1278472399580263,5,0.11030303030303032,0.014077839297870622,5,201.45539733333334,1.1112626601207083,5,59.196333333333406,1.2387013809272576,5,0.6060761266547109,0.003671622861045991,5,0.008895875124488363,3.558657120908521e-05,5,0.019458733333333332,0.0010855351189364806,5,0.22544103333333335,0.0007543865922427094,5,-0.6733945888888889,0.011452857364876324,5,-67.33945888888888,1.1452857364876379,5,0.05926666666666667,0.013176473141339616,5,0.7144999999999999,0.11463456430472153,5,7.5855999999999995,0.4313930052747728,5,4.5158000000000005,0.250952365998012,5,0.03868833333333334,0.006390304613674966,5,0.014594050000000003,0.0008141513392023623,5,0.11272051666666667,0.0003771932961213547,5,-0.839397488888889,0.004630261083836344,5
full_N2000_K100_H200_w_load_0p5_t0p05,training_seed_mean,0.5756333333333334,0.056504596666505334,5,0.5782048354107217,0.05497245638729878,5,0.12956228956228957,0.010054325337476156,5,203.522291,0.6359373518362972,5,59.99800000000008,0.13607800050777943,5,0.6369741808532168,0.001574273518640799,5,0.009994089465336775,3.531431381789776e-05,5,0.0208934,0.0006892892333572454,5,0.23814943333333333,0.00038474624754504587,5,-0.7492438208333333,0.005737461487795747,5,-74.92438208333333,0.5737461487795745,5,0.0472,0.006045429862484734,5,0.5284333333333333,0.05046844448651938,5,8.130933333333335,0.27271784360804574,5,4.850239999999999,0.16000525928856216,5,0.02878166666666666,0.0028252298333252654,5,0.0104467,0.0003446446166786227,5,0.05953735833333333,9.618656188626147e-05,5,-0.8480095458333334,0.0026497389659846647,5
full_N2000_K100_H200_w_load_0p75_t0p05,training_seed_mean,0.6180333333333332,0.08810823520597322,5,0.6238560573106882,0.08133448680252293,5,0.1510774410774411,0.012733884766351953,5,202.76237366666663,0.9390657321378277,5,59.72800000000008,0.36709898755870296,5,0.6066061137670651,0.00923700305110982,5,0.009435081314186718,7.915009371329208e-05,5,0.022602900000000002,0.0011124221608224498,5,0.23224063333333328,0.0006803877407609357,5,-0.7155498694444445,0.008621436108658185,5,-71.55498694444444,0.8621436108658219,5,0.055233333333333336,0.009833757053017825,5,0.5628,0.07827501375137391,5,8.797733333333332,0.43950008848438027,5,5.2455,0.2578008630707043,5,0.030901666666666668,0.004405411760298666,5,0.011301450000000001,0.0005562110804112249,5,0.0870902375,0.0002551454027853595,5,-0.844843223611111,0.003912773883907583,5
full_N2000_K100_H200_w_load_1p25_t0p05,training_seed_mean,0.6476333333333333,0.0496374914309291,5,0.6481612993585291,0.04776437487152145,5,0.1905050505050505,0.00974149779244516,5,201.868794,0.5237387491374262,5,59.617333333333384,0.7338924005298462,5,0.5763556181766387,0.00326712705975276,5,0.008207191305270546,6.050150830587582e-06,5,0.025687966666666666,0.0007008945217046278,5,0.21863576666666665,0.00012629378228733987,5,-0.6592469708333334,0.004945374449864555,5,-65.92469708333333,0.49453744498645474,5,0.0649,0.006559132733999384,5,0.5827333333333333,0.04309205263154683,5,9.992399999999998,0.2761756083847132,5,5.9565,0.16177798057832196,5,0.03238166666666666,0.0024818745715464515,5,0.012843983333333333,0.0003504472608523139,5,0.13664735416666668,7.893361392960457e-05,5,-0.841119975,0.0021822447880726877,5
full_N2000_K100_H200_w_load_1p5_t0p05,training_seed_mean,0.5875666666666667,0.05470191952756313,5,0.5969635589626685,0.05129746031754662,5,0.1994949494949495,0.01115756537348789,5,202.187565,0.5887336524552688,5,60.02933333333333,0.02473751087810461,5,0.5736492619428964,0.0022343622861738604,5,0.007780161095396265,1.2096028752019172e-05,5,0.026246433333333336,0.0008027675099304891,5,0.21333116666666668,0.00013775683084498304,5,-0.6399482624999999,0.005508749039832371,5,-63.99482625000002,0.5508749039832357,5,0.06106666666666667,0.007196256742995709,5,0.5265000000000001,0.04751388685894306,5,10.204433333333334,0.3166656271912761,5,6.08602,0.18569091792546014,5,0.029378333333333333,0.0027350959763781644,5,0.013123216666666668,0.00040138375496524457,5,0.15999837500000003,0.00010331762313372009,5,-0.8424481875,0.00245305688523026,5
full_N2000_K100_H200_w_rate_0p5_t0p05,training_seed_mean,0.6562333333333333,0.04489936277696799,5,0.6568194775688593,0.04021662772195124,5,0.17218855218855217,0.00986925491210138,5,200.39837533333335,0.4776405027514094,5,59.531333333333386,0.6966301824576786,5,0.5766590679622657,0.002283229118154246,5,0.008194437663196183,3.1809560840031426e-06,5,0.024414233333333334,0.0006192873323425912,5,0.2185064333333333,0.00013963129026913477,5,-0.2632246152777778,0.0034831264364280365,5,-26.32246152777778,0.3483126436428017,5,0.06253333333333333,0.005394699044226444,5,0.5936999999999999,0.039520985986350766,5,9.5003,0.2432069135073624,5,5.662660000000001,0.14269494735273536,5,0.03281166666666667,0.0022449681388483967,5,0.012207116666666667,0.0003096436661712956,5,0.10925321666666665,6.981564513456738e-05,5,-0.41749661527777776,0.0009950843807320696,5
full_N2000_K100_H200_w_rate_0p75_t0p05,training_seed_mean,0.6464333333333333,0.09425811194091821,5,0.6509685737423607,0.08893223973248315,5,0.17303030303030303,0.018225178997672876,5,201.362265,0.9634013150183965,5,59.68166666666669,0.6834664504486024,5,0.5711966532634696,0.008278943607602543,5,0.008464638050769229,4.422070406660263e-05,5,0.0242792,0.001220829319674856,5,0.22152309999999997,0.0004907234257252951,5,-0.4740342614583334,0.008095886287803203,5,-47.40342614583333,0.8095886287803145,5,0.0619,0.011607947469059484,5,0.5845333333333332,0.0827049138671807,5,9.448433333333336,0.480499473927333,5,5.63192,0.2813721059380266,5,0.03232166666666667,0.004712905597045911,5,0.0121396,0.000610414659837428,5,0.11076154999999999,0.00024536171286264753,5,-0.6292570781250001,0.003010629109432462,5
full_N2000_K100_H200_w_rate_1p25_t0p05,training_seed_mean,0.6453666666666668,0.1348991598688937,5,0.6549796551686681,0.14016666627616134,5,0.16922558922558922,0.022815764870363936,5,203.097986,1.2483490211133919,5,60.135666666666665,0.07776924556375509,5,0.5884046744084025,0.004221333847148958,5,0.009033333180497557,3.856003549128223e-05,5,0.0241631,0.0015817191622830313,5,0.22810743333333333,0.0006509822023510373,5,-0.8993984104166666,0.013729911676235988,5,-89.93984104166667,1.3729911676235995,5,0.06236666666666666,0.018382283137122358,5,0.583,0.11652390074334296,5,9.408466666666666,0.62533374866724,5,5.60766,0.3641744815332343,5,0.03226833333333333,0.006744957993444682,5,0.01208155,0.0007908595811415156,5,0.11405371666666667,0.00032549110117551866,5,-1.0578020104166668,0.006501817818298879,5
full_N2000_K100_H200_w_rate_1p5_t0p05,training_seed_mean,0.6095333333333334,0.10318170326607759,5,0.6097281162114259,0.10079319786519542,5,0.16619528619528617,0.01863538270848308,5,204.28004733333333,1.1499104231922155,5,59.73633333333339,0.7718730825436114,5,0.6033195746810001,0.006787295068902987,5,0.009365217309798807,0.00010111114745148286,5,0.023733466666666668,0.0014347426714687674,5,0.23180953333333335,0.0008944126673099362,5,-1.1185021291666666,0.012618471816298263,5,-111.85021291666666,1.2618471816298233,5,0.0568,0.01252741438250971,5,0.5527333333333334,0.09066686580860489,5,9.234133333333332,0.5649228978856814,5,5.5064,0.3314526512188432,5,0.030476666666666662,0.00515908516330388,5,0.011866733333333334,0.0007173713357343837,5,0.11590476666666667,0.0004472063336549681,5,-1.2767502958333334,0.007186940144951329,5
