environment_seed,scope,window_duration_s,n_windows,void_count,empirical_void_rate,test_window_share,independent_trace_clusters,measured_RST
1,seed,10,600,514,0.8566666666666667,0.16666666666666666,60,false
1,seed,30,600,401,0.6683333333333333,0.16666666666666666,60,false
1,seed,60,600,284,0.47333333333333333,0.16666666666666666,60,false
1,seed,120,600,182,0.30333333333333334,0.16666666666666666,60,false
1,seed,240,600,90,0.15,0.16666666666666666,60,false
1,seed,480,600,54,0.09,0.16666666666666666,60,false
2,seed,10,600,515,0.8583333333333333,0.16666666666666666,60,false
2,seed,30,600,403,0.6716666666666666,0.16666666666666666,60,false
2,seed,60,600,286,0.4766666666666667,0.16666666666666666,60,false
2,seed,120,600,162,0.27,0.16666666666666666,60,false
2,seed,240,600,84,0.14,0.16666666666666666,60,false
2,seed,480,600,46,0.07666666666666666,0.16666666666666666,60,false
3,seed,10,600,513,0.855,0.16666666666666666,60,false
3,seed,30,600,390,0.65,0.16666666666666666,60,false
3,seed,60,600,295,0.49166666666666664,0.16666666666666666,60,false
3,seed,120,600,157,0.26166666666666666,0.16666666666666666,60,false
3,seed,240,600,96,0.16,0.16666666666666666,60,false
3,seed,480,600,46,0.07666666666666666,0.16666666666666666,60,false
4,seed,10,600,503,0.8383333333333334,0.16666666666666666,60,false
4,seed,30,600,374,0.6233333333333333,0.16666666666666666,60,false
4,seed,60,600,272,0.4533333333333333,0.16666666666666666,60,false
4,seed,120,600,166,0.27666666666666667,0.16666666666666666,60,false
4,seed,240,600,88,0.14666666666666667,0.16666666666666666,60,false
4,seed,480,600,45,0.075,0.16666666666666666,60,false
5,seed,10,600,525,0.875,0.16666666666666666,60,false
5,seed,30,600,414,0.69,0.16666666666666666,60,false
5,seed,60,600,293,0.48833333333333334,0.16666666666666666,60,false
5,seed,120,600,167,0.2783333333333333,0.16666666666666666,60,false
5,seed,240,600,77,0.12833333333333333,0.16666666666666666,60,false
5,seed,480,600,43,0.07166666666666667,0.16666666666666666,60,false
,pooled,10,3000,2570,0.8566666666666667,0.16666666666666666,300,false
,pooled,30,3000,1982,0.6606666666666666,0.16666666666666666,300,false
,pooled,60,3000,1430,0.4766666666666667,0.16666666666666666,300,false
,pooled,120,3000,834,0.278,0.16666666666666666,300,false
,pooled,240,3000,435,0.145,0.16666666666666666,300,false
,pooled,480,3000,234,0.078,0.16666666666666666,300,false
