case_id,weight_id,training_seed,metric,paired_ratio,ratio_sample_sd,n_valid_repeats
full_N2000_K100_H200_nominal_t0p05,nominal,1,outage_percent,1,,
full_N2000_K100_H200_nominal_t0p05,nominal,2,outage_percent,1,,
full_N2000_K100_H200_nominal_t0p05,nominal,3,outage_percent,1,,
full_N2000_K100_H200_nominal_t0p05,nominal,4,outage_percent,1,,
full_N2000_K100_H200_nominal_t0p05,nominal,5,outage_percent,1,,
full_N2000_K100_H200_nominal_t0p05,nominal,1,hof_percent,1,,
full_N2000_K100_H200_nominal_t0p05,nominal,2,hof_percent,1,,
full_N2000_K100_H200_nominal_t0p05,nominal,3,hof_percent,1,,
full_N2000_K100_H200_nominal_t0p05,nominal,4,hof_percent,1,,
full_N2000_K100_H200_nominal_t0p05,nominal,5,hof_percent,1,,
full_N2000_K100_H200_nominal_t0p05,nominal,1,pp_percent,1,,
full_N2000_K100_H200_nominal_t0p05,nominal,2,pp_percent,1,,
full_N2000_K100_H200_nominal_t0p05,nominal,3,pp_percent,1,,
full_N2000_K100_H200_nominal_t0p05,nominal,4,pp_percent,1,,
full_N2000_K100_H200_nominal_t0p05,nominal,5,pp_percent,1,,
full_N2000_K100_H200_nominal_t0p05,nominal,1,tp_Mbps,1,,
full_N2000_K100_H200_nominal_t0p05,nominal,2,tp_Mbps,1,,
full_N2000_K100_H200_nominal_t0p05,nominal,3,tp_Mbps,1,,
full_N2000_K100_H200_nominal_t0p05,nominal,4,tp_Mbps,1,,
full_N2000_K100_H200_nominal_t0p05,nominal,5,tp_Mbps,1,,
full_N2000_K100_H200_nominal_t0p05,nominal,1,peak_normalized,1,,
full_N2000_K100_H200_nominal_t0p05,nominal,2,peak_normalized,1,,
full_N2000_K100_H200_nominal_t0p05,nominal,3,peak_normalized,1,,
full_N2000_K100_H200_nominal_t0p05,nominal,4,peak_normalized,1,,
full_N2000_K100_H200_nominal_t0p05,nominal,5,peak_normalized,1,,
full_N2000_K100_H200_w_out_0p5_t0p05,w_out_0p5,1,outage_percent,0.9887174763988027,,
full_N2000_K100_H200_w_out_0p5_t0p05,w_out_0p5,2,outage_percent,1.2911906575272913,,
full_N2000_K100_H200_w_out_0p5_t0p05,w_out_0p5,3,outage_percent,1.453205128205128,,
full_N2000_K100_H200_w_out_0p5_t0p05,w_out_0p5,4,outage_percent,1.0352469959946595,,
full_N2000_K100_H200_w_out_0p5_t0p05,w_out_0p5,5,outage_percent,1.394677781340173,,
full_N2000_K100_H200_w_out_0p5_t0p05,w_out_0p5,1,hof_percent,0.9835560582903687,,
full_N2000_K100_H200_w_out_0p5_t0p05,w_out_0p5,2,hof_percent,1.3064200946976656,,
full_N2000_K100_H200_w_out_0p5_t0p05,w_out_0p5,3,hof_percent,1.4072852196774004,,
full_N2000_K100_H200_w_out_0p5_t0p05,w_out_0p5,4,hof_percent,1.0208982487253284,,
full_N2000_K100_H200_w_out_0p5_t0p05,w_out_0p5,5,hof_percent,1.3272537157845572,,
full_N2000_K100_H200_w_out_0p5_t0p05,w_out_0p5,1,pp_percent,0.7603231597845602,,
full_N2000_K100_H200_w_out_0p5_t0p05,w_out_0p5,2,pp_percent,0.9047619047619047,,
full_N2000_K100_H200_w_out_0p5_t0p05,w_out_0p5,3,pp_percent,0.9887766554433222,,
full_N2000_K100_H200_w_out_0p5_t0p05,w_out_0p5,4,pp_percent,0.8034447821681864,,
full_N2000_K100_H200_w_out_0p5_t0p05,w_out_0p5,5,pp_percent,0.9517396184062851,,
full_N2000_K100_H200_w_out_0p5_t0p05,w_out_0p5,1,tp_Mbps,1.0045220584152306,,
full_N2000_K100_H200_w_out_0p5_t0p05,w_out_0p5,2,tp_Mbps,0.99555209767061,,
full_N2000_K100_H200_w_out_0p5_t0p05,w_out_0p5,3,tp_Mbps,0.9919677669958997,,
full_N2000_K100_H200_w_out_0p5_t0p05,w_out_0p5,4,tp_Mbps,1.002873455542964,,
full_N2000_K100_H200_w_out_0p5_t0p05,w_out_0p5,5,tp_Mbps,0.9933328655452541,,
full_N2000_K100_H200_w_out_0p5_t0p05,w_out_0p5,1,peak_normalized,1.005832791310371,,
full_N2000_K100_H200_w_out_0p5_t0p05,w_out_0p5,2,peak_normalized,1.0108397876991697,,
full_N2000_K100_H200_w_out_0p5_t0p05,w_out_0p5,3,peak_normalized,1.006727328002403,,
full_N2000_K100_H200_w_out_0p5_t0p05,w_out_0p5,4,peak_normalized,1.019678391037598,,
full_N2000_K100_H200_w_out_0p5_t0p05,w_out_0p5,5,peak_normalized,1.0021688495157415,,
full_N2000_K100_H200_w_out_0p75_t0p05,w_out_0p75,1,outage_percent,0.7405019571724615,,
full_N2000_K100_H200_w_out_0p75_t0p05,w_out_0p75,2,outage_percent,1.0144706778370145,,
full_N2000_K100_H200_w_out_0p75_t0p05,w_out_0p75,3,outage_percent,1.608974358974359,,
full_N2000_K100_H200_w_out_0p75_t0p05,w_out_0p75,4,outage_percent,1.025634178905207,,
full_N2000_K100_H200_w_out_0p75_t0p05,w_out_0p75,5,outage_percent,1.3058672651490861,,
full_N2000_K100_H200_w_out_0p75_t0p05,w_out_0p75,1,hof_percent,0.7636333474889944,,
full_N2000_K100_H200_w_out_0p75_t0p05,w_out_0p75,2,hof_percent,1.026225094430932,,
full_N2000_K100_H200_w_out_0p75_t0p05,w_out_0p75,3,hof_percent,1.5598988092764228,,
full_N2000_K100_H200_w_out_0p75_t0p05,w_out_0p75,4,hof_percent,1.0182706810583844,,
full_N2000_K100_H200_w_out_0p75_t0p05,w_out_0p75,5,hof_percent,1.2467755044600206,,
full_N2000_K100_H200_w_out_0p75_t0p05,w_out_0p75,1,pp_percent,0.7235188509874327,,
full_N2000_K100_H200_w_out_0p75_t0p05,w_out_0p75,2,pp_percent,0.8892128279883381,,
full_N2000_K100_H200_w_out_0p75_t0p05,w_out_0p75,3,pp_percent,1.1907968574635241,,
full_N2000_K100_H200_w_out_0p75_t0p05,w_out_0p75,4,pp_percent,0.9057750759878418,,
full_N2000_K100_H200_w_out_0p75_t0p05,w_out_0p75,5,pp_percent,1.0415263748597081,,
full_N2000_K100_H200_w_out_0p75_t0p05,w_out_0p75,1,tp_Mbps,1.0117971702971553,,
full_N2000_K100_H200_w_out_0p75_t0p05,w_out_0p75,2,tp_Mbps,1.0015908307127763,,
full_N2000_K100_H200_w_out_0p75_t0p05,w_out_0p75,3,tp_Mbps,0.9865720486157448,,
full_N2000_K100_H200_w_out_0p75_t0p05,w_out_0p75,4,tp_Mbps,1.001123349265898,,
full_N2000_K100_H200_w_out_0p75_t0p05,w_out_0p75,5,tp_Mbps,0.9934932184523094,,
full_N2000_K100_H200_w_out_0p75_t0p05,w_out_0p75,1,peak_normalized,1.0062170006820323,,
full_N2000_K100_H200_w_out_0p75_t0p05,w_out_0p75,2,peak_normalized,1.0095292440042973,,
full_N2000_K100_H200_w_out_0p75_t0p05,w_out_0p75,3,peak_normalized,1.0021522059325532,,
full_N2000_K100_H200_w_out_0p75_t0p05,w_out_0p75,4,peak_normalized,1.0040049206825614,,
full_N2000_K100_H200_w_out_0p75_t0p05,w_out_0p75,5,peak_normalized,1.0055256118730775,,
full_N2000_K100_H200_w_out_1p25_t0p05,w_out_1p25,1,outage_percent,0.7094174533732442,,
full_N2000_K100_H200_w_out_1p25_t0p05,w_out_1p25,2,outage_percent,0.8263518659558263,,
full_N2000_K100_H200_w_out_1p25_t0p05,w_out_1p25,3,outage_percent,1.0298076923076922,,
full_N2000_K100_H200_w_out_1p25_t0p05,w_out_1p25,4,outage_percent,1.014686248331108,,
full_N2000_K100_H200_w_out_1p25_t0p05,w_out_1p25,5,outage_percent,0.9394036550176338,,
full_N2000_K100_H200_w_out_1p25_t0p05,w_out_1p25,1,hof_percent,0.72857076317864,,
full_N2000_K100_H200_w_out_1p25_t0p05,w_out_1p25,2,hof_percent,0.8371533103113497,,
full_N2000_K100_H200_w_out_1p25_t0p05,w_out_1p25,3,hof_percent,1.0166363866796018,,
full_N2000_K100_H200_w_out_1p25_t0p05,w_out_1p25,4,hof_percent,1.0001688184627886,,
full_N2000_K100_H200_w_out_1p25_t0p05,w_out_1p25,5,hof_percent,0.9213877141128123,,
full_N2000_K100_H200_w_out_1p25_t0p05,w_out_1p25,1,pp_percent,0.8904847396768403,,
full_N2000_K100_H200_w_out_1p25_t0p05,w_out_1p25,2,pp_percent,1.0019436345966959,,
full_N2000_K100_H200_w_out_1p25_t0p05,w_out_1p25,3,pp_percent,1.1560044893378227,,
full_N2000_K100_H200_w_out_1p25_t0p05,w_out_1p25,4,pp_percent,1.1681864235055723,,
full_N2000_K100_H200_w_out_1p25_t0p05,w_out_1p25,5,pp_percent,1.065095398428732,,
full_N2000_K100_H200_w_out_1p25_t0p05,w_out_1p25,1,tp_Mbps,1.0091491495338483,,
full_N2000_K100_H200_w_out_1p25_t0p05,w_out_1p25,2,tp_Mbps,1.0039561388298153,,
full_N2000_K100_H200_w_out_1p25_t0p05,w_out_1p25,3,tp_Mbps,0.9968966346434879,,
full_N2000_K100_H200_w_out_1p25_t0p05,w_out_1p25,4,tp_Mbps,0.9974202858607095,,
full_N2000_K100_H200_w_out_1p25_t0p05,w_out_1p25,5,tp_Mbps,0.9999910683095117,,
full_N2000_K100_H200_w_out_1p25_t0p05,w_out_1p25,1,peak_normalized,0.9976117842660234,,
full_N2000_K100_H200_w_out_1p25_t0p05,w_out_1p25,2,peak_normalized,1.0038151073546064,,
full_N2000_K100_H200_w_out_1p25_t0p05,w_out_1p25,3,peak_normalized,1.0041822919123713,,
full_N2000_K100_H200_w_out_1p25_t0p05,w_out_1p25,4,peak_normalized,1.0051753011451612,,
full_N2000_K100_H200_w_out_1p25_t0p05,w_out_1p25,5,peak_normalized,1.0033173978786718,,
full_N2000_K100_H200_w_out_1p5_t0p05,w_out_1p5,1,outage_percent,0.6541561132857472,,
full_N2000_K100_H200_w_out_1p5_t0p05,w_out_1p5,2,outage_percent,0.6773292713886774,,
full_N2000_K100_H200_w_out_1p5_t0p05,w_out_1p5,3,outage_percent,1.2807692307692309,,
full_N2000_K100_H200_w_out_1p5_t0p05,w_out_1p5,4,outage_percent,0.9559412550066756,,
full_N2000_K100_H200_w_out_1p5_t0p05,w_out_1p5,5,outage_percent,1.131131773004168,,
full_N2000_K100_H200_w_out_1p5_t0p05,w_out_1p5,1,hof_percent,0.655762787799803,,
full_N2000_K100_H200_w_out_1p5_t0p05,w_out_1p5,2,hof_percent,0.6753082273777737,,
full_N2000_K100_H200_w_out_1p5_t0p05,w_out_1p5,3,hof_percent,1.2425662512212716,,
full_N2000_K100_H200_w_out_1p5_t0p05,w_out_1p5,4,hof_percent,0.9539364860252467,,
full_N2000_K100_H200_w_out_1p5_t0p05,w_out_1p5,5,hof_percent,1.1152239592543542,,
full_N2000_K100_H200_w_out_1p5_t0p05,w_out_1p5,1,pp_percent,0.9694793536804309,,
full_N2000_K100_H200_w_out_1p5_t0p05,w_out_1p5,2,pp_percent,1.0029154518950438,,
full_N2000_K100_H200_w_out_1p5_t0p05,w_out_1p5,3,pp_percent,1.5274971941638609,,
full_N2000_K100_H200_w_out_1p5_t0p05,w_out_1p5,4,pp_percent,1.2644376899696046,,
full_N2000_K100_H200_w_out_1p5_t0p05,w_out_1p5,5,pp_percent,1.3872053872053873,,
full_N2000_K100_H200_w_out_1p5_t0p05,w_out_1p5,1,tp_Mbps,1.009699346451961,,
full_N2000_K100_H200_w_out_1p5_t0p05,w_out_1p5,2,tp_Mbps,1.0083643757616194,,
full_N2000_K100_H200_w_out_1p5_t0p05,w_out_1p5,3,tp_Mbps,0.9879272043608627,,
full_N2000_K100_H200_w_out_1p5_t0p05,w_out_1p5,4,tp_Mbps,0.9972603978598703,,
full_N2000_K100_H200_w_out_1p5_t0p05,w_out_1p5,5,tp_Mbps,0.9920230179897265,,
full_N2000_K100_H200_w_out_1p5_t0p05,w_out_1p5,1,peak_normalized,1.0011745550070275,,
full_N2000_K100_H200_w_out_1p5_t0p05,w_out_1p5,2,peak_normalized,1.0052290545309772,,
full_N2000_K100_H200_w_out_1p5_t0p05,w_out_1p5,3,peak_normalized,1.000973365689288,,
full_N2000_K100_H200_w_out_1p5_t0p05,w_out_1p5,4,peak_normalized,1.0122736632138496,,
full_N2000_K100_H200_w_out_1p5_t0p05,w_out_1p5,5,peak_normalized,1.0094712130166172,,
full_N2000_K100_H200_w_ho_0p5_t0p05,w_ho_0p5,1,outage_percent,0.7504029472714714,,
full_N2000_K100_H200_w_ho_0p5_t0p05,w_ho_0p5,2,outage_percent,0.7222645341457223,,
full_N2000_K100_H200_w_ho_0p5_t0p05,w_ho_0p5,3,outage_percent,1.2083333333333333,,
full_N2000_K100_H200_w_ho_0p5_t0p05,w_ho_0p5,4,outage_percent,0.9297730307076102,,
full_N2000_K100_H200_w_ho_0p5_t0p05,w_ho_0p5,5,outage_percent,1.1680025649246553,,
full_N2000_K100_H200_w_ho_0p5_t0p05,w_ho_0p5,1,hof_percent,0.7731383802528414,,
full_N2000_K100_H200_w_ho_0p5_t0p05,w_ho_0p5,2,hof_percent,0.7209657875909558,,
full_N2000_K100_H200_w_ho_0p5_t0p05,w_ho_0p5,3,hof_percent,1.1908251474712956,,
full_N2000_K100_H200_w_ho_0p5_t0p05,w_ho_0p5,4,hof_percent,0.9352582826414563,,
full_N2000_K100_H200_w_ho_0p5_t0p05,w_ho_0p5,5,hof_percent,1.1516193238183088,,
full_N2000_K100_H200_w_ho_0p5_t0p05,w_ho_0p5,1,pp_percent,1.4183123877917416,,
full_N2000_K100_H200_w_ho_0p5_t0p05,w_ho_0p5,2,pp_percent,1.3819241982507289,,
full_N2000_K100_H200_w_ho_0p5_t0p05,w_ho_0p5,3,pp_percent,1.9450056116722785,,
full_N2000_K100_H200_w_ho_0p5_t0p05,w_ho_0p5,4,pp_percent,1.6727456940222896,,
full_N2000_K100_H200_w_ho_0p5_t0p05,w_ho_0p5,5,pp_percent,1.9102132435465768,,
full_N2000_K100_H200_w_ho_0p5_t0p05,w_ho_0p5,1,tp_Mbps,1.0069716077535982,,
full_N2000_K100_H200_w_ho_0p5_t0p05,w_ho_0p5,2,tp_Mbps,1.0081680613245356,,
full_N2000_K100_H200_w_ho_0p5_t0p05,w_ho_0p5,3,tp_Mbps,0.991788498082968,,
full_N2000_K100_H200_w_ho_0p5_t0p05,w_ho_0p5,4,tp_Mbps,0.9999050832239728,,
full_N2000_K100_H200_w_ho_0p5_t0p05,w_ho_0p5,5,tp_Mbps,0.9928707508495606,,
full_N2000_K100_H200_w_ho_0p5_t0p05,w_ho_0p5,1,peak_normalized,0.9825805231764883,,
full_N2000_K100_H200_w_ho_0p5_t0p05,w_ho_0p5,2,peak_normalized,1.0057154425153698,,
full_N2000_K100_H200_w_ho_0p5_t0p05,w_ho_0p5,3,peak_normalized,0.993594335073532,,
full_N2000_K100_H200_w_ho_0p5_t0p05,w_ho_0p5,4,peak_normalized,0.9849128231272168,,
full_N2000_K100_H200_w_ho_0p5_t0p05,w_ho_0p5,5,peak_normalized,0.9895992051192544,,
full_N2000_K100_H200_w_ho_0p75_t0p05,w_ho_0p75,1,outage_percent,0.8220124338015197,,
full_N2000_K100_H200_w_ho_0p75_t0p05,w_ho_0p75,2,outage_percent,0.7357197258187357,,
full_N2000_K100_H200_w_ho_0p75_t0p05,w_ho_0p75,3,outage_percent,1.096794871794872,,
full_N2000_K100_H200_w_ho_0p75_t0p05,w_ho_0p75,4,outage_percent,1.0405874499332444,,
full_N2000_K100_H200_w_ho_0p75_t0p05,w_ho_0p75,5,outage_percent,0.9894196857967296,,
full_N2000_K100_H200_w_ho_0p75_t0p05,w_ho_0p75,1,hof_percent,0.8340928198358083,,
full_N2000_K100_H200_w_ho_0p75_t0p05,w_ho_0p75,2,hof_percent,0.7429256531819338,,
full_N2000_K100_H200_w_ho_0p75_t0p05,w_ho_0p75,3,hof_percent,1.0783240956737723,,
full_N2000_K100_H200_w_ho_0p75_t0p05,w_ho_0p75,4,hof_percent,1.032152284702981,,
full_N2000_K100_H200_w_ho_0p75_t0p05,w_ho_0p75,5,hof_percent,0.972394896146454,,
full_N2000_K100_H200_w_ho_0p75_t0p05,w_ho_0p75,1,pp_percent,1.1301615798922802,,
full_N2000_K100_H200_w_ho_0p75_t0p05,w_ho_0p75,2,pp_percent,1.0787172011661808,,
full_N2000_K100_H200_w_ho_0p75_t0p05,w_ho_0p75,3,pp_percent,1.378226711560045,,
full_N2000_K100_H200_w_ho_0p75_t0p05,w_ho_0p75,4,pp_percent,1.3637284701114487,,
full_N2000_K100_H200_w_ho_0p75_t0p05,w_ho_0p75,5,pp_percent,1.3019079685746353,,
full_N2000_K100_H200_w_ho_0p75_t0p05,w_ho_0p75,1,tp_Mbps,1.0054587131189934,,
full_N2000_K100_H200_w_ho_0p75_t0p05,w_ho_0p75,2,tp_Mbps,1.0088222063342513,,
full_N2000_K100_H200_w_ho_0p75_t0p05,w_ho_0p75,3,tp_Mbps,0.9957867834806493,,
full_N2000_K100_H200_w_ho_0p75_t0p05,w_ho_0p75,4,tp_Mbps,0.9973936666781196,,
full_N2000_K100_H200_w_ho_0p75_t0p05,w_ho_0p75,5,tp_Mbps,0.9991653331145193,,
full_N2000_K100_H200_w_ho_0p75_t0p05,w_ho_0p75,1,peak_normalized,0.9987914205510435,,
full_N2000_K100_H200_w_ho_0p75_t0p05,w_ho_0p75,2,peak_normalized,1.0070789759825647,,
full_N2000_K100_H200_w_ho_0p75_t0p05,w_ho_0p75,3,peak_normalized,1.0171828587830727,,
full_N2000_K100_H200_w_ho_0p75_t0p05,w_ho_0p75,4,peak_normalized,1.0036804456761166,,
full_N2000_K100_H200_w_ho_0p75_t0p05,w_ho_0p75,5,peak_normalized,1.0058775565918807,,
full_N2000_K100_H200_w_ho_1p25_t0p05,w_ho_1p25,1,outage_percent,0.8804973520607875,,
full_N2000_K100_H200_w_ho_1p25_t0p05,w_ho_1p25,2,outage_percent,0.992891596851993,,
full_N2000_K100_H200_w_ho_1p25_t0p05,w_ho_1p25,3,outage_percent,1.3455128205128204,,
full_N2000_K100_H200_w_ho_1p25_t0p05,w_ho_1p25,4,outage_percent,1.02109479305741,,
full_N2000_K100_H200_w_ho_1p25_t0p05,w_ho_1p25,5,outage_percent,1.3093940365501762,,
full_N2000_K100_H200_w_ho_1p25_t0p05,w_ho_1p25,1,hof_percent,0.878713633129789,,
full_N2000_K100_H200_w_ho_1p25_t0p05,w_ho_1p25,2,hof_percent,1.0007831671451728,,
full_N2000_K100_H200_w_ho_1p25_t0p05,w_ho_1p25,3,hof_percent,1.2877896559934086,,
full_N2000_K100_H200_w_ho_1p25_t0p05,w_ho_1p25,4,hof_percent,1.001419382523338,,
full_N2000_K100_H200_w_ho_1p25_t0p05,w_ho_1p25,5,hof_percent,1.246363037747076,,
full_N2000_K100_H200_w_ho_1p25_t0p05,w_ho_1p25,1,pp_percent,0.699281867145422,,
full_N2000_K100_H200_w_ho_1p25_t0p05,w_ho_1p25,2,pp_percent,0.7677356656948494,,
full_N2000_K100_H200_w_ho_1p25_t0p05,w_ho_1p25,3,pp_percent,0.931537598204265,,
full_N2000_K100_H200_w_ho_1p25_t0p05,w_ho_1p25,4,pp_percent,0.7892603850050658,,
full_N2000_K100_H200_w_ho_1p25_t0p05,w_ho_1p25,5,pp_percent,0.9203142536475871,,
full_N2000_K100_H200_w_ho_1p25_t0p05,w_ho_1p25,1,tp_Mbps,1.0054346396763403,,
full_N2000_K100_H200_w_ho_1p25_t0p05,w_ho_1p25,2,tp_Mbps,1.0013143771609199,,
full_N2000_K100_H200_w_ho_1p25_t0p05,w_ho_1p25,3,tp_Mbps,0.991463485680608,,
full_N2000_K100_H200_w_ho_1p25_t0p05,w_ho_1p25,4,tp_Mbps,1.0003333696516798,,
full_N2000_K100_H200_w_ho_1p25_t0p05,w_ho_1p25,5,tp_Mbps,0.9924647559873211,,
full_N2000_K100_H200_w_ho_1p25_t0p05,w_ho_1p25,1,peak_normalized,1.013133692368994,,
full_N2000_K100_H200_w_ho_1p25_t0p05,w_ho_1p25,2,peak_normalized,1.0154871516761717,,
full_N2000_K100_H200_w_ho_1p25_t0p05,w_ho_1p25,3,peak_normalized,1.008008276266453,,
full_N2000_K100_H200_w_ho_1p25_t0p05,w_ho_1p25,4,peak_normalized,1.0229201756533657,,
full_N2000_K100_H200_w_ho_1p25_t0p05,w_ho_1p25,5,peak_normalized,1.010809857377892,,
full_N2000_K100_H200_w_ho_1p5_t0p05,w_ho_1p5,1,outage_percent,0.8724384066313609,,
full_N2000_K100_H200_w_ho_1p5_t0p05,w_ho_1p5,2,outage_percent,1.0611830413810612,,
full_N2000_K100_H200_w_ho_1p5_t0p05,w_ho_1p5,3,outage_percent,1.8349358974358976,,
full_N2000_K100_H200_w_ho_1p5_t0p05,w_ho_1p5,4,outage_percent,1.357543391188251,,
full_N2000_K100_H200_w_ho_1p5_t0p05,w_ho_1p5,5,outage_percent,1.421930105803142,,
full_N2000_K100_H200_w_ho_1p5_t0p05,w_ho_1p5,1,hof_percent,0.8761999123682751,,
full_N2000_K100_H200_w_ho_1p5_t0p05,w_ho_1p5,2,hof_percent,1.0582793044663847,,
full_N2000_K100_H200_w_ho_1p5_t0p05,w_ho_1p5,3,hof_percent,1.7579419626210833,,
full_N2000_K100_H200_w_ho_1p5_t0p05,w_ho_1p5,4,hof_percent,1.352826097268058,,
full_N2000_K100_H200_w_ho_1p5_t0p05,w_ho_1p5,5,hof_percent,1.3675421518025987,,
full_N2000_K100_H200_w_ho_1p5_t0p05,w_ho_1p5,1,pp_percent,0.5062836624775584,,
full_N2000_K100_H200_w_ho_1p5_t0p05,w_ho_1p5,2,pp_percent,0.5869776482021379,,
full_N2000_K100_H200_w_ho_1p5_t0p05,w_ho_1p5,3,pp_percent,0.8720538720538722,,
full_N2000_K100_H200_w_ho_1p5_t0p05,w_ho_1p5,4,pp_percent,0.7061803444782168,,
full_N2000_K100_H200_w_ho_1p5_t0p05,w_ho_1p5,5,pp_percent,0.7115600448933783,,
full_N2000_K100_H200_w_ho_1p5_t0p05,w_ho_1p5,1,tp_Mbps,1.0068658716323269,,
full_N2000_K100_H200_w_ho_1p5_t0p05,w_ho_1p5,2,tp_Mbps,1.0000562524457337,,
full_N2000_K100_H200_w_ho_1p5_t0p05,w_ho_1p5,3,tp_Mbps,0.9821390297593436,,
full_N2000_K100_H200_w_ho_1p5_t0p05,w_ho_1p5,4,tp_Mbps,0.9919149317122457,,
full_N2000_K100_H200_w_ho_1p5_t0p05,w_ho_1p5,5,tp_Mbps,0.9907194660070543,,
full_N2000_K100_H200_w_ho_1p5_t0p05,w_ho_1p5,1,peak_normalized,1.0059826417414874,,
full_N2000_K100_H200_w_ho_1p5_t0p05,w_ho_1p5,2,peak_normalized,1.0220667860353359,,
full_N2000_K100_H200_w_ho_1p5_t0p05,w_ho_1p5,3,peak_normalized,1.010427835921682,,
full_N2000_K100_H200_w_ho_1p5_t0p05,w_ho_1p5,4,peak_normalized,1.0306915419353118,,
full_N2000_K100_H200_w_ho_1p5_t0p05,w_ho_1p5,5,peak_normalized,1.016728802650703,,
full_N2000_K100_H200_w_load_0p5_t0p05,w_load_0p5,1,outage_percent,0.8443472254202165,,
full_N2000_K100_H200_w_load_0p5_t0p05,w_load_0p5,2,outage_percent,0.7666920538207667,,
full_N2000_K100_H200_w_load_0p5_t0p05,w_load_0p5,3,outage_percent,1.1067307692307693,,
full_N2000_K100_H200_w_load_0p5_t0p05,w_load_0p5,4,outage_percent,0.8670226969292391,,
full_N2000_K100_H200_w_load_0p5_t0p05,w_load_0p5,5,outage_percent,1.2446296890028854,,
full_N2000_K100_H200_w_load_0p5_t0p05,w_load_0p5,1,hof_percent,0.8473996428249996,,
full_N2000_K100_H200_w_load_0p5_t0p05,w_load_0p5,2,hof_percent,0.7689856214270461,,
full_N2000_K100_H200_w_load_0p5_t0p05,w_load_0p5,3,hof_percent,1.0816537584539114,,
full_N2000_K100_H200_w_load_0p5_t0p05,w_load_0p5,4,hof_percent,0.861668150379604,,
full_N2000_K100_H200_w_load_0p5_t0p05,w_load_0p5,5,hof_percent,1.192092600206613,,
full_N2000_K100_H200_w_load_0p5_t0p05,w_load_0p5,1,pp_percent,0.7271095152603231,,
full_N2000_K100_H200_w_load_0p5_t0p05,w_load_0p5,2,pp_percent,0.6666666666666666,,
full_N2000_K100_H200_w_load_0p5_t0p05,w_load_0p5,3,pp_percent,0.8754208754208753,,
full_N2000_K100_H200_w_load_0p5_t0p05,w_load_0p5,4,pp_percent,0.7456940222897669,,
full_N2000_K100_H200_w_load_0p5_t0p05,w_load_0p5,5,pp_percent,0.9382716049382717,,
full_N2000_K100_H200_w_load_0p5_t0p05,w_load_0p5,1,tp_Mbps,1.0086095700880366,,
full_N2000_K100_H200_w_load_0p5_t0p05,w_load_0p5,2,tp_Mbps,1.011460652243149,,
full_N2000_K100_H200_w_load_0p5_t0p05,w_load_0p5,3,tp_Mbps,0.9995209016401898,,
full_N2000_K100_H200_w_load_0p5_t0p05,w_load_0p5,4,tp_Mbps,1.007165187391841,,
full_N2000_K100_H200_w_load_0p5_t0p05,w_load_0p5,5,tp_Mbps,0.9958933462499823,,
full_N2000_K100_H200_w_load_0p5_t0p05,w_load_0p5,1,peak_normalized,1.0627818999369898,,
full_N2000_K100_H200_w_load_0p5_t0p05,w_load_0p5,2,peak_normalized,1.0699335324952561,,
full_N2000_K100_H200_w_load_0p5_t0p05,w_load_0p5,3,peak_normalized,1.0684162514651079,,
full_N2000_K100_H200_w_load_0p5_t0p05,w_load_0p5,4,peak_normalized,1.0726339065991701,,
full_N2000_K100_H200_w_load_0p5_t0p05,w_load_0p5,5,peak_normalized,1.0713115469628527,,
full_N2000_K100_H200_w_load_0p75_t0p05,w_load_0p75,1,outage_percent,0.731752244991941,,
full_N2000_K100_H200_w_load_0p75_t0p05,w_load_0p75,2,outage_percent,1.0208174663620209,,
full_N2000_K100_H200_w_load_0p75_t0p05,w_load_0p75,3,outage_percent,1.376923076923077,,
full_N2000_K100_H200_w_load_0p75_t0p05,w_load_0p75,4,outage_percent,1.0483311081441922,,
full_N2000_K100_H200_w_load_0p75_t0p05,w_load_0p75,5,outage_percent,1.0003206155819173,,
full_N2000_K100_H200_w_load_0p75_t0p05,w_load_0p75,1,hof_percent,0.7521698629659864,,
full_N2000_K100_H200_w_load_0p75_t0p05,w_load_0p75,2,hof_percent,1.0250373147884968,,
full_N2000_K100_H200_w_load_0p75_t0p05,w_load_0p75,3,hof_percent,1.3194150867220669,,
full_N2000_K100_H200_w_load_0p75_t0p05,w_load_0p75,4,hof_percent,1.0405845020462687,,
full_N2000_K100_H200_w_load_0p75_t0p05,w_load_0p75,5,hof_percent,0.9837060961251247,,
full_N2000_K100_H200_w_load_0p75_t0p05,w_load_0p75,1,pp_percent,0.7387791741472173,,
full_N2000_K100_H200_w_load_0p75_t0p05,w_load_0p75,2,pp_percent,0.9096209912536443,,
full_N2000_K100_H200_w_load_0p75_t0p05,w_load_0p75,3,pp_percent,1.1054994388327721,,
full_N2000_K100_H200_w_load_0p75_t0p05,w_load_0p75,4,pp_percent,0.9422492401215805,,
full_N2000_K100_H200_w_load_0p75_t0p05,w_load_0p75,5,pp_percent,0.9124579124579124,,
full_N2000_K100_H200_w_load_0p75_t0p05,w_load_0p75,1,tp_Mbps,1.0114097691039898,,
full_N2000_K100_H200_w_load_0p75_t0p05,w_load_0p75,2,tp_Mbps,1.000606751086961,,
full_N2000_K100_H200_w_load_0p75_t0p05,w_load_0p75,3,tp_Mbps,0.9910037411916556,,
full_N2000_K100_H200_w_load_0p75_t0p05,w_load_0p75,4,tp_Mbps,0.9996798370197937,,
full_N2000_K100_H200_w_load_0p75_t0p05,w_load_0p75,5,tp_Mbps,1.0011922374129456,,
full_N2000_K100_H200_w_load_0p75_t0p05,w_load_0p75,1,peak_normalized,1.0323633230568479,,
full_N2000_K100_H200_w_load_0p75_t0p05,w_load_0p75,2,peak_normalized,1.006696822258338,,
full_N2000_K100_H200_w_load_0p75_t0p05,w_load_0p75,3,peak_normalized,1.010888093765114,,
full_N2000_K100_H200_w_load_0p75_t0p05,w_load_0p75,4,peak_normalized,1.009022090843143,,
full_N2000_K100_H200_w_load_0p75_t0p05,w_load_0p75,5,peak_normalized,1.0311050179299088,,
full_N2000_K100_H200_w_load_1p25_t0p05,w_load_1p25,1,outage_percent,0.8728989177987566,,
full_N2000_K100_H200_w_load_1p25_t0p05,w_load_1p25,2,outage_percent,1.044935262757045,,
full_N2000_K100_H200_w_load_1p25_t0p05,w_load_1p25,3,outage_percent,1.3621794871794872,,
full_N2000_K100_H200_w_load_1p25_t0p05,w_load_1p25,4,outage_percent,0.9353805073431242,,
full_N2000_K100_H200_w_load_1p25_t0p05,w_load_1p25,5,outage_percent,1.2084001282462327,,
full_N2000_K100_H200_w_load_1p25_t0p05,w_load_1p25,1,hof_percent,0.8708191768429634,,
full_N2000_K100_H200_w_load_1p25_t0p05,w_load_1p25,2,hof_percent,1.0408729158717274,,
full_N2000_K100_H200_w_load_1p25_t0p05,w_load_1p25,3,hof_percent,1.3141447608928856,,
full_N2000_K100_H200_w_load_1p25_t0p05,w_load_1p25,4,hof_percent,0.9298242305549432,,
full_N2000_K100_H200_w_load_1p25_t0p05,w_load_1p25,5,hof_percent,1.1659153258073693,,
full_N2000_K100_H200_w_load_1p25_t0p05,w_load_1p25,1,pp_percent,1.0044883303411132,,
full_N2000_K100_H200_w_load_1p25_t0p05,w_load_1p25,2,pp_percent,1.1448007774538387,,
full_N2000_K100_H200_w_load_1p25_t0p05,w_load_1p25,3,pp_percent,1.3423120089786758,,
full_N2000_K100_H200_w_load_1p25_t0p05,w_load_1p25,4,pp_percent,1.0638297872340425,,
full_N2000_K100_H200_w_load_1p25_t0p05,w_load_1p25,5,pp_percent,1.251402918069585,,
full_N2000_K100_H200_w_load_1p25_t0p05,w_load_1p25,1,tp_Mbps,1.0031964715499657,,
full_N2000_K100_H200_w_load_1p25_t0p05,w_load_1p25,2,tp_Mbps,0.9969711687162366,,
full_N2000_K100_H200_w_load_1p25_t0p05,w_load_1p25,3,tp_Mbps,0.9884922407842909,,
full_N2000_K100_H200_w_load_1p25_t0p05,w_load_1p25,4,tp_Mbps,1.0005721271700037,,
full_N2000_K100_H200_w_load_1p25_t0p05,w_load_1p25,5,tp_Mbps,0.9926037088586872,,
full_N2000_K100_H200_w_load_1p25_t0p05,w_load_1p25,1,peak_normalized,0.9611678082926652,,
full_N2000_K100_H200_w_load_1p25_t0p05,w_load_1p25,2,peak_normalized,0.974435998144629,,
full_N2000_K100_H200_w_load_1p25_t0p05,w_load_1p25,3,peak_normalized,0.9712366420474905,,
full_N2000_K100_H200_w_load_1p25_t0p05,w_load_1p25,4,peak_normalized,0.966158563337524,,
full_N2000_K100_H200_w_load_1p25_t0p05,w_load_1p25,5,peak_normalized,0.9633933538252871,,
full_N2000_K100_H200_w_load_1p5_t0p05,w_load_1p5,1,outage_percent,0.7794151508174074,,
full_N2000_K100_H200_w_load_1p5_t0p05,w_load_1p5,2,outage_percent,0.9471947194719472,,
full_N2000_K100_H200_w_load_1p5_t0p05,w_load_1p5,3,outage_percent,1.0208333333333335,,
full_N2000_K100_H200_w_load_1p5_t0p05,w_load_1p5,4,outage_percent,0.8905206942590119,,
full_N2000_K100_H200_w_load_1p5_t0p05,w_load_1p5,5,outage_percent,1.279576787431869,,
full_N2000_K100_H200_w_load_1p5_t0p05,w_load_1p5,1,hof_percent,0.7899413908048358,,
full_N2000_K100_H200_w_load_1p5_t0p05,w_load_1p5,2,hof_percent,0.9634636493002154,,
full_N2000_K100_H200_w_load_1p5_t0p05,w_load_1p5,3,hof_percent,1.0121399493517447,,
full_N2000_K100_H200_w_load_1p5_t0p05,w_load_1p5,4,hof_percent,0.8940845705632738,,
full_N2000_K100_H200_w_load_1p5_t0p05,w_load_1p5,5,hof_percent,1.238047345029987,,
full_N2000_K100_H200_w_load_1p5_t0p05,w_load_1p5,1,pp_percent,1.040394973070018,,
full_N2000_K100_H200_w_load_1p5_t0p05,w_load_1p5,2,pp_percent,1.1817298347910592,,
full_N2000_K100_H200_w_load_1p5_t0p05,w_load_1p5,3,pp_percent,1.2547699214365882,,
full_N2000_K100_H200_w_load_1p5_t0p05,w_load_1p5,4,pp_percent,1.1621073961499493,,
full_N2000_K100_H200_w_load_1p5_t0p05,w_load_1p5,5,pp_percent,1.442199775533109,,
full_N2000_K100_H200_w_load_1p5_t0p05,w_load_1p5,1,tp_Mbps,1.0050614144224201,,
full_N2000_K100_H200_w_load_1p5_t0p05,w_load_1p5,2,tp_Mbps,0.9988512541239456,,
full_N2000_K100_H200_w_load_1p5_t0p05,w_load_1p5,3,tp_Mbps,0.9962709413549223,,
full_N2000_K100_H200_w_load_1p5_t0p05,w_load_1p5,4,tp_Mbps,1.0004776632411903,,
full_N2000_K100_H200_w_load_1p5_t0p05,w_load_1p5,5,tp_Mbps,0.9890371808755495,,
full_N2000_K100_H200_w_load_1p5_t0p05,w_load_1p5,1,peak_normalized,0.9572927023958652,,
full_N2000_K100_H200_w_load_1p5_t0p05,w_load_1p5,2,peak_normalized,0.965304429731147,,
full_N2000_K100_H200_w_load_1p5_t0p05,w_load_1p5,3,peak_normalized,0.9637215577857983,,
full_N2000_K100_H200_w_load_1p5_t0p05,w_load_1p5,4,peak_normalized,0.9625448294459287,,
full_N2000_K100_H200_w_load_1p5_t0p05,w_load_1p5,5,peak_normalized,0.9648111368104701,,
full_N2000_K100_H200_w_rate_0p5_t0p05,w_rate_0p5,1,outage_percent,0.9451991710798987,,
full_N2000_K100_H200_w_rate_0p5_t0p05,w_rate_0p5,2,outage_percent,0.9116527037319118,,
full_N2000_K100_H200_w_rate_0p5_t0p05,w_rate_0p5,3,outage_percent,1.2753205128205127,,
full_N2000_K100_H200_w_rate_0p5_t0p05,w_rate_0p5,4,outage_percent,1.0013351134846462,,
full_N2000_K100_H200_w_rate_0p5_t0p05,w_rate_0p5,5,outage_percent,1.3664636101314525,,
full_N2000_K100_H200_w_rate_0p5_t0p05,w_rate_0p5,1,hof_percent,0.9365210172867807,,
full_N2000_K100_H200_w_rate_0p5_t0p05,w_rate_0p5,2,hof_percent,0.9226445454563984,,
full_N2000_K100_H200_w_rate_0p5_t0p05,w_rate_0p5,3,hof_percent,1.2250755943475158,,
full_N2000_K100_H200_w_rate_0p5_t0p05,w_rate_0p5,4,hof_percent,0.9969872307637704,,
full_N2000_K100_H200_w_rate_0p5_t0p05,w_rate_0p5,5,hof_percent,1.3118402402826903,,
full_N2000_K100_H200_w_rate_0p5_t0p05,w_rate_0p5,1,pp_percent,0.947935368043088,,
full_N2000_K100_H200_w_rate_0p5_t0p05,w_rate_0p5,2,pp_percent,0.9212827988338192,,
full_N2000_K100_H200_w_rate_0p5_t0p05,w_rate_0p5,3,pp_percent,1.154882154882155,,
full_N2000_K100_H200_w_rate_0p5_t0p05,w_rate_0p5,4,pp_percent,0.9969604863221885,,
full_N2000_K100_H200_w_rate_0p5_t0p05,w_rate_0p5,5,pp_percent,1.2312008978675646,,
full_N2000_K100_H200_w_rate_0p5_t0p05,w_rate_0p5,1,tp_Mbps,0.9935479366957668,,
full_N2000_K100_H200_w_rate_0p5_t0p05,w_rate_0p5,2,tp_Mbps,0.9948020018249382,,
full_N2000_K100_H200_w_rate_0p5_t0p05,w_rate_0p5,3,tp_Mbps,0.9839646221065022,,
full_N2000_K100_H200_w_rate_0p5_t0p05,w_rate_0p5,4,tp_Mbps,0.9916614031411639,,
full_N2000_K100_H200_w_rate_0p5_t0p05,w_rate_0p5,5,tp_Mbps,0.9815755598624696,,
full_N2000_K100_H200_w_rate_0p5_t0p05,w_rate_0p5,1,peak_normalized,0.9593203630293178,,
full_N2000_K100_H200_w_rate_0p5_t0p05,w_rate_0p5,2,peak_normalized,0.9701885235177218,,
full_N2000_K100_H200_w_rate_0p5_t0p05,w_rate_0p5,3,peak_normalized,0.9717131507627366,,
full_N2000_K100_H200_w_rate_0p5_t0p05,w_rate_0p5,4,peak_normalized,0.9737460016737132,,
full_N2000_K100_H200_w_rate_0p5_t0p05,w_rate_0p5,5,peak_normalized,0.9640140236368908,,
full_N2000_K100_H200_w_rate_0p75_t0p05,w_rate_0p75,1,outage_percent,0.8784250518075064,,
full_N2000_K100_H200_w_rate_0p75_t0p05,w_rate_0p75,2,outage_percent,1.077938563087078,,
full_N2000_K100_H200_w_rate_0p75_t0p05,w_rate_0p75,3,outage_percent,1.0330128205128204,,
full_N2000_K100_H200_w_rate_0p75_t0p05,w_rate_0p75,4,outage_percent,0.9305740987983978,,
full_N2000_K100_H200_w_rate_0p75_t0p05,w_rate_0p75,5,outage_percent,1.4825264507855083,,
full_N2000_K100_H200_w_rate_0p75_t0p05,w_rate_0p75,1,hof_percent,0.8712998104973481,,
full_N2000_K100_H200_w_rate_0p75_t0p05,w_rate_0p75,2,hof_percent,1.07261321222803,,
full_N2000_K100_H200_w_rate_0p75_t0p05,w_rate_0p75,3,hof_percent,1.029291728215295,,
full_N2000_K100_H200_w_rate_0p75_t0p05,w_rate_0p75,4,hof_percent,0.9307024584462145,,
full_N2000_K100_H200_w_rate_0p75_t0p05,w_rate_0p75,5,hof_percent,1.436446577250771,,
full_N2000_K100_H200_w_rate_0p75_t0p05,w_rate_0p75,1,pp_percent,0.9066427289048474,,
full_N2000_K100_H200_w_rate_0p75_t0p05,w_rate_0p75,2,pp_percent,1.0738581146744413,,
full_N2000_K100_H200_w_rate_0p75_t0p05,w_rate_0p75,3,pp_percent,1.022446689113356,,
full_N2000_K100_H200_w_rate_0p75_t0p05,w_rate_0p75,4,pp_percent,0.956433637284701,,
full_N2000_K100_H200_w_rate_0p75_t0p05,w_rate_0p75,5,pp_percent,1.3120089786756455,,
full_N2000_K100_H200_w_rate_0p75_t0p05,w_rate_0p75,1,tp_Mbps,1.0002905446882457,,
full_N2000_K100_H200_w_rate_0p75_t0p05,w_rate_0p75,2,tp_Mbps,0.9932918381091232,,
full_N2000_K100_H200_w_rate_0p75_t0p05,w_rate_0p75,3,tp_Mbps,0.9947317928459908,,
full_N2000_K100_H200_w_rate_0p75_t0p05,w_rate_0p75,4,tp_Mbps,0.9980099835026113,,
full_N2000_K100_H200_w_rate_0p75_t0p05,w_rate_0p75,5,tp_Mbps,0.9829981301002481,,
full_N2000_K100_H200_w_rate_0p75_t0p05,w_rate_0p75,1,peak_normalized,0.9518955301099836,,
full_N2000_K100_H200_w_rate_0p75_t0p05,w_rate_0p75,2,peak_normalized,0.9442267789193298,,
full_N2000_K100_H200_w_rate_0p75_t0p05,w_rate_0p75,3,peak_normalized,0.9746578014417523,,
full_N2000_K100_H200_w_rate_0p75_t0p05,w_rate_0p75,4,peak_normalized,0.9749754386408216,,
full_N2000_K100_H200_w_rate_0p75_t0p05,w_rate_0p75,5,peak_normalized,0.9474134626427645,,
full_N2000_K100_H200_w_rate_1p25_t0p05,w_rate_1p25,1,outage_percent,0.8012894312687082,,
full_N2000_K100_H200_w_rate_1p25_t0p05,w_rate_1p25,2,outage_percent,0.9192688499619194,,
full_N2000_K100_H200_w_rate_1p25_t0p05,w_rate_1p25,3,outage_percent,1.0955128205128204,,
full_N2000_K100_H200_w_rate_1p25_t0p05,w_rate_1p25,4,outage_percent,0.9420560747663551,,
full_N2000_K100_H200_w_rate_1p25_t0p05,w_rate_1p25,5,outage_percent,1.7037512023084322,,
full_N2000_K100_H200_w_rate_1p25_t0p05,w_rate_1p25,1,hof_percent,0.8147045665261613,,
full_N2000_K100_H200_w_rate_1p25_t0p05,w_rate_1p25,2,hof_percent,0.9230947661562644,,
full_N2000_K100_H200_w_rate_1p25_t0p05,w_rate_1p25,3,hof_percent,1.0688530193600694,,
full_N2000_K100_H200_w_rate_1p25_t0p05,w_rate_1p25,4,hof_percent,0.9447688083616979,,
full_N2000_K100_H200_w_rate_1p25_t0p05,w_rate_1p25,5,hof_percent,1.6744976961169118,,
full_N2000_K100_H200_w_rate_1p25_t0p05,w_rate_1p25,1,pp_percent,0.8447037701974867,,
full_N2000_K100_H200_w_rate_1p25_t0p05,w_rate_1p25,2,pp_percent,0.9329446064139942,,
full_N2000_K100_H200_w_rate_1p25_t0p05,w_rate_1p25,3,pp_percent,1.0471380471380474,,
full_N2000_K100_H200_w_rate_1p25_t0p05,w_rate_1p25,4,pp_percent,0.9574468085106382,,
full_N2000_K100_H200_w_rate_1p25_t0p05,w_rate_1p25,5,pp_percent,1.399551066217733,,
full_N2000_K100_H200_w_rate_1p25_t0p05,w_rate_1p25,1,tp_Mbps,1.011439544369258,,
full_N2000_K100_H200_w_rate_1p25_t0p05,w_rate_1p25,2,tp_Mbps,1.007022499237932,,
full_N2000_K100_H200_w_rate_1p25_t0p05,w_rate_1p25,3,tp_Mbps,1.0010992491058333,,
full_N2000_K100_H200_w_rate_1p25_t0p05,w_rate_1p25,4,tp_Mbps,1.0059586212752052,,
full_N2000_K100_H200_w_rate_1p25_t0p05,w_rate_1p25,5,tp_Mbps,0.9866992392565661,,
full_N2000_K100_H200_w_rate_1p25_t0p05,w_rate_1p25,1,peak_normalized,0.9876375739081091,,
full_N2000_K100_H200_w_rate_1p25_t0p05,w_rate_1p25,2,peak_normalized,0.9793164888125024,,
full_N2000_K100_H200_w_rate_1p25_t0p05,w_rate_1p25,3,peak_normalized,0.9913710499466429,,
full_N2000_K100_H200_w_rate_1p25_t0p05,w_rate_1p25,4,peak_normalized,0.9874068634715735,,
full_N2000_K100_H200_w_rate_1p25_t0p05,w_rate_1p25,5,peak_normalized,0.9917166925092341,,
full_N2000_K100_H200_w_rate_1p5_t0p05,w_rate_1p5,1,outage_percent,0.9069767441860465,,
full_N2000_K100_H200_w_rate_1p5_t0p05,w_rate_1p5,2,outage_percent,0.974866717440975,,
full_N2000_K100_H200_w_rate_1p5_t0p05,w_rate_1p5,3,outage_percent,1.0762820512820512,,
full_N2000_K100_H200_w_rate_1p5_t0p05,w_rate_1p5,4,outage_percent,1.1711615487316422,,
full_N2000_K100_H200_w_rate_1p5_t0p05,w_rate_1p5,5,outage_percent,0.8858608528374479,,
full_N2000_K100_H200_w_rate_1p5_t0p05,w_rate_1p5,1,hof_percent,0.9057704556504759,,
full_N2000_K100_H200_w_rate_1p5_t0p05,w_rate_1p5,2,hof_percent,0.9684513696905651,,
full_N2000_K100_H200_w_rate_1p5_t0p05,w_rate_1p5,3,hof_percent,1.0550652962132983,,
full_N2000_K100_H200_w_rate_1p5_t0p05,w_rate_1p5,4,hof_percent,1.1499891232388226,,
full_N2000_K100_H200_w_rate_1p5_t0p05,w_rate_1p5,5,hof_percent,0.8522432865260327,,
full_N2000_K100_H200_w_rate_1p5_t0p05,w_rate_1p5,1,pp_percent,0.9263913824057451,,
full_N2000_K100_H200_w_rate_1p5_t0p05,w_rate_1p5,2,pp_percent,0.9912536443148687,,
full_N2000_K100_H200_w_rate_1p5_t0p05,w_rate_1p5,3,pp_percent,1.0460157126823795,,
full_N2000_K100_H200_w_rate_1p5_t0p05,w_rate_1p5,4,pp_percent,1.1367781155015195,,
full_N2000_K100_H200_w_rate_1p5_t0p05,w_rate_1p5,5,pp_percent,0.931537598204265,,
full_N2000_K100_H200_w_rate_1p5_t0p05,w_rate_1p5,1,tp_Mbps,1.011632073981951,,
full_N2000_K100_H200_w_rate_1p5_t0p05,w_rate_1p5,2,tp_Mbps,1.0090744020499052,,
full_N2000_K100_H200_w_rate_1p5_t0p05,w_rate_1p5,3,tp_Mbps,1.005738332653219,,
full_N2000_K100_H200_w_rate_1p5_t0p05,w_rate_1p5,4,tp_Mbps,1.002863706977487,,
full_N2000_K100_H200_w_rate_1p5_t0p05,w_rate_1p5,5,tp_Mbps,1.0119420385845919,,
full_N2000_K100_H200_w_rate_1p5_t0p05,w_rate_1p5,1,peak_normalized,0.9991348481850555,,
full_N2000_K100_H200_w_rate_1p5_t0p05,w_rate_1p5,2,peak_normalized,1.0058322086258438,,
full_N2000_K100_H200_w_rate_1p5_t0p05,w_rate_1p5,3,peak_normalized,1.0073211329822518,,
full_N2000_K100_H200_w_rate_1p5_t0p05,w_rate_1p5,4,peak_normalized,1.0209266570005442,,
full_N2000_K100_H200_w_rate_1p5_t0p05,w_rate_1p5,5,peak_normalized,1.029486364899584,,
