full_case_id,comparator_case_id,training_seed,outage_term_difference,handover_term_difference,load_term_difference,rate_term_difference,J_user_difference
full_N500_K100_H200_nominal_t0p05,mlp213_N500_K100_H200_nominal_t0p05,1,-0.017216666666666665,-0.001699416666666666,-0.007220166666666666,-0.010354583333333316,-0.0364908333333333
full_N500_K100_H200_nominal_t0p05,mlp213_N500_K100_H200_nominal_t0p05,2,-0.008100000000000003,-0.0010152500000000005,-0.0077838333333333344,-0.0060482569444444394,-0.022947340277777787
full_N500_K100_H200_nominal_t0p05,mlp213_N500_K100_H200_nominal_t0p05,3,-0.00525,-0.0005785833333333331,-0.007571166666666667,-0.0028158611111111006,-0.01621561111111107
full_N500_K100_H200_nominal_t0p05,mlp213_N500_K100_H200_nominal_t0p05,4,-0.00979166666666667,-0.0010400833333333332,-0.007822416666666668,-0.006128854166666651,-0.024783020833333325
full_N500_K100_H200_nominal_t0p05,mlp213_N500_K100_H200_nominal_t0p05,5,-0.004183333333333335,-0.000442416666666667,-0.007760666666666666,-0.001973576388888906,-0.014359993055555575
full_N500_K100_H200_nominal_t0p05,kan_generic_N500_K100_H200_nominal_t0p05,1,-0.019391666666666665,-0.001992333333333333,-0.002480749999999999,-0.006988965277777764,-0.03085371527777776
full_N500_K100_H200_nominal_t0p05,kan_generic_N500_K100_H200_nominal_t0p05,2,-0.014674999999999997,-0.0018140833333333333,-0.002895416666666667,-0.006294513888888891,-0.02567901388888888
full_N500_K100_H200_nominal_t0p05,kan_generic_N500_K100_H200_nominal_t0p05,3,-0.01788333333333334,-0.0019035833333333326,-0.002381666666666666,-0.006542937499999993,-0.02871152083333332
full_N500_K100_H200_nominal_t0p05,kan_generic_N500_K100_H200_nominal_t0p05,4,-0.014216666666666664,-0.0015510833333333325,-0.0025783333333333344,-0.004224555555555552,-0.022570638888888876
full_N500_K100_H200_nominal_t0p05,kan_generic_N500_K100_H200_nominal_t0p05,5,-0.02435,-0.0024510833333333333,-0.002052166666666668,-0.010140958333333344,-0.03899420833333335
full_N500_K100_H200_nominal_t0p05,greedy_analytic_N500_K100_H200_nominal_t0p05,1,-0.0157,0.0061945,0.00821083333333333,-0.0001257430555555435,-0.001420409722222212
full_N500_K100_H200_nominal_t0p05,greedy_analytic_N500_K100_H200_nominal_t0p05,2,-0.0236,0.005171083333333332,0.008697333333333331,-0.007276652777777768,-0.017008236111111116
full_N500_K100_H200_nominal_t0p05,greedy_analytic_N500_K100_H200_nominal_t0p05,3,-0.018225,0.0058920000000000005,0.008672416666666663,-0.002151472222222206,-0.0058120555555555365
full_N500_K100_H200_nominal_t0p05,greedy_analytic_N500_K100_H200_nominal_t0p05,4,-0.01785833333333333,0.005953916666666667,0.008561583333333329,-0.0017862708333333107,-0.00512910416666665
full_N500_K100_H200_nominal_t0p05,greedy_analytic_N500_K100_H200_nominal_t0p05,5,-0.017741666666666666,0.0059672499999999995,0.008512916666666667,-0.0017041666666666722,-0.004965666666666683
full_N500_K100_H200_nominal_t0p05,cox_only_N500_K100_H200_nominal_t0p05,1,-0.010124999999999999,0.0026746666666666668,-0.008447583333333335,-0.008393055555555548,-0.024290972222222193
full_N500_K100_H200_nominal_t0p05,cox_only_N500_K100_H200_nominal_t0p05,2,-0.018025,0.0016512500000000002,-0.007961083333333334,-0.015543965277777771,-0.0398787986111111
full_N500_K100_H200_nominal_t0p05,cox_only_N500_K100_H200_nominal_t0p05,3,-0.012649999999999995,0.002372166666666668,-0.007986,-0.010418784722222213,-0.028682618055555515
full_N500_K100_H200_nominal_t0p05,cox_only_N500_K100_H200_nominal_t0p05,4,-0.012283333333333332,0.002434083333333333,-0.008096833333333334,-0.010053583333333315,-0.02799966666666663
full_N500_K100_H200_nominal_t0p05,cox_only_N500_K100_H200_nominal_t0p05,5,-0.012166666666666666,0.0024474166666666668,-0.0081455,-0.009971479166666675,-0.027836229166666664
full_N500_K100_H200_nominal_t0p05,no_triplet_N500_K100_H200_nominal_t0p05,1,-0.038958333333333345,-0.0020791666666666667,-0.006164416666666668,-0.017088097222222213,-0.06429001388888887
full_N500_K100_H200_nominal_t0p05,no_triplet_N500_K100_H200_nominal_t0p05,2,-0.040799999999999996,-0.0027224166666666664,-0.005898999999999998,-0.021444131944444438,-0.07086554861111113
full_N500_K100_H200_nominal_t0p05,no_triplet_N500_K100_H200_nominal_t0p05,3,-0.027991666666666675,-0.001515916666666666,-0.005983583333333331,-0.012635215277777766,-0.04812638194444442
full_N500_K100_H200_nominal_t0p05,no_triplet_N500_K100_H200_nominal_t0p05,4,-0.025974999999999995,-0.0013360833333333326,-0.006267250000000002,-0.011415034722222212,-0.044993368055555545
full_N500_K100_H200_nominal_t0p05,no_triplet_N500_K100_H200_nominal_t0p05,5,-0.02309166666666667,-0.0011294166666666666,-0.006790583333333335,-0.009953506944444461,-0.040965173611111114
full_N500_K100_H200_nominal_t0p05,mlp_coeff_N500_K100_H200_nominal_t0p05,1,-0.008616666666666668,-0.0005011666666666663,0.00039350000000000035,-0.003989652777777777,-0.012713986111111105
full_N500_K100_H200_nominal_t0p05,mlp_coeff_N500_K100_H200_nominal_t0p05,2,-0.011575000000000002,-0.00101875,0.0007394166666666664,-0.007589361111111107,-0.019443694444444427
full_N500_K100_H200_nominal_t0p05,mlp_coeff_N500_K100_H200_nominal_t0p05,3,-0.005150000000000002,-0.00019275000000000027,0.0007753333333333344,-0.0017056944444444415,-0.006273111111111089
full_N500_K100_H200_nominal_t0p05,mlp_coeff_N500_K100_H200_nominal_t0p05,4,-0.0017583333333333316,0.00018983333333333347,0.00008075000000000257,0.0008969513888889066,-0.0005907986111110764
full_N500_K100_H200_nominal_t0p05,mlp_coeff_N500_K100_H200_nominal_t0p05,5,-0.002125,0.00015483333333333332,0.0001525833333333328,0.0006182708333333174,-0.0011993125000000272
full_N500_K100_H200_nominal_t0p05,no_cox_rst_N500_K100_H200_nominal_t0p05,1,-0.019833333333333335,-0.0011279166666666668,-0.002438166666666667,-0.007942569444444443,-0.031341986111111116
full_N500_K100_H200_nominal_t0p05,no_cox_rst_N500_K100_H200_nominal_t0p05,2,-0.016758333333333333,-0.0012036666666666665,-0.0025359166666666655,-0.008325388888888887,-0.02882330555555556
full_N500_K100_H200_nominal_t0p05,no_cox_rst_N500_K100_H200_nominal_t0p05,3,-0.011949999999999995,-0.0005409999999999999,-0.00248233333333333,-0.0035938263888888764,-0.018567159722222185
full_N500_K100_H200_nominal_t0p05,no_cox_rst_N500_K100_H200_nominal_t0p05,4,-0.018408333333333336,-0.001057,-0.0023849166666666654,-0.007472416666666647,-0.02932266666666665
full_N500_K100_H200_nominal_t0p05,no_cox_rst_N500_K100_H200_nominal_t0p05,5,-0.022491666666666674,-0.0014067500000000002,-0.002069083333333335,-0.009863305555555568,-0.03583080555555559
full_N500_K100_H200_nominal_t0p05,eph_physick_N500_K100_H200_nominal_t0p05,1,-0.007208333333333336,0.0007754166666666667,-0.0032939166666666685,-0.002296034722222219,-0.012022868055555544
full_N500_K100_H200_nominal_t0p05,eph_physick_N500_K100_H200_nominal_t0p05,2,-0.016441666666666667,-0.00035150000000000003,-0.0028010833333333316,-0.010320659722222226,-0.02991490972222223
full_N500_K100_H200_nominal_t0p05,eph_physick_N500_K100_H200_nominal_t0p05,3,-0.0011416666666666667,0.0013190833333333342,-0.0034539166666666676,0.00207072222222223,-0.0012057777777777427
full_N500_K100_H200_nominal_t0p05,eph_physick_N500_K100_H200_nominal_t0p05,4,-0.011258333333333334,0.0003802500000000001,-0.00291525,-0.005224354166666668,-0.019017687500000012
full_N500_K100_H200_nominal_t0p05,eph_physick_N500_K100_H200_nominal_t0p05,5,-0.006366666666666669,0.0008370833333333332,-0.002963999999999997,-0.0017264652777777949,-0.010220048611111136
full_N500_K100_H800_nominal_t0p05,mlp213_N500_K100_H800_nominal_t0p05,1,-0.018337500000000003,-0.0016939166666666663,-0.006762916666666662,-0.010447024305555561,-0.03724135763888888
full_N500_K100_H800_nominal_t0p05,mlp213_N500_K100_H800_nominal_t0p05,2,-0.008835416666666663,-0.0010405208333333334,-0.0074880625000000025,-0.006112060763888887,-0.023476060763888883
full_N500_K100_H800_nominal_t0p05,mlp213_N500_K100_H800_nominal_t0p05,3,-0.005491666666666667,-0.0005768541666666668,-0.007576041666666669,-0.0028593072916666645,-0.01650386979166667
full_N500_K100_H800_nominal_t0p05,mlp213_N500_K100_H800_nominal_t0p05,4,-0.010368750000000001,-0.001055874999999999,-0.007327604166666669,-0.006123043402777775,-0.02487527256944445
full_N500_K100_H800_nominal_t0p05,mlp213_N500_K100_H800_nominal_t0p05,5,-0.004308333333333331,-0.0004454166666666665,-0.0076839166666666636,-0.001973057291666653,-0.014410723958333316
full_N500_K100_H800_nominal_t0p05,kan_generic_N500_K100_H800_nominal_t0p05,1,-0.020789583333333327,-0.0019769999999999996,-0.0022941458333333303,-0.007179357638888892,-0.032240086805555526
full_N500_K100_H800_nominal_t0p05,kan_generic_N500_K100_H800_nominal_t0p05,2,-0.01595,-0.0018450624999999997,-0.002852708333333337,-0.006503217013888895,-0.02715098784722223
full_N500_K100_H800_nominal_t0p05,kan_generic_N500_K100_H800_nominal_t0p05,3,-0.018995833333333333,-0.0019012083333333327,-0.0024787916666666686,-0.006768125000000003,-0.030143958333333342
full_N500_K100_H800_nominal_t0p05,kan_generic_N500_K100_H800_nominal_t0p05,4,-0.015162500000000004,-0.001555562499999999,-0.00274629166666667,-0.004432960069444441,-0.0238973142361111
full_N500_K100_H800_nominal_t0p05,kan_generic_N500_K100_H800_nominal_t0p05,5,-0.025927083333333333,-0.002439249999999999,-0.0019077291666666672,-0.01038835243055556,-0.04066241493055556
full_N1000_K100_H200_nominal_t0p05,mlp213_N1000_K100_H200_nominal_t0p05,1,-0.003141666666666668,-0.0003938333333333329,-0.003159916666666666,-0.0002218541666666557,-0.00691727083333334
full_N1000_K100_H200_nominal_t0p05,mlp213_N1000_K100_H200_nominal_t0p05,2,-0.009333333333333336,-0.0011010833333333328,-0.0024505,-0.005005909722222211,-0.01789082638888886
full_N1000_K100_H200_nominal_t0p05,mlp213_N1000_K100_H200_nominal_t0p05,3,-0.003941666666666667,-0.00042241666666666637,-0.0031170833333333324,-0.0005394583333333436,-0.008020625000000014
full_N1000_K100_H200_nominal_t0p05,mlp213_N1000_K100_H200_nominal_t0p05,4,-0.010791666666666668,-0.0012902499999999997,-0.00234575,-0.006371659722222223,-0.020799326388888904
full_N1000_K100_H200_nominal_t0p05,mlp213_N1000_K100_H200_nominal_t0p05,5,-0.014049999999999998,-0.001584916666666666,-0.002199166666666667,-0.008240020833333342,-0.026074104166666678
full_N1000_K100_H200_nominal_t0p05,kan_generic_N1000_K100_H200_nominal_t0p05,1,-0.012858333333333336,-0.0014637499999999998,-0.0026770833333333325,-0.0031718680555555497,-0.020171034722222217
full_N1000_K100_H200_nominal_t0p05,kan_generic_N1000_K100_H200_nominal_t0p05,2,-0.014724999999999999,-0.001701083333333333,-0.0022639166666666645,-0.004904027777777777,-0.023594027777777794
full_N1000_K100_H200_nominal_t0p05,kan_generic_N1000_K100_H200_nominal_t0p05,3,-0.002025,-0.00031516666666666683,-0.0033027500000000023,0.004369972222222218,-0.0012729444444444496
full_N1000_K100_H200_nominal_t0p05,kan_generic_N1000_K100_H200_nominal_t0p05,4,-0.009408333333333335,-0.00119475,-0.0023835833333333304,-0.0015868402777777706,-0.014573506944444429
full_N1000_K100_H200_nominal_t0p05,kan_generic_N1000_K100_H200_nominal_t0p05,5,-0.0317,-0.003261916666666667,-0.0014589999999999983,-0.014975680555555577,-0.051396597222222236
full_N1000_K100_H200_nominal_t0p05,greedy_analytic_N1000_K100_H200_nominal_t0p05,1,-0.010350000000000002,0.006749249999999999,0.005887333333333332,0.0025824999999999954,0.00486908333333332
full_N1000_K100_H200_nominal_t0p05,greedy_analytic_N1000_K100_H200_nominal_t0p05,2,-0.015491666666666664,0.0061905,0.006483916666666668,-0.0012879930555555594,-0.004105243055555552
full_N1000_K100_H200_nominal_t0p05,greedy_analytic_N1000_K100_H200_nominal_t0p05,3,-0.00749166666666667,0.0071123333333333325,0.005674916666666667,0.004886270833333317,0.010181854166666645
full_N1000_K100_H200_nominal_t0p05,greedy_analytic_N1000_K100_H200_nominal_t0p05,4,-0.018416666666666675,0.005799083333333332,0.006722833333333333,-0.0039170416666666815,-0.00981179166666668
full_N1000_K100_H200_nominal_t0p05,greedy_analytic_N1000_K100_H200_nominal_t0p05,5,-0.015808333333333334,0.006147166666666665,0.006495083333333334,-0.0015826041666666885,-0.004748687500000023
full_N1000_K100_H200_nominal_t0p05,cox_only_N1000_K100_H200_nominal_t0p05,1,-0.0051416666666666685,0.00312075,-0.005251083333333334,-0.004508125000000003,-0.011780125000000015
full_N1000_K100_H200_nominal_t0p05,cox_only_N1000_K100_H200_nominal_t0p05,2,-0.010283333333333335,0.002562,-0.004654499999999998,-0.008378618055555556,-0.020754451388888887
full_N1000_K100_H200_nominal_t0p05,cox_only_N1000_K100_H200_nominal_t0p05,3,-0.0022833333333333334,0.0034838333333333327,-0.0054635,-0.0022043541666666795,-0.006467354166666691
full_N1000_K100_H200_nominal_t0p05,cox_only_N1000_K100_H200_nominal_t0p05,4,-0.013208333333333332,0.002170583333333333,-0.004415583333333333,-0.011007666666666678,-0.026461000000000016
full_N1000_K100_H200_nominal_t0p05,cox_only_N1000_K100_H200_nominal_t0p05,5,-0.010600000000000002,0.002518666666666667,-0.004643333333333333,-0.008673229166666685,-0.021397895833333357
full_N1000_K100_H200_nominal_t0p05,no_triplet_N1000_K100_H200_nominal_t0p05,1,-0.034958333333333334,-0.00197975,-0.0015079166666666663,-0.014547243055555556,-0.05299324305555555
full_N1000_K100_H200_nominal_t0p05,no_triplet_N1000_K100_H200_nominal_t0p05,2,-0.026866666666666667,-0.0015762499999999993,-0.0016991666666666674,-0.011613451388888878,-0.041755534722222175
full_N1000_K100_H200_nominal_t0p05,no_triplet_N1000_K100_H200_nominal_t0p05,3,-0.009525000000000002,0.00010866666666666658,-0.002967583333333334,0.00002720138888887806,-0.01235671527777779
full_N1000_K100_H200_nominal_t0p05,no_triplet_N1000_K100_H200_nominal_t0p05,4,-0.0269,-0.0017339166666666664,-0.001645000000000001,-0.01259645138888888,-0.04287536805555556
full_N1000_K100_H200_nominal_t0p05,no_triplet_N1000_K100_H200_nominal_t0p05,5,-0.03444166666666666,-0.00216425,-0.0012812499999999985,-0.015788055555555573,-0.05367522222222223
full_N1000_K100_H200_nominal_t0p05,mlp_coeff_N1000_K100_H200_nominal_t0p05,1,-0.0038166666666666683,-0.000078,0.00033299999999999904,-0.0008221249999999951,-0.004383791666666666
full_N1000_K100_H200_nominal_t0p05,mlp_coeff_N1000_K100_H200_nominal_t0p05,2,0.004216666666666668,0.0009270000000000007,-0.00016383333333333156,0.006029784722222237,0.01100961805555557
full_N1000_K100_H200_nominal_t0p05,mlp_coeff_N1000_K100_H200_nominal_t0p05,3,0.004583333333333333,0.0009223333333333328,-0.000521333333333331,0.005753534722222217,0.010737868055555554
full_N1000_K100_H200_nominal_t0p05,mlp_coeff_N1000_K100_H200_nominal_t0p05,4,-0.010650000000000001,-0.0008602499999999999,0.0009570000000000014,-0.006292861111111123,-0.016846111111111128
full_N1000_K100_H200_nominal_t0p05,mlp_coeff_N1000_K100_H200_nominal_t0p05,5,-0.009600000000000004,-0.0007212499999999996,0.0009916666666666676,-0.005236777777777794,-0.014566361111111129
full_N1000_K100_H200_nominal_t0p05,no_cox_rst_N1000_K100_H200_nominal_t0p05,1,-0.009933333333333334,-0.00032616666666666666,-0.0006933333333333338,-0.001525673611111102,-0.012478506944444464
full_N1000_K100_H200_nominal_t0p05,no_cox_rst_N1000_K100_H200_nominal_t0p05,2,-0.00664166666666667,-0.00002308333333333329,-0.0008172499999999971,0.0005849305555555596,-0.006897069444444433
full_N1000_K100_H200_nominal_t0p05,no_cox_rst_N1000_K100_H200_nominal_t0p05,3,-0.009733333333333333,-0.00020050000000000005,-0.000987166666666664,-0.0009490555555555522,-0.011870055555555559
full_N1000_K100_H200_nominal_t0p05,no_cox_rst_N1000_K100_H200_nominal_t0p05,4,-0.014116666666666666,-0.0009230000000000001,-0.00017733333333333305,-0.005555513888888891,-0.020772513888888886
full_N1000_K100_H200_nominal_t0p05,no_cox_rst_N1000_K100_H200_nominal_t0p05,5,-0.020858333333333336,-0.0014239166666666662,0.00006658333333333192,-0.009145590277777779,-0.03136125694444445
full_N1000_K100_H200_nominal_t0p05,eph_physick_N1000_K100_H200_nominal_t0p05,1,0.006300000000000002,0.0021695833333333333,-0.0017345000000000019,0.008513243055555548,0.015248326388888867
full_N1000_K100_H200_nominal_t0p05,eph_physick_N1000_K100_H200_nominal_t0p05,2,0.002125000000000001,0.0017221666666666668,-0.0011525833333333318,0.005566625,0.008261208333333355
full_N1000_K100_H200_nominal_t0p05,eph_physick_N1000_K100_H200_nominal_t0p05,3,0.005941666666666669,0.0021926666666666665,-0.0020189166666666667,0.008100062500000003,0.014215479166666663
full_N1000_K100_H200_nominal_t0p05,eph_physick_N1000_K100_H200_nominal_t0p05,4,-0.008683333333333336,0.0005194166666666666,-0.0007208333333333307,-0.0034969513888889027,-0.012381701388888899
full_N1000_K100_H200_nominal_t0p05,eph_physick_N1000_K100_H200_nominal_t0p05,5,-0.0014416666666666662,0.0013304999999999997,-0.0012285833333333328,0.002392708333333325,0.0010529583333333203
full_N1000_K100_H800_nominal_t0p05,mlp213_N1000_K100_H800_nominal_t0p05,1,-0.003595833333333331,-0.00036912500000000004,-0.0034249999999999992,-0.0003696684027777922,-0.0077596267361111325
full_N1000_K100_H800_nominal_t0p05,mlp213_N1000_K100_H800_nominal_t0p05,2,-0.01007291666666667,-0.0010950416666666663,-0.0030502291666666672,-0.005283848958333349,-0.01950203645833335
full_N1000_K100_H800_nominal_t0p05,mlp213_N1000_K100_H800_nominal_t0p05,3,-0.004345833333333334,-0.00042360416666666626,-0.0032797500000000027,-0.0006632569444444492,-0.008712444444444457
full_N1000_K100_H800_nominal_t0p05,mlp213_N1000_K100_H800_nominal_t0p05,4,-0.011129166666666667,-0.0012955,-0.0030597500000000026,-0.006599128472222213,-0.02208354513888888
full_N1000_K100_H800_nominal_t0p05,mlp213_N1000_K100_H800_nominal_t0p05,5,-0.015058333333333333,-0.001587562499999999,-0.0027223749999999965,-0.00855876562499999,-0.0279270364583333
full_N1000_K100_H800_nominal_t0p05,kan_generic_N1000_K100_H800_nominal_t0p05,1,-0.014312499999999999,-0.0014615416666666661,-0.002771666666666665,-0.0034545781249999993,-0.022000286458333337
full_N1000_K100_H800_nominal_t0p05,kan_generic_N1000_K100_H800_nominal_t0p05,2,-0.01569375,-0.0017086666666666652,-0.00271072916666667,-0.005190999999999998,-0.02530414583333334
full_N1000_K100_H800_nominal_t0p05,kan_generic_N1000_K100_H800_nominal_t0p05,3,-0.0024249999999999988,-0.00031024999999999976,-0.0034061666666666676,0.004265090277777777,-0.0018763263888888827
full_N1000_K100_H800_nominal_t0p05,kan_generic_N1000_K100_H800_nominal_t0p05,4,-0.009616666666666664,-0.0011967291666666656,-0.003111666666666667,-0.0017942812500000003,-0.01571934375000001
full_N1000_K100_H800_nominal_t0p05,kan_generic_N1000_K100_H800_nominal_t0p05,5,-0.03448333333333334,-0.003266458333333334,-0.001911625000000001,-0.015556399305555557,-0.055217815972222195
full_N2000_K100_H200_nominal_t0p05,mlp213_N2000_K100_H200_nominal_t0p05,1,-0.00796666666666667,-0.0008138333333333331,-0.0028638333333333324,-0.003250458333333338,-0.014894791666666666
full_N2000_K100_H200_nominal_t0p05,mlp213_N2000_K100_H200_nominal_t0p05,2,-0.010833333333333334,-0.0011954999999999995,-0.0028301666666666657,-0.005693888888888874,-0.02055288888888889
full_N2000_K100_H200_nominal_t0p05,mlp213_N2000_K100_H200_nominal_t0p05,3,-0.011383333333333337,-0.0014635833333333339,-0.0028516666666666686,-0.007665374999999999,-0.023363958333333327
full_N2000_K100_H200_nominal_t0p05,mlp213_N2000_K100_H200_nominal_t0p05,4,-0.009241666666666669,-0.0011044999999999998,-0.0029062499999999987,-0.005049625000000001,-0.01830204166666667
full_N2000_K100_H200_nominal_t0p05,mlp213_N2000_K100_H200_nominal_t0p05,5,-0.012258333333333336,-0.0015700833333333333,-0.0027500833333333327,-0.008345083333333331,-0.024923583333333364
full_N2000_K100_H200_nominal_t0p05,kan_generic_N2000_K100_H200_nominal_t0p05,1,-0.016583333333333332,-0.0017347500000000006,-0.0017794999999999987,-0.004855798611111119,-0.024953381944444457
full_N2000_K100_H200_nominal_t0p05,kan_generic_N2000_K100_H200_nominal_t0p05,2,-0.011591666666666667,-0.0013579999999999996,-0.0021595833333333324,-0.0024005486111110925,-0.01750979861111109
full_N2000_K100_H200_nominal_t0p05,kan_generic_N2000_K100_H200_nominal_t0p05,3,-0.023566666666666666,-0.0027912499999999995,-0.0017488333333333342,-0.012073013888888888,-0.04017976388888889
full_N2000_K100_H200_nominal_t0p05,kan_generic_N2000_K100_H200_nominal_t0p05,4,-0.014741666666666665,-0.0017518333333333325,-0.0019485833333333323,-0.004972680555555565,-0.023414763888888895
full_N2000_K100_H200_nominal_t0p05,kan_generic_N2000_K100_H200_nominal_t0p05,5,-0.016283333333333337,-0.0020613333333333334,-0.0019798333333333347,-0.007304319444444444,-0.02762881944444445
full_N2000_K100_H200_nominal_t0p05,greedy_analytic_N2000_K100_H200_nominal_t0p05,1,-0.010400000000000001,0.006895833333333333,0.002945333333333335,0.002156708333333341,0.001597875000000008
full_N2000_K100_H200_nominal_t0p05,greedy_analytic_N2000_K100_H200_nominal_t0p05,2,-0.01376666666666667,0.006458666666666668,0.0029421666666666676,-0.0006253680555555342,-0.004991201388888889
full_N2000_K100_H200_nominal_t0p05,greedy_analytic_N2000_K100_H200_nominal_t0p05,3,-0.020591666666666668,0.005547333333333333,0.0032204166666666657,-0.00692352777777776,-0.018747444444444438
full_N2000_K100_H200_nominal_t0p05,greedy_analytic_N2000_K100_H200_nominal_t0p05,4,-0.015383333333333334,0.006229916666666668,0.0030596666666666676,-0.0021156041666666623,-0.008209354166666663
full_N2000_K100_H200_nominal_t0p05,greedy_analytic_N2000_K100_H200_nominal_t0p05,5,-0.0206,0.005542166666666666,0.003207833333333333,-0.006945895833333324,-0.018795895833333347
full_N2000_K100_H200_nominal_t0p05,maxsinr_ttt_N2000_K100_H200_nominal_tnative,1,-0.013008333333333337,0.008293749999999999,-0.005509250000000001,0.007468868055555556,-0.0027549652777777694
full_N2000_K100_H200_nominal_t0p05,maxsinr_ttt_N2000_K100_H200_nominal_tnative,2,-0.016375000000000004,0.007856583333333332,-0.005512416666666666,0.004686791666666679,-0.009344041666666665
full_N2000_K100_H200_nominal_t0p05,maxsinr_ttt_N2000_K100_H200_nominal_tnative,3,-0.023199999999999995,0.006945249999999999,-0.005234166666666667,-0.0016113680555555495,-0.023100284722222215
full_N2000_K100_H200_nominal_t0p05,maxsinr_ttt_N2000_K100_H200_nominal_tnative,4,-0.01799166666666667,0.007627833333333333,-0.005394916666666666,0.0031965555555555497,-0.012562194444444442
full_N2000_K100_H200_nominal_t0p05,maxsinr_ttt_N2000_K100_H200_nominal_tnative,5,-0.023208333333333327,0.006940083333333333,-0.00524675,-0.0016337361111111112,-0.023148736111111123
full_N2000_K100_H200_nominal_t0p05,maxrst_N2000_K100_H200_nominal_tnative,1,-0.031466666666666664,0.009572166666666665,-0.009814666666666666,-0.032733263888888885,-0.06444243055555553
full_N2000_K100_H200_nominal_t0p05,maxrst_N2000_K100_H200_nominal_tnative,2,-0.034833333333333334,0.009135,-0.009817833333333336,-0.03551534027777777,-0.07103150694444443
full_N2000_K100_H200_nominal_t0p05,maxrst_N2000_K100_H200_nominal_tnative,3,-0.04165833333333333,0.008223666666666666,-0.00953958333333333,-0.04181350000000001,-0.08478775000000001
full_N2000_K100_H200_nominal_t0p05,maxrst_N2000_K100_H200_nominal_tnative,4,-0.03644999999999999,0.008906250000000001,-0.009700333333333333,-0.03700557638888889,-0.07424965972222222
full_N2000_K100_H200_nominal_t0p05,maxrst_N2000_K100_H200_nominal_tnative,5,-0.041666666666666664,0.0082185,-0.009552166666666665,-0.041835868055555565,-0.08483620138888888
full_N2000_K100_H200_nominal_t0p05,cox_only_N2000_K100_H200_nominal_t0p05,1,-0.00546666666666667,0.0032164999999999997,-0.003697666666666666,-0.003965041666666672,-0.009912874999999998
full_N2000_K100_H200_nominal_t0p05,cox_only_N2000_K100_H200_nominal_t0p05,2,-0.008833333333333335,0.0027793333333333324,-0.0037008333333333333,-0.006747118055555548,-0.016501951388888894
full_N2000_K100_H200_nominal_t0p05,cox_only_N2000_K100_H200_nominal_t0p05,3,-0.015658333333333333,0.0018679999999999997,-0.0034225833333333348,-0.013045277777777777,-0.030258194444444445
full_N2000_K100_H200_nominal_t0p05,cox_only_N2000_K100_H200_nominal_t0p05,4,-0.010450000000000003,0.0025505833333333344,-0.0035833333333333333,-0.008237354166666676,-0.019720104166666672
full_N2000_K100_H200_nominal_t0p05,cox_only_N2000_K100_H200_nominal_t0p05,5,-0.015666666666666666,0.0018628333333333337,-0.003435166666666668,-0.013067645833333339,-0.030306645833333354
full_N2000_K100_H200_nominal_t0p05,leo_madrl_N2000_K100_H200_nominal_tnative,1,-0.007783333333333337,0.002217583333333333,0.00583916666666667,-0.005356062500000002,-0.005082645833333321
full_N2000_K100_H200_nominal_t0p05,leo_madrl_N2000_K100_H200_nominal_tnative,2,-0.019125,0.0011641666666666664,0.006449750000000001,-0.013200041666666645,-0.02471112499999999
full_N2000_K100_H200_nominal_t0p05,leo_madrl_N2000_K100_H200_nominal_tnative,3,-0.018950000000000005,0.000801416666666666,0.006116666666666664,-0.01508713194444444,-0.027119048611111102
full_N2000_K100_H200_nominal_t0p05,leo_madrl_N2000_K100_H200_nominal_tnative,4,-0.009783333333333337,0.0017740000000000002,0.005736333333333332,-0.007667180555555568,-0.009940180555555556
full_N2000_K100_H200_nominal_t0p05,leo_madrl_N2000_K100_H200_nominal_tnative,5,-0.026775,0.0002009166666666667,0.0067777499999999965,-0.019917374999999984,-0.039713708333333334
full_N2000_K100_H200_nominal_t0p05,no_triplet_N2000_K100_H200_nominal_t0p05,1,-0.022741666666666667,-0.0009819999999999996,-0.002460583333333333,-0.007872854166666662,-0.03405710416666663
full_N2000_K100_H200_nominal_t0p05,no_triplet_N2000_K100_H200_nominal_t0p05,2,-0.02206666666666667,-0.0011224999999999996,-0.00246,-0.00846588194444444,-0.034115048611111136
full_N2000_K100_H200_nominal_t0p05,no_triplet_N2000_K100_H200_nominal_t0p05,3,-0.04641666666666667,-0.0032245833333333336,-0.0017398333333333354,-0.023478736111111106,-0.07485981944444443
full_N2000_K100_H200_nominal_t0p05,no_triplet_N2000_K100_H200_nominal_t0p05,4,-0.02113333333333334,-0.0011499999999999993,-0.0024421666666666667,-0.008511798611111121,-0.03323729861111112
full_N2000_K100_H200_nominal_t0p05,no_triplet_N2000_K100_H200_nominal_t0p05,5,-0.024874999999999998,-0.0017189166666666668,-0.002339916666666668,-0.012468951388888884,-0.04140278472222224
full_N2000_K100_H200_nominal_t0p05,mlp_coeff_N2000_K100_H200_nominal_t0p05,1,0.0015333333333333312,0.0005992499999999996,-0.0010268333333333314,0.003194194444444432,0.004299944444444444
full_N2000_K100_H200_nominal_t0p05,mlp_coeff_N2000_K100_H200_nominal_t0p05,2,-0.005558333333333333,-0.00026825000000000015,-0.0007189166666666663,-0.002409326388888885,-0.008954826388888889
full_N2000_K100_H200_nominal_t0p05,mlp_coeff_N2000_K100_H200_nominal_t0p05,3,-0.007558333333333335,-0.0006144166666666669,-0.0007232500000000021,-0.00493739583333333,-0.013833395833333343
full_N2000_K100_H200_nominal_t0p05,mlp_coeff_N2000_K100_H200_nominal_t0p05,4,-0.0005000000000000007,0.00032316666666666686,-0.0010999999999999981,0.0015501319444444388,0.00027329861111112795
full_N2000_K100_H200_nominal_t0p05,mlp_coeff_N2000_K100_H200_nominal_t0p05,5,-0.013983333333333339,-0.0013414999999999998,-0.0005908333333333335,-0.009849333333333321,-0.025765000000000003
full_N2000_K100_H200_nominal_t0p05,no_cox_rst_N2000_K100_H200_nominal_t0p05,1,-0.012141666666666669,-0.0004471666666666667,-0.0011234166666666651,-0.0027338750000000032,-0.01644612499999998
full_N2000_K100_H200_nominal_t0p05,no_cox_rst_N2000_K100_H200_nominal_t0p05,2,-0.005708333333333334,0.00006324999999999965,-0.0012684166666666657,0.0010787847222222366,-0.005834715277777788
full_N2000_K100_H200_nominal_t0p05,no_cox_rst_N2000_K100_H200_nominal_t0p05,3,-0.016741666666666665,-0.0012678333333333337,-0.0008414166666666667,-0.008067243055555557,-0.026918159722222224
full_N2000_K100_H200_nominal_t0p05,no_cox_rst_N2000_K100_H200_nominal_t0p05,4,-0.0032166666666666676,0.000276916666666667,-0.001557666666666666,0.0026793055555555468,-0.001818111111111113
full_N2000_K100_H200_nominal_t0p05,no_cox_rst_N2000_K100_H200_nominal_t0p05,5,-0.022691666666666662,-0.0018232499999999994,-0.0009069166666666665,-0.012044368055555556,-0.03746620138888891
full_N2000_K100_H200_nominal_t0p05,eph_physick_N2000_K100_H200_nominal_t0p05,1,-0.0025083333333333338,0.0012981666666666667,-0.001550583333333333,0.0014961041666666632,-0.0012646458333333184
full_N2000_K100_H200_nominal_t0p05,eph_physick_N2000_K100_H200_nominal_t0p05,2,-0.0043166666666666674,0.0010201666666666664,-0.0015756666666666664,-0.0000773819444444336,-0.0049495486111111025
full_N2000_K100_H200_nominal_t0p05,eph_physick_N2000_K100_H200_nominal_t0p05,3,-0.005800000000000002,0.0007233333333333332,-0.0017765000000000003,-0.001958937500000002,-0.008812104166666675
full_N2000_K100_H200_nominal_t0p05,eph_physick_N2000_K100_H200_nominal_t0p05,4,-0.010275000000000003,0.00041033333333333335,-0.00151025,-0.0046309305555555765,-0.016005847222222223
full_N2000_K100_H200_nominal_t0p05,eph_physick_N2000_K100_H200_nominal_t0p05,5,-0.010491666666666672,0.00018616666666666665,-0.0013514166666666683,-0.005854437499999991,-0.017511354166666673
full_N2000_K100_H800_nominal_t0p05,mlp213_N2000_K100_H800_nominal_t0p05,1,-0.008620833333333331,-0.0008186041666666667,-0.0030540000000000007,-0.003403465277777787,-0.01589690277777781
full_N2000_K100_H800_nominal_t0p05,mlp213_N2000_K100_H800_nominal_t0p05,2,-0.011795833333333335,-0.0011948333333333325,-0.0029862499999999998,-0.005892095486111121,-0.021869012152777794
full_N2000_K100_H800_nominal_t0p05,mlp213_N2000_K100_H800_nominal_t0p05,3,-0.012483333333333336,-0.0014783541666666664,-0.0030561249999999994,-0.007911395833333336,-0.024929208333333334
full_N2000_K100_H800_nominal_t0p05,mlp213_N2000_K100_H800_nominal_t0p05,4,-0.010402083333333333,-0.0011034791666666662,-0.0030842291666666657,-0.005302609375,-0.01989240104166666
full_N2000_K100_H800_nominal_t0p05,mlp213_N2000_K100_H800_nominal_t0p05,5,-0.013489583333333334,-0.001581979166666667,-0.002979979166666667,-0.00861683854166667,-0.02666838020833334
full_N2000_K100_H800_nominal_t0p05,kan_generic_N2000_K100_H800_nominal_t0p05,1,-0.018447916666666665,-0.0017346874999999997,-0.0018498958333333347,-0.0051972638888889144,-0.027229763888888925
full_N2000_K100_H800_nominal_t0p05,kan_generic_N2000_K100_H800_nominal_t0p05,2,-0.012691666666666667,-0.0013520208333333333,-0.0021151250000000007,-0.002584592013888896,-0.0187434045138889
full_N2000_K100_H800_nominal_t0p05,kan_generic_N2000_K100_H800_nominal_t0p05,3,-0.026154166666666676,-0.002808666666666666,-0.0016380416666666661,-0.012510880208333353,-0.04311175520833335
full_N2000_K100_H800_nominal_t0p05,kan_generic_N2000_K100_H800_nominal_t0p05,4,-0.01660625,-0.0017551666666666662,-0.0019274375000000014,-0.005312416666666675,-0.025601270833333325
full_N2000_K100_H800_nominal_t0p05,kan_generic_N2000_K100_H800_nominal_t0p05,5,-0.017856249999999997,-0.0020706041666666663,-0.002025479166666667,-0.007592229166666656,-0.0295445625
full_N2000_K100_H800_nominal_t0p05,greedy_analytic_N2000_K100_H800_nominal_t0p05,1,-0.011595833333333335,0.006878145833333331,0.0035500416666666658,0.002078842013888883,0.0009111961805555328
full_N2000_K100_H800_nominal_t0p05,greedy_analytic_N2000_K100_H800_nominal_t0p05,2,-0.015325000000000004,0.006451041666666666,0.0036508749999999996,-0.0007420711805555494,-0.005965154513888889
full_N2000_K100_H800_nominal_t0p05,greedy_analytic_N2000_K100_H800_nominal_t0p05,3,-0.022814583333333336,0.005520875000000001,0.0038494791666666664,-0.007177562500000001,-0.020621791666666684
full_N2000_K100_H800_nominal_t0p05,greedy_analytic_N2000_K100_H800_nominal_t0p05,4,-0.017316666666666668,0.0062216875,0.003716791666666666,-0.002321407986111106,-0.009699595486111117
full_N2000_K100_H800_nominal_t0p05,greedy_analytic_N2000_K100_H800_nominal_t0p05,5,-0.022831250000000004,0.005516895833333333,0.0038491041666666656,-0.007198289930555546,-0.020663539930555565
full_N2000_K100_H800_nominal_t0p05,maxsinr_ttt_N2000_K100_H800_nominal_tnative,1,-0.0145375,0.008282958333333333,-0.0055602083333333345,0.007201927083333331,-0.004612822916666681
full_N2000_K100_H800_nominal_t0p05,maxsinr_ttt_N2000_K100_H800_nominal_tnative,2,-0.018266666666666664,0.007855854166666667,-0.005459375000000003,0.0043810138888888996,-0.011489173611111103
full_N2000_K100_H800_nominal_t0p05,maxsinr_ttt_N2000_K100_H800_nominal_tnative,3,-0.02575625,0.0069256874999999996,-0.005260770833333334,-0.0020544774305555516,-0.0261458107638889
full_N2000_K100_H800_nominal_t0p05,maxsinr_ttt_N2000_K100_H800_nominal_tnative,4,-0.020258333333333337,0.0076265000000000005,-0.005393458333333336,0.0028016770833333418,-0.01522361458333333
full_N2000_K100_H800_nominal_t0p05,maxsinr_ttt_N2000_K100_H800_nominal_tnative,5,-0.02577291666666667,0.0069217083333333335,-0.0052611458333333356,-0.0020752048611110993,-0.026187559027777776
full_N2000_K100_H800_nominal_t0p05,maxrst_N2000_K100_H800_nominal_tnative,1,-0.03456875,0.009555645833333331,-0.009645187500000001,-0.03318415277777778,-0.06784244444444444
full_N2000_K100_H800_nominal_t0p05,maxrst_N2000_K100_H800_nominal_tnative,2,-0.03829791666666666,0.009128541666666667,-0.009544354166666665,-0.03600506597222222,-0.07471879513888886
full_N2000_K100_H800_nominal_t0p05,maxrst_N2000_K100_H800_nominal_tnative,3,-0.0457875,0.008198375,-0.009345749999999996,-0.04244055729166666,-0.08937543229166665
full_N2000_K100_H800_nominal_t0p05,maxrst_N2000_K100_H800_nominal_tnative,4,-0.04028958333333333,0.008899187499999999,-0.009478437499999999,-0.03758440277777777,-0.07845323611111107
full_N2000_K100_H800_nominal_t0p05,maxrst_N2000_K100_H800_nominal_tnative,5,-0.045804166666666674,0.008194395833333335,-0.009346125000000002,-0.042461284722222215,-0.08941718055555554
full_N2000_K100_H800_nominal_t0p05,cox_only_N2000_K100_H800_nominal_t0p05,1,-0.005933333333333332,0.0032193958333333332,-0.003379583333333334,-0.00395339236111112,-0.010046913194444467
full_N2000_K100_H800_nominal_t0p05,cox_only_N2000_K100_H800_nominal_t0p05,2,-0.009662500000000001,0.002792291666666668,-0.00327875,-0.006774305555555554,-0.016923263888888887
full_N2000_K100_H800_nominal_t0p05,cox_only_N2000_K100_H800_nominal_t0p05,3,-0.017152083333333328,0.001862125,-0.0030801458333333336,-0.013209796875000004,-0.031579901041666684
full_N2000_K100_H800_nominal_t0p05,cox_only_N2000_K100_H800_nominal_t0p05,4,-0.011654166666666663,0.0025629374999999997,-0.0032128333333333336,-0.00835364236111111,-0.020657704861111115
full_N2000_K100_H800_nominal_t0p05,cox_only_N2000_K100_H800_nominal_t0p05,5,-0.017168749999999997,0.0018581458333333334,-0.0030805208333333344,-0.013230524305555552,-0.03162164930555556
full_N2000_K100_H800_nominal_t0p05,leo_madrl_N2000_K100_H800_nominal_tnative,1,-0.008408333333333332,0.0022315000000000004,0.0061222083333333345,-0.005396854166666673,-0.005451479166666673
full_N2000_K100_H800_nominal_t0p05,leo_madrl_N2000_K100_H800_nominal_tnative,2,-0.02140833333333333,0.0011800833333333342,0.006622541666666666,-0.01356176388888889,-0.02716747222222222
full_N2000_K100_H800_nominal_t0p05,leo_madrl_N2000_K100_H800_nominal_tnative,3,-0.02075416666666667,0.0008004374999999998,0.006449625,-0.015331241319444446,-0.028835345486111108
full_N2000_K100_H800_nominal_t0p05,leo_madrl_N2000_K100_H800_nominal_tnative,4,-0.010972916666666667,0.0017998958333333337,0.006168812499999998,-0.007781184027777784,-0.010785392361111116
full_N2000_K100_H800_nominal_t0p05,leo_madrl_N2000_K100_H800_nominal_tnative,5,-0.029668750000000008,0.0002008125,0.006811479166666666,-0.020422548611111105,-0.04307900694444444
full_N2000_K200_H200_nominal_t0p05,mlp213_N2000_K200_H200_nominal_t0p05,1,-0.0111,-0.0007878749999999997,-0.005800000000000004,-0.004427427083333349,-0.022115302083333347
full_N2000_K200_H200_nominal_t0p05,mlp213_N2000_K200_H200_nominal_t0p05,2,-0.015312500000000001,-0.0011516249999999992,-0.005481541666666667,-0.007025312500000006,-0.028970979166666667
full_N2000_K200_H200_nominal_t0p05,mlp213_N2000_K200_H200_nominal_t0p05,3,-0.016550000000000002,-0.0014175416666666666,-0.005173749999999995,-0.009058267361111103,-0.032199559027777776
full_N2000_K200_H200_nominal_t0p05,mlp213_N2000_K200_H200_nominal_t0p05,4,-0.013220833333333331,-0.0010643333333333331,-0.0053952916666666715,-0.006280406250000018,-0.025960864583333337
full_N2000_K200_H200_nominal_t0p05,mlp213_N2000_K200_H200_nominal_t0p05,5,-0.017812500000000002,-0.0015236666666666664,-0.005183708333333333,-0.009815690972222216,-0.034335565972222246
full_N2000_K200_H200_nominal_t0p05,kan_generic_N2000_K200_H200_nominal_t0p05,1,-0.024387500000000006,-0.0016812916666666667,-0.0030967083333333376,-0.006491545138888901,-0.03565704513888892
full_N2000_K200_H200_nominal_t0p05,kan_generic_N2000_K200_H200_nominal_t0p05,2,-0.01645,-0.0013115416666666662,-0.0037847499999999986,-0.003600427083333342,-0.025146718749999998
full_N2000_K200_H200_nominal_t0p05,kan_generic_N2000_K200_H200_nominal_t0p05,3,-0.03457083333333333,-0.0027185833333333337,-0.00258445833333333,-0.014159423611111116,-0.05403329861111113
full_N2000_K200_H200_nominal_t0p05,kan_generic_N2000_K200_H200_nominal_t0p05,4,-0.021504166666666668,-0.001706916666666667,-0.003337958333333335,-0.006470763888888893,-0.033019805555555545
full_N2000_K200_H200_nominal_t0p05,kan_generic_N2000_K200_H200_nominal_t0p05,5,-0.02338333333333333,-0.002002583333333333,-0.003244999999999997,-0.008795697916666666,-0.03742661458333333
full_N2000_K200_H200_nominal_t0p05,greedy_analytic_N2000_K200_H200_nominal_t0p05,1,-0.015062500000000001,0.006827291666666668,0.006828041666666664,0.002167645833333328,0.0007604791666666425
full_N2000_K200_H200_nominal_t0p05,greedy_analytic_N2000_K200_H200_nominal_t0p05,2,-0.019920833333333336,0.006411375,0.0070987083333333345,-0.0007956527777777861,-0.007206402777777787
full_N2000_K200_H200_nominal_t0p05,greedy_analytic_N2000_K200_H200_nominal_t0p05,3,-0.029879166666666665,0.005514000000000001,0.007829375000000003,-0.007526267361111108,-0.024062059027777784
full_N2000_K200_H200_nominal_t0p05,greedy_analytic_N2000_K200_H200_nominal_t0p05,4,-0.02238333333333333,0.006183333333333333,0.007396416666666665,-0.0024054444444444475,-0.011209027777777785
full_N2000_K200_H200_nominal_t0p05,greedy_analytic_N2000_K200_H200_nominal_t0p05,5,-0.029895833333333333,0.005509833333333331,0.007825541666666666,-0.0075470763888888775,-0.024107534722222247
full_N2000_K200_H200_nominal_t0p05,maxsinr_ttt_N2000_K200_H200_nominal_tnative,1,-0.01920833333333333,0.008214541666666667,-0.010998250000000003,0.005134135416666652,-0.016857906250000016
full_N2000_K200_H200_nominal_t0p05,maxsinr_ttt_N2000_K200_H200_nominal_tnative,2,-0.024066666666666667,0.007798625,-0.010727583333333327,0.0021708368055555387,-0.024824788194444447
full_N2000_K200_H200_nominal_t0p05,maxsinr_ttt_N2000_K200_H200_nominal_tnative,3,-0.034025,0.00690125,-0.009996916666666663,-0.004559777777777785,-0.04168044444444443
full_N2000_K200_H200_nominal_t0p05,maxsinr_ttt_N2000_K200_H200_nominal_tnative,4,-0.026529166666666666,0.007570583333333333,-0.010429875,0.0005610451388888767,-0.028827413194444443
full_N2000_K200_H200_nominal_t0p05,maxsinr_ttt_N2000_K200_H200_nominal_tnative,5,-0.03404166666666667,0.006897083333333333,-0.01000075,-0.004580586805555555,-0.04172592013888891
full_N2000_K200_H200_nominal_t0p05,maxrst_N2000_K200_H200_nominal_tnative,1,-0.0457625,0.009497125,-0.019166624999999993,-0.03703296875000001,-0.09246496875000002
full_N2000_K200_H200_nominal_t0p05,maxrst_N2000_K200_H200_nominal_tnative,2,-0.05062083333333332,0.009081208333333337,-0.018895958333333334,-0.03999626736111113,-0.10043185069444442
full_N2000_K200_H200_nominal_t0p05,maxrst_N2000_K200_H200_nominal_tnative,3,-0.06057916666666666,0.008183833333333336,-0.018165291666666663,-0.046726881944444444,-0.11728750694444447
full_N2000_K200_H200_nominal_t0p05,maxrst_N2000_K200_H200_nominal_tnative,4,-0.05308333333333333,0.008853166666666665,-0.01859825,-0.041606059027777774,-0.10443447569444445
full_N2000_K200_H200_nominal_t0p05,maxrst_N2000_K200_H200_nominal_tnative,5,-0.06059583333333332,0.008179666666666667,-0.018169124999999994,-0.0467476909722222,-0.1173329826388889
full_N2000_K200_H200_nominal_t0p05,cox_only_N2000_K200_H200_nominal_t0p05,1,-0.007616666666666668,0.0031843750000000006,-0.006359000000000001,-0.004876034722222238,-0.015667326388888927
full_N2000_K200_H200_nominal_t0p05,cox_only_N2000_K200_H200_nominal_t0p05,2,-0.012474999999999998,0.0027684583333333337,-0.00608833333333333,-0.007839333333333353,-0.023634208333333358
full_N2000_K200_H200_nominal_t0p05,cox_only_N2000_K200_H200_nominal_t0p05,3,-0.02243333333333333,0.0018710833333333325,-0.0053576666666666625,-0.014569947916666678,-0.040489864583333354
full_N2000_K200_H200_nominal_t0p05,cox_only_N2000_K200_H200_nominal_t0p05,4,-0.014937499999999998,0.002540416666666667,-0.005790625,-0.009449125000000011,-0.027636833333333354
full_N2000_K200_H200_nominal_t0p05,cox_only_N2000_K200_H200_nominal_t0p05,5,-0.02245,0.0018669166666666662,-0.005361499999999997,-0.014590756944444446,-0.04053534027777782
full_N2000_K200_H200_nominal_t0p05,leo_madrl_N2000_K200_H200_nominal_tnative,1,-0.010775000000000002,0.0022127916666666663,0.011946499999999997,-0.004512628472222226,-0.0011283368055555706
full_N2000_K200_H200_nominal_t0p05,leo_madrl_N2000_K200_H200_nominal_tnative,2,-0.028224999999999997,0.00119325,0.013213333333333334,-0.013233312500000007,-0.027051729166666663
full_N2000_K200_H200_nominal_t0p05,leo_madrl_N2000_K200_H200_nominal_tnative,3,-0.027066666666666662,0.0008272916666666665,0.013077083333333333,-0.014924128472222218,-0.028086420138888884
full_N2000_K200_H200_nominal_t0p05,leo_madrl_N2000_K200_H200_nominal_tnative,4,-0.013949999999999999,0.0017829166666666668,0.012270833333333338,-0.006926124999999999,-0.006822374999999992
full_N2000_K200_H200_nominal_t0p05,leo_madrl_N2000_K200_H200_nominal_tnative,5,-0.039183333333333334,0.0002512083333333332,0.01399866666666667,-0.020402305555555552,-0.04533576388888891
full_N2000_K300_H200_nominal_t0p05,mlp213_N2000_K300_H200_nominal_t0p05,1,-0.016605555555555557,-0.000753194444444444,-0.008097500000000004,-0.005909106481481473,-0.03136535648148144
full_N2000_K300_H200_nominal_t0p05,mlp213_N2000_K300_H200_nominal_t0p05,2,-0.023288888888888883,-0.0010966944444444448,-0.007379277777777775,-0.008837738425925923,-0.04060259953703705
full_N2000_K300_H200_nominal_t0p05,mlp213_N2000_K300_H200_nominal_t0p05,3,-0.024636111111111116,-0.0013638333333333339,-0.007078027777777782,-0.010899118055555556,-0.043977090277777756
full_N2000_K300_H200_nominal_t0p05,mlp213_N2000_K300_H200_nominal_t0p05,4,-0.020411111111111116,-0.001012638888888889,-0.007444611111111109,-0.007993666666666668,-0.036862027777777785
full_N2000_K300_H200_nominal_t0p05,mlp213_N2000_K300_H200_nominal_t0p05,5,-0.026674999999999994,-0.0014636388888888889,-0.006953861111111113,-0.011770363425925929,-0.04686286342592594
full_N2000_K300_H200_nominal_t0p05,kan_generic_N2000_K300_H200_nominal_t0p05,1,-0.034577777777777784,-0.0015958333333333324,-0.004340444444444448,-0.008553951388888887,-0.04906800694444442
full_N2000_K300_H200_nominal_t0p05,kan_generic_N2000_K300_H200_nominal_t0p05,2,-0.024797222222222227,-0.001249861111111111,-0.0049415277777777765,-0.005342504629629635,-0.03633111574074075
full_N2000_K300_H200_nominal_t0p05,kan_generic_N2000_K300_H200_nominal_t0p05,3,-0.0500361111111111,-0.002600638888888889,-0.0030250277777777806,-0.016963062499999997,-0.07262484027777776
full_N2000_K300_H200_nominal_t0p05,kan_generic_N2000_K300_H200_nominal_t0p05,4,-0.032244444444444444,-0.001625111111111111,-0.004355,-0.008593120370370364,-0.04681767592592593
full_N2000_K300_H200_nominal_t0p05,kan_generic_N2000_K300_H200_nominal_t0p05,5,-0.03448055555555555,-0.0019257222222222217,-0.004186194444444445,-0.010981240740740745,-0.05157371296296296
full_N2000_K300_H200_nominal_t0p05,greedy_analytic_N2000_K300_H200_nominal_t0p05,1,-0.02107222222222222,0.0067717222222222215,0.010740222222222222,0.0019637430555555584,-0.0015965347222221835
full_N2000_K300_H200_nominal_t0p05,greedy_analytic_N2000_K300_H200_nominal_t0p05,2,-0.02871388888888889,0.006379555555555557,0.011482527777777777,-0.001368331018518517,-0.012220136574074064
full_N2000_K300_H200_nominal_t0p05,greedy_analytic_N2000_K300_H200_nominal_t0p05,3,-0.04278333333333333,0.005506416666666666,0.012616611111111113,-0.008741655092592587,-0.03340196064814812
full_N2000_K300_H200_nominal_t0p05,greedy_analytic_N2000_K300_H200_nominal_t0p05,4,-0.03250555555555556,0.006162277777777777,0.011816166666666666,-0.003207708333333328,-0.017734819444444425
full_N2000_K300_H200_nominal_t0p05,greedy_analytic_N2000_K300_H200_nominal_t0p05,5,-0.042825,0.005502944444444445,0.012606305555555553,-0.008770395833333338,-0.03348614583333332
full_N2000_K300_H200_nominal_t0p05,maxsinr_ttt_N2000_K300_H200_nominal_tnative,1,-0.02688055555555556,0.008147055555555557,-0.014643194444444453,0.002920694444444436,-0.030455999999999993
full_N2000_K300_H200_nominal_t0p05,maxsinr_ttt_N2000_K300_H200_nominal_tnative,2,-0.03452222222222222,0.007754888888888889,-0.013900888888888885,-0.0004113796296296396,-0.041079601851851874
full_N2000_K300_H200_nominal_t0p05,maxsinr_ttt_N2000_K300_H200_nominal_tnative,3,-0.048591666666666665,0.00688175,-0.012766805555555554,-0.00778470370370371,-0.06226142592592592
full_N2000_K300_H200_nominal_t0p05,maxsinr_ttt_N2000_K300_H200_nominal_tnative,4,-0.03831388888888889,0.00753761111111111,-0.013567249999999998,-0.0022507569444444506,-0.046594284722222226
full_N2000_K300_H200_nominal_t0p05,maxsinr_ttt_N2000_K300_H200_nominal_tnative,5,-0.048633333333333334,0.006878277777777777,-0.012777111111111112,-0.00781344444444446,-0.062345611111111136
full_N2000_K300_H200_nominal_t0p05,maxrst_N2000_K300_H200_nominal_tnative,1,-0.0646638888888889,0.009422583333333335,-0.02616408333333334,-0.04170919212962964,-0.12311458101851853
full_N2000_K300_H200_nominal_t0p05,maxrst_N2000_K300_H200_nominal_tnative,2,-0.07230555555555555,0.009030416666666662,-0.02542177777777779,-0.04504126620370371,-0.1337381828703704
full_N2000_K300_H200_nominal_t0p05,maxrst_N2000_K300_H200_nominal_tnative,3,-0.08637500000000004,0.008157277777777777,-0.024287694444444455,-0.05241459027777779,-0.15492000694444444
full_N2000_K300_H200_nominal_t0p05,maxrst_N2000_K300_H200_nominal_tnative,4,-0.07609722222222225,0.008813138888888888,-0.025088138888888892,-0.04688064351851852,-0.13925286574074075
full_N2000_K300_H200_nominal_t0p05,maxrst_N2000_K300_H200_nominal_tnative,5,-0.08641666666666666,0.008153805555555557,-0.024298,-0.05244333101851853,-0.15500419212962965
full_N2000_K300_H200_nominal_t0p05,cox_only_N2000_K300_H200_nominal_t0p05,1,-0.011069444444444446,0.0031637500000000003,-0.008710472222222225,-0.006025761574074073,-0.022641928240740725
full_N2000_K300_H200_nominal_t0p05,cox_only_N2000_K300_H200_nominal_t0p05,2,-0.01871111111111111,0.002771583333333334,-0.007968166666666665,-0.009357835648148152,-0.033265530092592595
full_N2000_K300_H200_nominal_t0p05,cox_only_N2000_K300_H200_nominal_t0p05,3,-0.03278055555555556,0.0018984444444444444,-0.0068340833333333335,-0.01673115972222222,-0.05444735416666665
full_N2000_K300_H200_nominal_t0p05,cox_only_N2000_K300_H200_nominal_t0p05,4,-0.022502777777777774,0.0025543055555555553,-0.007634527777777774,-0.01119721296296296,-0.03878021296296296
full_N2000_K300_H200_nominal_t0p05,cox_only_N2000_K300_H200_nominal_t0p05,5,-0.032822222222222225,0.0018949722222222222,-0.006844388888888888,-0.01675990046296297,-0.054531539351851864
full_N2000_K300_H200_nominal_t0p05,leo_madrl_N2000_K300_H200_nominal_tnative,1,-0.014738888888888888,0.0021941666666666676,0.018178666666666666,-0.003810763888888869,0.0018231805555555907
full_N2000_K300_H200_nominal_t0p05,leo_madrl_N2000_K300_H200_nominal_tnative,2,-0.0394861111111111,0.0012374166666666673,0.020387305555555547,-0.01354365046296296,-0.03140503935185186
full_N2000_K300_H200_nominal_t0p05,leo_madrl_N2000_K300_H200_nominal_tnative,3,-0.03851666666666667,0.0008589444444444444,0.02016566666666666,-0.015339432870370363,-0.03283148842592593
full_N2000_K300_H200_nominal_t0p05,leo_madrl_N2000_K300_H200_nominal_tnative,4,-0.02016388888888889,0.0017972777777777776,0.018805861111111107,-0.006552078703703705,-0.006112828703703719
full_N2000_K300_H200_nominal_t0p05,leo_madrl_N2000_K300_H200_nominal_tnative,5,-0.05490555555555554,0.0003202222222222219,0.021603666666666667,-0.021416979166666676,-0.05439864583333335
full_N2000_K400_H200_nominal_t0p05,mlp213_N2000_K400_H200_nominal_t0p05,1,-0.02570416666666667,-0.0007003749999999996,-0.00892058333333334,-0.00764859375000001,-0.042973718750000035
full_N2000_K400_H200_nominal_t0p05,mlp213_N2000_K400_H200_nominal_t0p05,2,-0.03413333333333332,-0.001021583333333333,-0.007940791666666665,-0.010831149305555577,-0.05392685763888891
full_N2000_K400_H200_nominal_t0p05,mlp213_N2000_K400_H200_nominal_t0p05,3,-0.03666041666666667,-0.0012854166666666671,-0.007805645833333334,-0.013161826388888897,-0.058913305555555545
full_N2000_K400_H200_nominal_t0p05,mlp213_N2000_K400_H200_nominal_t0p05,4,-0.030456249999999997,-0.0009458958333333332,-0.00848022916666668,-0.00997081250000001,-0.049853187500000014
full_N2000_K400_H200_nominal_t0p05,mlp213_N2000_K400_H200_nominal_t0p05,5,-0.039477083333333336,-0.0013802916666666666,-0.007622229166666659,-0.014141501736111116,-0.06262110590277778
full_N2000_K400_H200_nominal_t0p05,kan_generic_N2000_K400_H200_nominal_t0p05,1,-0.051593750000000015,-0.001478125,-0.003482395833333333,-0.011300100694444457,-0.06785437152777778
full_N2000_K400_H200_nominal_t0p05,kan_generic_N2000_K400_H200_nominal_t0p05,2,-0.036112500000000006,-0.0011712499999999998,-0.005012583333333333,-0.00732146875000001,-0.04961780208333332
full_N2000_K400_H200_nominal_t0p05,kan_generic_N2000_K400_H200_nominal_t0p05,3,-0.07279999999999999,-0.0024402499999999997,-0.0012693333333333335,-0.020492079861111116,-0.09700166319444445
full_N2000_K400_H200_nominal_t0p05,kan_generic_N2000_K400_H200_nominal_t0p05,4,-0.046625000000000014,-0.0015214375000000002,-0.004032333333333342,-0.011004208333333354,-0.06318297916666667
full_N2000_K400_H200_nominal_t0p05,kan_generic_N2000_K400_H200_nominal_t0p05,5,-0.05078333333333333,-0.0018227083333333324,-0.003565708333333325,-0.01366523784722223,-0.06983698784722223
full_N2000_K400_H200_nominal_t0p05,greedy_analytic_N2000_K400_H200_nominal_t0p05,1,-0.026125,0.006665479166666667,0.013796249999999993,0.001765557291666653,-0.0038977135416666847
full_N2000_K400_H200_nominal_t0p05,greedy_analytic_N2000_K400_H200_nominal_t0p05,2,-0.03611458333333333,0.0062986249999999995,0.014939020833333334,-0.0018956701388888992,-0.016772607638888888
full_N2000_K400_H200_nominal_t0p05,greedy_analytic_N2000_K400_H200_nominal_t0p05,3,-0.05691458333333333,0.005463437499999999,0.016963229166666666,-0.010212479166666675,-0.04470039583333333
full_N2000_K400_H200_nominal_t0p05,greedy_analytic_N2000_K400_H200_nominal_t0p05,4,-0.04166041666666667,0.006093458333333333,0.015392854166666659,-0.004001187500000011,-0.024175291666666675
full_N2000_K400_H200_nominal_t0p05,greedy_analytic_N2000_K400_H200_nominal_t0p05,5,-0.056983333333333316,0.005460083333333332,0.016967541666666665,-0.010241430555555566,-0.044797138888888886
full_N2000_K400_H200_nominal_t0p05,maxsinr_ttt_N2000_K400_H200_nominal_tnative,1,-0.03746875,0.008020749999999998,-0.017000020833333337,0.0004930763888888773,-0.04595494444444445
full_N2000_K400_H200_nominal_t0p05,maxsinr_ttt_N2000_K400_H200_nominal_tnative,2,-0.04745833333333334,0.007653895833333335,-0.015857249999999996,-0.003168151041666676,-0.05882983854166667
full_N2000_K400_H200_nominal_t0p05,maxsinr_ttt_N2000_K400_H200_nominal_tnative,3,-0.06825833333333332,0.006818708333333334,-0.013833041666666664,-0.011484960069444449,-0.08675762673611111
full_N2000_K400_H200_nominal_t0p05,maxsinr_ttt_N2000_K400_H200_nominal_tnative,4,-0.053004166666666665,0.007448729166666668,-0.015403416666666671,-0.005273668402777786,-0.06623252256944444
full_N2000_K400_H200_nominal_t0p05,maxsinr_ttt_N2000_K400_H200_nominal_tnative,5,-0.06832708333333334,0.0068153541666666675,-0.013828729166666661,-0.011513911458333343,-0.08685436979166666
full_N2000_K400_H200_nominal_t0p05,maxrst_N2000_K400_H200_nominal_tnative,1,-0.09404583333333334,0.009300687499999998,-0.027593958333333335,-0.04684265104166667,-0.15918175520833333
full_N2000_K400_H200_nominal_t0p05,maxrst_N2000_K400_H200_nominal_tnative,2,-0.10403541666666669,0.008933833333333334,-0.026451187499999994,-0.05050387847222222,-0.1720566493055556
full_N2000_K400_H200_nominal_t0p05,maxrst_N2000_K400_H200_nominal_tnative,3,-0.12483541666666666,0.008098645833333333,-0.024426979166666658,-0.0588206875,-0.1999844375
full_N2000_K400_H200_nominal_t0p05,maxrst_N2000_K400_H200_nominal_tnative,4,-0.10958125,0.008728666666666666,-0.025997354166666674,-0.052609395833333336,-0.17945933333333328
full_N2000_K400_H200_nominal_t0p05,maxrst_N2000_K400_H200_nominal_tnative,5,-0.12490416666666665,0.008095291666666667,-0.02442266666666666,-0.0588496388888889,-0.20008118055555554
full_N2000_K400_H200_nominal_t0p05,cox_only_N2000_K400_H200_nominal_t0p05,1,-0.01622708333333333,0.0031289791666666666,-0.010145354166666672,-0.007196364583333347,-0.03043982291666668
full_N2000_K400_H200_nominal_t0p05,cox_only_N2000_K400_H200_nominal_t0p05,2,-0.026216666666666666,0.002762125,-0.009002583333333333,-0.010857592013888898,-0.04331471701388887
full_N2000_K400_H200_nominal_t0p05,cox_only_N2000_K400_H200_nominal_t0p05,3,-0.047016666666666665,0.0019269374999999996,-0.006978374999999999,-0.019174401041666674,-0.07124250520833335
full_N2000_K400_H200_nominal_t0p05,cox_only_N2000_K400_H200_nominal_t0p05,4,-0.03176249999999999,0.002556958333333333,-0.008548750000000006,-0.012963109375000007,-0.05071740104166667
full_N2000_K400_H200_nominal_t0p05,cox_only_N2000_K400_H200_nominal_t0p05,5,-0.04708541666666668,0.0019235833333333336,-0.006974062499999997,-0.019203352430555574,-0.07133924826388889
full_N2000_K400_H200_nominal_t0p05,leo_madrl_N2000_K400_H200_nominal_tnative,1,-0.01762083333333333,0.002164812499999999,0.0232195,-0.003124645833333351,0.004638833333333311
full_N2000_K400_H200_nominal_t0p05,leo_madrl_N2000_K400_H200_nominal_tnative,2,-0.05240416666666666,0.0012782083333333337,0.02683395833333334,-0.014287385416666675,-0.03857938541666665
full_N2000_K400_H200_nominal_t0p05,leo_madrl_N2000_K400_H200_nominal_tnative,3,-0.051312500000000004,0.0008996666666666665,0.026643166666666673,-0.016021461805555554,-0.039791128472222236
full_N2000_K400_H200_nominal_t0p05,leo_madrl_N2000_K400_H200_nominal_tnative,4,-0.024637499999999993,0.001791541666666667,0.023967041666666664,-0.0061271979166666836,-0.005006114583333345
full_N2000_K400_H200_nominal_t0p05,leo_madrl_N2000_K400_H200_nominal_tnative,5,-0.07526041666666666,0.0004020208333333334,0.02906097916666667,-0.023197887152777787,-0.06899530381944442
full_N2000_K500_H200_nominal_t0p05,mlp213_N2000_K500_H200_nominal_t0p05,1,-0.042581666666666664,-0.0005789333333333334,-0.008261083333333334,-0.010415873611111116,-0.061837556944444476
full_N2000_K500_H200_nominal_t0p05,mlp213_N2000_K500_H200_nominal_t0p05,2,-0.054841666666666664,-0.0008838500000000004,-0.0066567166666666715,-0.014129297222222227,-0.07651153055555557
full_N2000_K500_H200_nominal_t0p05,mlp213_N2000_K500_H200_nominal_t0p05,3,-0.05863499999999999,-0.0011458000000000009,-0.006187349999999999,-0.016608180555555543,-0.08257633055555555
full_N2000_K500_H200_nominal_t0p05,mlp213_N2000_K500_H200_nominal_t0p05,4,-0.04982000000000001,-0.0008142499999999997,-0.00723833333333333,-0.01305997361111111,-0.07093255694444443
full_N2000_K500_H200_nominal_t0p05,mlp213_N2000_K500_H200_nominal_t0p05,5,-0.06277166666666667,-0.0012311833333333332,-0.00569081666666667,-0.01774406944444445,-0.08743773611111112
full_N2000_K500_H200_nominal_t0p05,kan_generic_N2000_K500_H200_nominal_t0p05,1,-0.07665833333333331,-0.0012906000000000003,-0.0008194166666666632,-0.015037216666666664,-0.09380556666666665
full_N2000_K500_H200_nominal_t0p05,kan_generic_N2000_K500_H200_nominal_t0p05,2,-0.05524666666666667,-0.001038683333333334,-0.0033344333333333383,-0.010312470833333337,-0.0699322541666667
full_N2000_K500_H200_nominal_t0p05,kan_generic_N2000_K500_H200_nominal_t0p05,3,-0.10726999999999999,-0.002199333333333334,0.0030051999999999987,-0.02549222777777777,-0.13195636111111111
full_N2000_K500_H200_nominal_t0p05,kan_generic_N2000_K500_H200_nominal_t0p05,4,-0.06996000000000001,-0.0013542833333333333,-0.001505466666666666,-0.014512944444444459,-0.08733269444444448
full_N2000_K500_H200_nominal_t0p05,kan_generic_N2000_K500_H200_nominal_t0p05,5,-0.07654500000000003,-0.0016411166666666667,-0.0007828500000000034,-0.01753729861111112,-0.09650626527777781
full_N2000_K500_H200_nominal_t0p05,greedy_analytic_N2000_K500_H200_nominal_t0p05,1,-0.02995166666666666,0.006478966666666665,0.016332983333333332,0.0016386944444444398,-0.005501022222222233
full_N2000_K500_H200_nominal_t0p05,greedy_analytic_N2000_K500_H200_nominal_t0p05,2,-0.044225,0.006134233333333333,0.018179549999999992,-0.0025997000000000077,-0.022510916666666676
full_N2000_K500_H200_nominal_t0p05,greedy_analytic_N2000_K500_H200_nominal_t0p05,3,-0.07391166666666667,0.005362733333333331,0.021739916666666675,-0.012082243055555551,-0.0588912597222222
full_N2000_K500_H200_nominal_t0p05,greedy_analytic_N2000_K500_H200_nominal_t0p05,4,-0.051899999999999995,0.005946349999999999,0.019099199999999997,-0.004967727777777789,-0.03182217777777779
full_N2000_K500_H200_nominal_t0p05,greedy_analytic_N2000_K500_H200_nominal_t0p05,5,-0.07400000000000001,0.005359866666666667,0.021732733333333327,-0.012117762500000018,-0.059025162500000034
full_N2000_K500_H200_nominal_t0p05,maxsinr_ttt_N2000_K500_H200_nominal_tnative,1,-0.054336666666666665,0.007822183333333333,-0.016561400000000004,-0.002501993055555549,-0.06557787638888891
full_N2000_K500_H200_nominal_t0p05,maxsinr_ttt_N2000_K500_H200_nominal_tnative,2,-0.06861,0.007477449999999998,-0.014714833333333338,-0.006740387499999995,-0.08258777083333332
full_N2000_K500_H200_nominal_t0p05,maxsinr_ttt_N2000_K500_H200_nominal_tnative,3,-0.09829666666666667,0.00670595,-0.011154466666666665,-0.01622293055555554,-0.11896811388888891
full_N2000_K500_H200_nominal_t0p05,maxsinr_ttt_N2000_K500_H200_nominal_tnative,4,-0.07628499999999999,0.007289566666666667,-0.013795183333333337,-0.009108415277777778,-0.09189903194444442
full_N2000_K500_H200_nominal_t0p05,maxsinr_ttt_N2000_K500_H200_nominal_tnative,5,-0.09838499999999999,0.0067030833333333335,-0.011161650000000007,-0.016258450000000004,-0.11910201666666667
full_N2000_K500_H200_nominal_t0p05,maxrst_N2000_K500_H200_nominal_tnative,1,-0.14248,0.00909535,-0.024667100000000008,-0.05411117638888889,-0.21216292638888887
full_N2000_K500_H200_nominal_t0p05,maxrst_N2000_K500_H200_nominal_tnative,2,-0.15675333333333336,0.008750616666666666,-0.022820533333333337,-0.05834957083333334,-0.22917282083333332
full_N2000_K500_H200_nominal_t0p05,maxrst_N2000_K500_H200_nominal_tnative,3,-0.1864399999999999,0.007979116666666666,-0.019260166666666672,-0.06783211388888889,-0.26555316388888894
full_N2000_K500_H200_nominal_t0p05,maxrst_N2000_K500_H200_nominal_tnative,4,-0.16442833333333337,0.008562733333333333,-0.02190088333333334,-0.06071759861111111,-0.23848408194444445
full_N2000_K500_H200_nominal_t0p05,maxrst_N2000_K500_H200_nominal_tnative,5,-0.18652833333333332,0.00797625,-0.01926735000000001,-0.06786763333333336,-0.2656870666666667
full_N2000_K500_H200_nominal_t0p05,cox_only_N2000_K500_H200_nominal_t0p05,1,-0.02642333333333334,0.0030934,-0.010069199999999999,-0.008918895833333324,-0.04231802916666668
full_N2000_K500_H200_nominal_t0p05,cox_only_N2000_K500_H200_nominal_t0p05,2,-0.04069666666666668,0.002748666666666666,-0.008222633333333333,-0.013157290277777773,-0.059327923611111104
full_N2000_K500_H200_nominal_t0p05,cox_only_N2000_K500_H200_nominal_t0p05,3,-0.07038333333333334,0.0019771666666666666,-0.004662266666666659,-0.022639833333333324,-0.09570826666666664
full_N2000_K500_H200_nominal_t0p05,cox_only_N2000_K500_H200_nominal_t0p05,4,-0.04837166666666665,0.002560783333333333,-0.007302983333333331,-0.015525318055555551,-0.06863918472222222
full_N2000_K500_H200_nominal_t0p05,cox_only_N2000_K500_H200_nominal_t0p05,5,-0.07047166666666667,0.0019743,-0.004669450000000003,-0.022675352777777786,-0.09584216944444444
full_N2000_K500_H200_nominal_t0p05,leo_madrl_N2000_K500_H200_nominal_tnative,1,-0.01784833333333334,0.0021006999999999996,0.026157683333333334,-0.002428741666666663,0.007981308333333326
full_N2000_K500_H200_nominal_t0p05,leo_madrl_N2000_K500_H200_nominal_tnative,2,-0.06671999999999999,0.0012910166666666664,0.03198916666666666,-0.015467662500000019,-0.048907479166666705
full_N2000_K500_H200_nominal_t0p05,leo_madrl_N2000_K500_H200_nominal_tnative,3,-0.06604499999999999,0.0009269666666666661,0.032037216666666674,-0.017251288888888876,-0.050332105555555555
full_N2000_K500_H200_nominal_t0p05,leo_madrl_N2000_K500_H200_nominal_tnative,4,-0.02809,0.0017503166666666661,0.02772359999999999,-0.00582189861111112,-0.004437981944444447
full_N2000_K500_H200_nominal_t0p05,leo_madrl_N2000_K500_H200_nominal_tnative,5,-0.09920333333333335,0.0004833500000000002,0.035828433333333326,-0.02564735555555557,-0.0885389055555556
