case_id,N_sat,K,H,paper_name,total_user_epochs,outage_count,ho_attempt_count,ho_failure_count,interbeam_exec_ho_count,intersat_exec_ho_count,executed_ho_count,nonattempt_outage_count,pooled_attempt_percent,pooled_outage_percent,pooled_hof_percent,pooled_attempt_associated_outage_percent,pooled_nonattempt_outage_percent,nonattempt_share_of_outages_percent,pooled_executed_ho_per_user_min
full_N500_K100_H200_nominal_t0p05,500,100,200,Cox-PhysiCK,3000000,19485,271515,1802,57852,211861,269713,17683,9.0505,0.6495,0.6636834060733293,0.060066666666666664,0.5894333333333334,90.75186040544008,5.39426
full_N500_K100_H800_nominal_t0p05,500,100,800,Cox-PhysiCK,12000000,83162,1095353,7611,233226,854516,1087742,75551,9.127941666666667,0.6930166666666666,0.6948444930538374,0.063425,0.6295916666666667,90.84798345398139,5.43871
full_N1000_K100_H200_nominal_t0p05,1000,100,200,Cox-PhysiCK,3000000,20008,284481,1892,58961,223628,282589,18116,9.4827,0.6669333333333334,0.6650707780132944,0.06306666666666666,0.6038666666666667,90.5437824870052,5.65178
full_N1000_K100_H800_nominal_t0p05,1000,100,800,Cox-PhysiCK,12000000,83550,1146077,7855,237873,900349,1138222,75695,9.550641666666667,0.69625,0.6853815232309871,0.06545833333333333,0.6307916666666666,90.59844404548174,5.69111
full_N2000_K100_H200_nominal_t0p05,2000,100,200,Cox-PhysiCK,3000000,18266,277437,1726,57023,218688,275711,16540,9.2479,0.6088666666666667,0.6221232207672373,0.05753333333333333,0.5513333333333333,90.55075002737327,5.51422
full_N2000_K100_H800_nominal_t0p05,2000,100,800,Cox-PhysiCK,12000000,79226,1114690,7685,230400,876605,1107005,71541,9.289083333333334,0.6602166666666667,0.689429348069867,0.06404166666666666,0.596175,90.29990154747179,5.535025
full_N2000_K200_H200_nominal_t0p05,2000,200,200,Cox-PhysiCK,6000000,52636,553634,4839,113265,435530,548795,47797,9.227233333333333,0.8772666666666666,0.8740431404140642,0.08065,0.7966166666666666,90.80667223953188,5.48795
full_N2000_K300_H200_nominal_t0p05,2000,300,200,Cox-PhysiCK,9000000,113971,827750,10773,168548,648429,816977,103198,9.197222222222223,1.2663444444444445,1.3014799154334038,0.1197,1.1466444444444444,90.5475954409455,5.446513333333334
full_N2000_K400_H200_nominal_t0p05,2000,400,200,Cox-PhysiCK,12000000,231647,1095806,22558,221016,852232,1073248,209089,9.131716666666666,1.9303916666666667,2.058576061821162,0.18798333333333334,1.7424083333333333,90.26190712592867,5.36624
full_N2000_K500_H200_nominal_t0p05,2000,500,200,Cox-PhysiCK,15000000,457692,1351868,46210,269695,1035963,1305658,411482,9.012453333333333,3.05128,3.4182331411054925,0.30806666666666666,2.7432133333333333,89.90369069155676,5.222632
mlp213_N500_K100_H200_nominal_t0p05,500,100,200,TGN-MLP,3000000,24830,294815,2491,63114,229210,292324,22339,9.827166666666667,0.8276666666666667,0.8449366551905432,0.08303333333333333,0.7446333333333334,89.96778091018929,5.84648
mlp213_N500_K100_H800_nominal_t0p05,500,100,800,TGN-MLP,12000000,105886,1188833,10537,253555,924741,1178296,95349,9.906941666666667,0.8823833333333333,0.8863313854847569,0.08780833333333334,0.794575,90.04873165479856,5.89148
mlp213_N1000_K100_H200_nominal_t0p05,1000,100,200,TGN-MLP,3000000,24959,307391,2538,63602,241251,304853,22421,10.246366666666667,0.8319666666666666,0.8256585261116949,0.0846,0.7473666666666666,89.83132337032734,6.09706
mlp213_N1000_K100_H800_nominal_t0p05,1000,100,800,TGN-MLP,12000000,104767,1237574,10606,256492,970476,1226968,94161,10.313116666666666,0.8730583333333334,0.8569992582261747,0.08838333333333333,0.784675,89.87658327526798,6.13484
mlp213_N2000_K100_H200_nominal_t0p05,2000,100,200,TGN-MLP,3000000,24468,306704,2543,62813,241348,304161,21925,10.223466666666667,0.8156,0.8291381918722938,0.08476666666666667,0.7308333333333333,89.60683341507274,6.08322
mlp213_N2000_K100_H800_nominal_t0p05,2000,100,800,TGN-MLP,12000000,106486,1232993,11250,254253,967490,1221743,95236,10.274941666666667,0.8873833333333333,0.9124139390896785,0.09375,0.7936333333333333,89.43523092237477,6.108715
mlp213_N2000_K200_H200_nominal_t0p05,2000,200,200,TGN-MLP,6000000,70395,611321,7235,124861,479225,604086,63160,10.188683333333334,1.17325,1.1835026115575942,0.12058333333333333,1.0526666666666666,89.7222814120321,6.04086
mlp213_N2000_K300_H200_nominal_t0p05,2000,300,200,TGN-MLP,9000000,154153,912552,15969,185537,711046,896583,138184,10.139466666666667,1.712811111111111,1.7499276753543909,0.17743333333333333,1.5353777777777777,89.64081140165939,5.97722
mlp213_N2000_K400_H200_nominal_t0p05,2000,400,200,TGN-MLP,12000000,311534,1205947,33102,242406,930439,1172845,278432,10.049558333333334,2.5961166666666666,2.7448967491937872,0.27585,2.3202666666666665,89.37451449921998,5.864225
mlp213_N2000_K500_H200_nominal_t0p05,2000,500,200,TGN-MLP,15000000,618882,1481904,67081,293822,1121001,1414823,551801,9.87936,4.12588,4.52667649186452,0.44720666666666664,3.6786733333333332,89.16093859572584,5.659292
kan_generic_N500_K100_H200_nominal_t0p05,500,100,200,TGN-KAN,3000000,30347,318599,3328,67916,247355,315271,27019,10.619966666666667,1.0115666666666667,1.0445732723580425,0.11093333333333333,0.9006333333333333,89.03351237354599,6.30542
kan_generic_N500_K100_H800_nominal_t0p05,500,100,800,TGN-KAN,12000000,129638,1283509,14095,272500,996914,1269414,115543,10.695908333333334,1.0803166666666666,1.098161368560719,0.11745833333333333,0.9628583333333334,89.12741634397322,6.34707
kan_generic_N1000_K100_H200_nominal_t0p05,1000,100,200,TGN-KAN,3000000,28494,322661,3102,66796,252763,319559,25392,10.755366666666667,0.9498,0.96138052011244,0.1034,0.8464,89.11349757843756,6.39118
kan_generic_N1000_K100_H800_nominal_t0p05,1000,100,800,TGN-KAN,12000000,120285,1299191,12978,269212,1017001,1286213,107307,10.826591666666667,1.002375,0.9989293337161357,0.10815,0.894225,89.21062476618032,6.431065
kan_generic_N2000_K100_H200_nominal_t0p05,2000,100,200,TGN-KAN,3000000,28198,323691,3076,66196,254419,320615,25122,10.7897,0.9399333333333333,0.9502890101979975,0.10253333333333334,0.8374,89.09142492375346,6.4123
kan_generic_N2000_K100_H800_nominal_t0p05,2000,100,800,TGN-KAN,12000000,123269,1300911,13635,267499,1019777,1287276,109634,10.840925,1.0272416666666666,1.0481116694378017,0.113625,0.9136166666666666,88.93882484647398,6.43638
kan_generic_N2000_K200_H200_nominal_t0p05,2000,200,200,TGN-KAN,6000000,81507,645171,8902,131425,504844,636269,72605,10.75285,1.35845,1.3797892341720257,0.14836666666666667,1.2100833333333334,89.07823867888648,6.36269
kan_generic_N2000_K300_H200_nominal_t0p05,2000,300,200,TGN-KAN,9000000,177380,962046,19421,195071,747554,942625,157959,10.6894,1.970888888888889,2.0187184396588105,0.2157888888888889,1.7551,89.05118953658811,6.284166666666667
kan_generic_N2000_K400_H200_nominal_t0p05,2000,400,200,TGN-KAN,12000000,355446,1269833,39482,254260,976091,1230351,315964,10.581941666666667,2.96205,3.1092277488457145,0.3290166666666667,2.633033333333333,88.89226492913129,6.151755
kan_generic_N2000_K500_H200_nominal_t0p05,2000,500,200,TGN-KAN,15000000,689100,1558974,77537,307643,1173794,1481437,611563,10.39316,4.594,4.973591605761225,0.5169133333333333,4.077086666666666,88.74807720214773,5.925748
greedy_analytic_N2000_K100_H200_nominal_t0p05,2000,100,200,Load-aware greedy,600000,5591,26947,255,5538,21154,26692,5336,4.4911666666666665,0.9318333333333333,0.9463020002226593,0.0425,0.8893333333333333,95.43909855124306,2.6692
greedy_analytic_N2000_K100_H800_nominal_t0p05,2000,100,800,Load-aware greedy,2400000,24474,108830,1108,22387,85335,107722,23366,4.534583333333333,1.01975,1.0181016263897822,0.04616666666666667,0.9735833333333334,95.47274658821607,2.69305
greedy_analytic_N2000_K200_H200_nominal_t0p05,2000,200,200,Load-aware greedy,1200000,16150,53995,744,10961,42290,53251,15406,4.499583333333334,1.3458333333333334,1.3779053616075563,0.062,1.2838333333333334,95.39318885448917,2.66255
greedy_analytic_N2000_K300_H200_nominal_t0p05,2000,300,200,Load-aware greedy,1800000,34883,80518,1556,16222,62740,78962,33327,4.473222222222223,1.9379444444444445,1.9324871457313892,0.08644444444444445,1.8515,95.53937448040593,2.6320666666666668
greedy_analytic_N2000_K400_H200_nominal_t0p05,2000,400,200,Load-aware greedy,2400000,67238,106518,3114,21244,82160,103404,64124,4.43825,2.8015833333333333,2.9234495578212134,0.12975,2.6718333333333333,95.36869032392397,2.5851
greedy_analytic_N2000_K500_H200_nominal_t0p05,2000,500,200,Load-aware greedy,3000000,124417,131091,5854,25790,99447,125237,118563,4.3697,4.147233333333333,4.465600231899978,0.19513333333333333,3.9521,95.2948552046746,2.50474
maxsinr_ttt_N2000_K100_H200_nominal_tnative,2000,100,200,Max-SINR+TTT,600000,5904,20427,206,4219,16002,20221,5698,3.4045,0.984,1.0084691829441426,0.034333333333333334,0.9496666666666667,96.51084010840108,2.0221
maxsinr_ttt_N2000_K100_H800_nominal_tnative,2000,100,800,Max-SINR+TTT,2400000,25886,82579,900,17038,64641,81679,24986,3.4407916666666667,1.0785833333333332,1.089865462163504,0.0375,1.0410833333333334,96.5232171830333,2.041975
maxsinr_ttt_N2000_K200_H200_nominal_tnative,2000,200,200,Max-SINR+TTT,1200000,17145,40996,601,8324,32071,40395,16544,3.416333333333333,1.42875,1.4659966826031807,0.050083333333333334,1.3786666666666667,96.49460484106153,2.01975
maxsinr_ttt_N2000_K300_H200_nominal_tnative,2000,300,200,Max-SINR+TTT,1800000,36974,61136,1256,12355,47525,59880,35718,3.3964444444444446,2.054111111111111,2.05443601151531,0.06977777777777777,1.9843333333333333,96.60301833720993,1.996
maxsinr_ttt_N2000_K400_H200_nominal_tnative,2000,400,200,Max-SINR+TTT,2400000,72683,80965,2640,16152,62173,78325,70043,3.3735416666666667,3.0284583333333335,3.2606681899586243,0.11,2.918458333333333,96.36778889148769,1.958125
maxsinr_ttt_N2000_K500_H200_nominal_tnative,2000,500,200,Max-SINR+TTT,3000000,139048,99361,5221,19441,74699,94140,133827,3.3120333333333334,4.634933333333334,5.254576745403126,0.17403333333333335,4.4609,96.24518152005064,1.8828
maxrst_N2000_K100_H200_nominal_tnative,2000,100,200,Max-RST,600000,8119,14513,183,3053,11277,14330,7936,2.418833333333333,1.3531666666666666,1.2609384689588645,0.0305,1.3226666666666667,97.74602783594038,1.433
maxrst_N2000_K100_H800_nominal_tnative,2000,100,800,Max-RST,2400000,35501,58914,844,12169,45901,58070,34657,2.45475,1.4792083333333332,1.4325966663271887,0.035166666666666666,1.4440416666666667,97.62260218022027,1.45175
maxrst_N2000_K200_H200_nominal_tnative,2000,200,200,Max-RST,1200000,23518,29146,561,6000,22585,28585,22957,2.4288333333333334,1.9598333333333333,1.924792424346394,0.04675,1.9130833333333332,97.61459307764265,1.42925
maxrst_N2000_K300_H200_nominal_tnative,2000,300,200,Max-RST,1800000,50576,43462,1243,8823,33396,42219,49333,2.4145555555555553,2.8097777777777777,2.8599696286411116,0.06905555555555555,2.7407222222222223,97.54231255931667,1.4073
maxrst_N2000_K400_H200_nominal_tnative,2000,400,200,Max-RST,2400000,99840,57204,2542,11376,43286,54662,97298,2.3835,4.16,4.443745192643871,0.10591666666666667,4.054083333333334,97.45392628205128,1.36655
maxrst_N2000_K500_H200_nominal_tnative,2000,500,200,Max-RST,3000000,191934,69682,4930,13554,51198,64752,187004,2.3227333333333333,6.3978,7.074997847363738,0.16433333333333333,6.233466666666667,97.4314087134119,1.29504
cox_only_N2000_K100_H200_nominal_t0p05,2000,100,200,Cox-only,600000,4999,44163,377,9103,34683,43786,4622,7.3605,0.8331666666666667,0.8536557751964314,0.06283333333333334,0.7703333333333333,92.45849169833967,4.3786
cox_only_N2000_K100_H800_nominal_t0p05,2000,100,800,Cox-only,2400000,21756,177415,1631,36670,139114,175784,20125,7.392291666666667,0.9065,0.9193134740579996,0.06795833333333333,0.8385416666666666,92.5032175032175,4.3946
cox_only_N2000_K200_H200_nominal_t0p05,2000,200,200,Cox-only,1200000,14363,88178,1073,18027,69078,87105,13290,7.348166666666667,1.1969166666666666,1.2168568123568237,0.08941666666666667,1.1075,92.52941586019634,4.35525
cox_only_N2000_K300_H200_nominal_t0p05,2000,300,200,Cox-only,1800000,31282,131607,2346,26727,102534,129261,28936,7.3115,1.7378888888888888,1.782579953953817,0.13033333333333333,1.6075555555555556,92.5004795089828,4.3087
cox_only_N2000_K400_H200_nominal_t0p05,2000,400,200,Cox-only,2400000,62487,173871,4789,34885,134197,169082,57698,7.244625,2.603625,2.754340861903365,0.19954166666666667,2.4040833333333333,92.33600588922496,4.22705
cox_only_N2000_K500_H200_nominal_t0p05,2000,500,200,Cox-only,3000000,122300,213597,9660,42273,161664,203937,112640,7.1199,4.076666666666667,4.522535428868383,0.322,3.7546666666666666,92.10139002452985,4.07874
leo_madrl_N2000_K100_H200_nominal_tnative,2000,100,200,LEO-MADRL,3000000,28156,249487,2345,51118,196024,247142,25811,8.316233333333333,0.9385333333333333,0.939928733761679,0.07816666666666666,0.8603666666666666,91.67140218781077,4.94284
leo_madrl_N2000_K100_H800_nominal_tnative,2000,100,800,LEO-MADRL,12000000,123008,1001590,10394,205792,785404,991196,112614,8.346583333333333,1.0250666666666666,1.0377499775357182,0.08661666666666666,0.93845,91.55014308012487,4.95598
leo_madrl_N2000_K200_H200_nominal_tnative,2000,200,200,LEO-MADRL,6000000,81244,497192,6756,100936,389500,490436,74488,8.286533333333333,1.3540666666666668,1.3588311959967176,0.1126,1.2414666666666667,91.68430899512579,4.90436
leo_madrl_N2000_K300_H200_nominal_tnative,2000,300,200,LEO-MADRL,9000000,174383,741911,14475,149581,577855,727436,159908,8.243455555555556,1.9375888888888888,1.9510426452768594,0.16083333333333333,1.7767555555555556,91.69930555157326,4.849573333333334
leo_madrl_N2000_K400_H200_nominal_tnative,2000,400,200,LEO-MADRL,12000000,337840,979746,28376,195069,756301,951370,309464,8.16455,2.8153333333333332,2.896260867612626,0.23646666666666666,2.578866666666667,91.60075775515037,4.75685
leo_madrl_N2000_K500_H200_nominal_tnative,2000,500,200,LEO-MADRL,15000000,624436,1205870,53019,237055,915796,1152851,571417,8.039133333333334,4.162906666666666,4.396742600777862,0.35346,3.8094466666666666,91.50929799050664,4.611404
greedy_analytic_N500_K100_H200_nominal_t0p05,500,100,200,Load-aware greedy,600000,6132,26950,272,5688,20990,26678,5860,4.491666666666666,1.022,1.0092764378478665,0.04533333333333334,0.9766666666666667,95.56425309849968,2.6678
greedy_analytic_N1000_K100_H200_nominal_t0p05,1000,100,200,Load-aware greedy,600000,5623,26982,251,5510,21221,26731,5372,4.497,0.9371666666666667,0.9302497961604033,0.041833333333333333,0.8953333333333333,95.53619064556287,2.6731
cox_only_N500_K100_H200_nominal_t0p05,500,100,200,Cox-only,600000,5463,43687,415,9460,33812,43272,5048,7.281166666666667,0.9105,0.9499393412227893,0.06916666666666667,0.8413333333333334,92.40344133260113,4.3272
cox_only_N1000_K100_H200_nominal_t0p05,1000,100,200,Cox-only,600000,4998,43985,354,9089,34542,43631,4644,7.3308333333333335,0.833,0.8048198249403206,0.059,0.774,92.9171668667467,4.3631
no_triplet_N500_K100_H200_nominal_t0p05,500,100,200,No arrival/RST descriptors,3000000,38303,315184,4167,67110,243907,311017,34136,10.506133333333333,1.2767666666666666,1.3220848774049445,0.1389,1.1378666666666666,89.12095658303527,6.22034
no_triplet_N1000_K100_H200_nominal_t0p05,1000,100,200,No arrival/RST descriptors,3000000,35931,320688,3857,66251,250580,316831,32074,10.6896,1.1977,1.202726637728883,0.12856666666666666,1.0691333333333333,89.26553672316385,6.33662
no_triplet_N2000_K100_H200_nominal_t0p05,2000,100,200,No arrival/RST descriptors,3000000,34734,317338,3761,64634,248943,313577,30973,10.577933333333334,1.1578,1.1851716466354487,0.12536666666666665,1.0324333333333333,89.17199286002187,6.27154
mlp_coeff_N500_K100_H200_nominal_t0p05,500,100,200,PhysiCK + MLP coefficient head,3000000,22992,278320,2159,59316,216845,276161,20833,9.277333333333333,0.7664,0.7757257832710549,0.07196666666666666,0.6944333333333333,90.6097773138483,5.52322
mlp_coeff_N1000_K100_H200_nominal_t0p05,1000,100,200,PhysiCK + MLP coefficient head,3000000,21840,283775,2060,58789,222926,281715,19780,9.459166666666667,0.728,0.725927231080962,0.06866666666666667,0.6593333333333333,90.56776556776556,5.6343
mlp_coeff_N2000_K100_H200_nominal_t0p05,2000,100,200,PhysiCK + MLP coefficient head,3000000,21394,283856,2048,58358,223450,281808,19346,9.461866666666667,0.7131333333333333,0.7214925877909926,0.06826666666666667,0.6448666666666667,90.42722258577172,5.63616
no_cox_rst_N2000_K100_H200_nominal_t0p05,2000,100,200,"No Cox, RST retained",3000000,25526,293043,2515,60060,230468,290528,23011,9.7681,0.8508666666666667,0.8582358220465939,0.08383333333333333,0.7670333333333333,90.14730079134999,5.81056
no_cox_rst_N500_K100_H200_nominal_t0p05,500,100,200,"No Cox, RST retained",3000000,30218,297927,3090,63520,231317,294837,27128,9.9309,1.0072666666666668,1.0371668227451691,0.103,0.9042666666666667,89.77430670461314,5.89674
no_cox_rst_N1000_K100_H200_nominal_t0p05,1000,100,200,"No Cox, RST retained",3000000,27362,298761,2750,61714,234297,296011,24612,9.9587,0.9120666666666667,0.9204682003340463,0.09166666666666666,0.8204,89.94956509027118,5.92022
eph_physick_N2000_K100_H200_nominal_t0p05,2000,100,200,Ephemeris-PhysiCK,3000000,22273,260929,1940,53769,205220,258989,20333,8.697633333333334,0.7424333333333333,0.7434972732045882,0.06466666666666666,0.6777666666666666,91.28990257262156,5.17978
eph_physick_N500_K100_H200_nominal_t0p05,500,100,200,Ephemeris-PhysiCK,3000000,24575,258298,2189,55208,200901,256109,22386,8.609933333333334,0.8191666666666667,0.8474707508381791,0.07296666666666667,0.7462,91.09257375381485,5.12218
eph_physick_N1000_K100_H200_nominal_t0p05,1000,100,200,Ephemeris-PhysiCK,3000000,19499,247214,1607,51094,194513,245607,17892,8.240466666666666,0.6499666666666667,0.6500440913540495,0.053566666666666665,0.5964,91.75855172060106,4.91214
full_N2000_K100_H200_nominal_t0p1,2000,100,200,Cox-PhysiCK,3000000,18614,246282,1549,50710,194023,244733,17065,8.2094,0.6204666666666667,0.6289538009273922,0.05163333333333334,0.5688333333333333,91.67830665090791,4.89466
full_N2000_K100_H200_nominal_t0p2,2000,100,200,Cox-PhysiCK,3000000,19367,193403,1276,39848,152279,192127,18091,6.446766666666667,0.6455666666666666,0.6597622580828633,0.04253333333333333,0.6030333333333333,93.41147312438684,3.84254
full_N2000_K100_H200_nominal_t0p3,2000,100,200,Cox-PhysiCK,3000000,20225,151946,1058,31375,119513,150888,19167,5.064866666666667,0.6741666666666667,0.6963000013162571,0.03526666666666667,0.6389,94.76885043263287,3.01776
cox_only_N2000_K100_H200_nominal_t0p1,2000,100,200,Cox-only,600000,5100,39184,345,8071,30768,38839,4755,6.530666666666667,0.85,0.8804614128215599,0.0575,0.7925,93.23529411764706,3.8839
cox_only_N2000_K100_H200_nominal_t0p2,2000,100,200,Cox-only,600000,5323,30774,285,6364,24125,30489,5038,5.129,0.8871666666666667,0.9261064534997075,0.0475,0.8396666666666667,94.6458763854969,3.0489
cox_only_N2000_K100_H200_nominal_t0p3,2000,100,200,Cox-only,600000,5522,24080,226,4977,18877,23854,5296,4.013333333333334,0.9203333333333333,0.9385382059800664,0.03766666666666667,0.8826666666666667,95.90727997102499,2.3854
greedy_analytic_N2000_K100_H200_nominal_t0p1,2000,100,200,Load-aware greedy,600000,5716,23879,228,4920,18731,23651,5488,3.979833333333333,0.9526666666666667,0.9548138531764312,0.038,0.9146666666666666,96.0111966410077,2.3651
greedy_analytic_N2000_K100_H200_nominal_t0p2,2000,100,200,Load-aware greedy,600000,5954,18755,193,3878,14684,18562,5761,3.1258333333333335,0.9923333333333333,1.0290589176219676,0.03216666666666667,0.9601666666666666,96.75848169297952,1.8562
greedy_analytic_N2000_K100_H200_nominal_t0p3,2000,100,200,Load-aware greedy,600000,6193,14695,151,3072,11472,14544,6042,2.4491666666666667,1.0321666666666667,1.0275603946920722,0.025166666666666667,1.007,97.56176328112385,1.4544
full_N2000_K100_H200_w_out_0p5_t0p05,2000,100,200,Cox-PhysiCK,3000000,22141,259396,1923,53340,204133,257473,20218,8.646533333333334,0.7380333333333333,0.7413375688137057,0.0641,0.6739333333333334,91.31475543110068,5.14946
full_N2000_K100_H200_w_out_0p75_t0p05,2000,100,200,Cox-PhysiCK,3000000,20146,268152,1830,55131,211191,266322,18316,8.9384,0.6715333333333333,0.6824487604045467,0.061,0.6105333333333334,90.91631093020948,5.32644
full_N2000_K100_H200_w_out_1p25_t0p05,2000,100,200,Cox-PhysiCK,3000000,16279,285392,1578,58621,225193,283814,14701,9.513066666666667,0.5426333333333333,0.5529236979312665,0.0526,0.4900333333333333,90.30652988512809,5.67628
full_N2000_K100_H200_w_out_1p5_t0p05,2000,100,200,Cox-PhysiCK,3000000,16613,306828,1730,62939,242159,305098,14883,10.2276,0.5537666666666666,0.5638338091699584,0.057666666666666665,0.4961,89.58646842833926,6.10196
full_N2000_K100_H200_w_ho_0p5_t0p05,2000,100,200,Cox-PhysiCK,3000000,16999,358893,2081,73273,283539,356812,14918,11.9631,0.5666333333333333,0.5798385591248645,0.06936666666666666,0.4972666666666667,87.7581034178481,7.13624
full_N2000_K100_H200_w_ho_0p75_t0p05,2000,100,200,Cox-PhysiCK,3000000,16873,310668,1779,63719,245170,308889,15094,10.3556,0.5624333333333333,0.5726370273088957,0.0593,0.5031333333333333,89.45652818111776,6.17778
full_N2000_K100_H200_w_ho_1p25_t0p05,2000,100,200,Cox-PhysiCK,3000000,19841,248659,1642,51173,195844,247017,18199,8.288633333333333,0.6613666666666667,0.6603420748897084,0.054733333333333335,0.6066333333333334,91.72420744922131,4.94034
full_N2000_K100_H200_w_ho_1p5_t0p05,2000,100,200,Cox-PhysiCK,3000000,23213,227568,1778,46804,178986,225790,21435,7.5856,0.7737666666666667,0.7813049286367152,0.05926666666666667,0.7145,92.3404988583983,4.5158
full_N2000_K100_H200_w_load_0p5_t0p05,2000,100,200,Cox-PhysiCK,3000000,17269,243928,1416,50367,192145,242512,15853,8.130933333333333,0.5756333333333333,0.5804991636876455,0.0472,0.5284333333333333,91.80033586194915,4.85024
full_N2000_K100_H200_w_load_0p75_t0p05,2000,100,200,Cox-PhysiCK,3000000,18541,263932,1657,54369,207906,262275,16884,8.797733333333333,0.6180333333333333,0.6278132246184623,0.055233333333333336,0.5628,91.06304945795804,5.2455
full_N2000_K100_H200_w_load_1p25_t0p05,2000,100,200,Cox-PhysiCK,3000000,19429,299772,1947,61418,236407,297825,17482,9.9924,0.6476333333333333,0.6494936151475121,0.0649,0.5827333333333333,89.97889752431932,5.9565
full_N2000_K100_H200_w_load_1p5_t0p05,2000,100,200,Cox-PhysiCK,3000000,17627,306133,1832,62755,241546,304301,15795,10.204433333333334,0.5875666666666667,0.5984327073526866,0.061066666666666665,0.5265,89.60685312304987,6.08602
full_N2000_K100_H200_w_rate_0p5_t0p05,2000,100,200,Cox-PhysiCK,3000000,19687,285009,1876,58486,224647,283133,17811,9.5003,0.6562333333333333,0.6582248279878881,0.06253333333333333,0.5937,90.4708691014375,5.66266
full_N2000_K100_H200_w_rate_0p75_t0p05,2000,100,200,Cox-PhysiCK,3000000,19393,283453,1857,58206,223390,281596,17536,9.448433333333334,0.6464333333333333,0.6551350664836851,0.0619,0.5845333333333333,90.4243799309029,5.63192
full_N2000_K100_H200_w_rate_1p25_t0p05,2000,100,200,Cox-PhysiCK,3000000,19361,282254,1871,58128,222255,280383,17490,9.408466666666667,0.6453666666666666,0.6628781168734544,0.06236666666666667,0.583,90.33624296265688,5.60766
full_N2000_K100_H200_w_rate_1p5_t0p05,2000,100,200,Cox-PhysiCK,3000000,18286,277024,1704,56978,218342,275320,16582,9.234133333333334,0.6095333333333334,0.6151091602171653,0.0568,0.5527333333333333,90.6813956031937,5.5064
