environment_seed,kappa,p0_mean,void_label_mean,brier_mean
1,0.3,0.5474249939644388,0.4236111111111111,0.1780641591356521
2,0.3,0.5493220506440077,0.4155555555555555,0.17623487565508666
3,0.3,0.5397302894146924,0.41583333333333333,0.17947776740341428
4,0.3,0.5469380334161204,0.40222222222222226,0.18840698580787552
5,0.3,0.5426949251591933,0.42194444444444446,0.17022470492348993
1,0.45,0.46959673752138714,0.4236111111111111,0.16236147571766354
2,0.45,0.4716827903616308,0.4155555555555555,0.1585478000808017
3,0.45,0.46184547818387905,0.41583333333333333,0.16405936675129593
4,0.45,0.46874592902156614,0.40222222222222226,0.169293489010502
5,0.45,0.4648091366240185,0.42194444444444446,0.1546533369265964
1,0.6,0.4158844357458862,0.4236111111111111,0.1598741771995676
2,0.6,0.41810589913203783,0.4155555555555555,0.15475283782624624
3,0.6,0.40828516984567775,0.41583333333333333,0.1617179802193247
4,0.6,0.41478841497240343,0.40222222222222226,0.16416038579346628
5,0.6,0.41118328262699855,0.42194444444444446,0.15258760124937318
1,0.75,0.37574696599647206,0.4236111111111111,0.16273995907800443
2,0.75,0.37807327448207184,0.4155555555555555,0.1566955951108869
3,0.75,0.3683633218476711,0.41583333333333333,0.16463344957115797
4,0.75,0.3744720126754834,0.40222222222222226,0.16488569794192903
5,0.75,0.3711792547596732,0.42194444444444446,0.15595562642446117
1,0.9,0.34422120269834316,0.4236111111111111,0.16797924544785395
2,0.9,0.3466324808270398,0.4155555555555555,0.16125055090463628
3,0.9,0.3370701441964805,0.41583333333333333,0.16985839727603722
4,0.9,0.3428084083042728,0.40222222222222226,0.16834715742248255
5,0.9,0.3398010844207982,0.42194444444444446,0.16169970692813193
