case_id,method_id,training_seed,simulation_repeat,model_id,N_sat,K,H,n_test_episode_prefix_rows,n_distinct_source_episodes_within_row,n_distinct_trajectory_ids_within_row,saved_H,raw_file,source_record_prefix,n_valid_HOF_episodes,n_valid_served_P5_episodes,user_epoch_denominator_total,pp_denominator_total,outage_count_total,served_count_total,ho_attempt_count_total,ho_failure_count_total,interbeam_exec_ho_count_total,intersat_exec_ho_count_total,pp_event_count_total,checkpoint_binding,source_episode_table
leo_madrl_N2000_K100_H50_nominal_tnative,leo_madrl,1,1,leo_madrl_N2000_K100_nominal_s1,2000,100,50,30,30,30,800,09_simulation/raw/v14_126.npz,SYNTHETIC:09_simulation/raw/v14_126.npz#episode=,30,30,150000,144000,1303,148697,11840,101,2433,9306,163,not_applicable_to_statistical_simulator,source_records/02_to_fill/episode_results.csv
leo_madrl_N2000_K100_H50_nominal_tnative,leo_madrl,2,2,leo_madrl_N2000_K100_nominal_s2,2000,100,50,30,30,30,800,09_simulation/raw/v14_127.npz,SYNTHETIC:09_simulation/raw/v14_127.npz#episode=,30,30,150000,144000,1547,148453,12571,122,2595,9854,183,not_applicable_to_statistical_simulator,source_records/02_to_fill/episode_results.csv
leo_madrl_N2000_K100_H50_nominal_tnative,leo_madrl,3,3,leo_madrl_N2000_K100_nominal_s3,2000,100,50,30,30,30,800,09_simulation/raw/v14_128.npz,SYNTHETIC:09_simulation/raw/v14_128.npz#episode=,30,30,150000,144000,1336,148664,11922,103,2456,9363,164,not_applicable_to_statistical_simulator,source_records/02_to_fill/episode_results.csv
leo_madrl_N2000_K100_H50_nominal_tnative,leo_madrl,4,4,leo_madrl_N2000_K100_nominal_s4,2000,100,50,30,30,30,800,09_simulation/raw/v14_129.npz,SYNTHETIC:09_simulation/raw/v14_129.npz#episode=,30,30,150000,144000,1211,148789,11596,94,2399,9103,157,not_applicable_to_statistical_simulator,source_records/02_to_fill/episode_results.csv
leo_madrl_N2000_K100_H50_nominal_tnative,leo_madrl,5,5,leo_madrl_N2000_K100_nominal_s5,2000,100,50,30,30,30,800,09_simulation/raw/v14_130.npz,SYNTHETIC:09_simulation/raw/v14_130.npz#episode=,30,30,150000,144000,1573,148427,12639,125,2598,9916,186,not_applicable_to_statistical_simulator,source_records/02_to_fill/episode_results.csv
leo_madrl_N2000_K100_H200_nominal_tnative,leo_madrl,1,1,leo_madrl_N2000_K100_nominal_s1,2000,100,200,30,30,30,800,09_simulation/raw/v14_126.npz,SYNTHETIC:09_simulation/raw/v14_126.npz#episode=,30,30,600000,594000,5277,594723,48811,436,9993,38382,687,not_applicable_to_statistical_simulator,source_records/02_to_fill/episode_results.csv
leo_madrl_N2000_K100_H200_nominal_tnative,leo_madrl,2,2,leo_madrl_N2000_K100_nominal_s2,2000,100,200,30,30,30,800,09_simulation/raw/v14_127.npz,SYNTHETIC:09_simulation/raw/v14_127.npz#episode=,30,30,600000,594000,6234,593766,51786,530,10617,40639,754,not_applicable_to_statistical_simulator,source_records/02_to_fill/episode_results.csv
leo_madrl_N2000_K100_H200_nominal_tnative,leo_madrl,3,3,leo_madrl_N2000_K100_nominal_s3,2000,100,200,30,30,30,800,09_simulation/raw/v14_128.npz,SYNTHETIC:09_simulation/raw/v14_128.npz#episode=,30,30,600000,594000,5394,594606,49140,447,10064,38629,693,not_applicable_to_statistical_simulator,source_records/02_to_fill/episode_results.csv
leo_madrl_N2000_K100_H200_nominal_tnative,leo_madrl,4,4,leo_madrl_N2000_K100_nominal_s4,2000,100,200,30,30,30,800,09_simulation/raw/v14_129.npz,SYNTHETIC:09_simulation/raw/v14_129.npz#episode=,30,30,600000,594000,4919,595081,47743,388,9797,37558,644,not_applicable_to_statistical_simulator,source_records/02_to_fill/episode_results.csv
leo_madrl_N2000_K100_H200_nominal_tnative,leo_madrl,5,5,leo_madrl_N2000_K100_nominal_s5,2000,100,200,30,30,30,800,09_simulation/raw/v14_130.npz,SYNTHETIC:09_simulation/raw/v14_130.npz#episode=,30,30,600000,594000,6332,593668,52007,544,10647,40816,763,not_applicable_to_statistical_simulator,source_records/02_to_fill/episode_results.csv
leo_madrl_N2000_K100_H800_nominal_tnative,leo_madrl,1,1,leo_madrl_N2000_K100_nominal_s1,2000,100,800,30,30,30,800,09_simulation/raw/v14_126.npz,SYNTHETIC:09_simulation/raw/v14_126.npz#episode=,30,30,2400000,2394000,22944,2377056,195874,1901,40244,153729,2787,not_applicable_to_statistical_simulator,source_records/02_to_fill/episode_results.csv
leo_madrl_N2000_K100_H800_nominal_tnative,leo_madrl,2,2,leo_madrl_N2000_K100_nominal_s2,2000,100,800,30,30,30,800,09_simulation/raw/v14_127.npz,SYNTHETIC:09_simulation/raw/v14_127.npz#episode=,30,30,2400000,2394000,27394,2372606,207992,2376,42725,162891,3126,not_applicable_to_statistical_simulator,source_records/02_to_fill/episode_results.csv
leo_madrl_N2000_K100_H800_nominal_tnative,leo_madrl,3,3,leo_madrl_N2000_K100_nominal_s3,2000,100,800,30,30,30,800,09_simulation/raw/v14_128.npz,SYNTHETIC:09_simulation/raw/v14_128.npz#episode=,30,30,2400000,2394000,23485,2376515,197325,1976,40537,154812,2825,not_applicable_to_statistical_simulator,source_records/02_to_fill/episode_results.csv
leo_madrl_N2000_K100_H800_nominal_tnative,leo_madrl,4,4,leo_madrl_N2000_K100_nominal_s4,2000,100,800,30,30,30,800,09_simulation/raw/v14_129.npz,SYNTHETIC:09_simulation/raw/v14_129.npz#episode=,30,30,2400000,2394000,21429,2378571,191539,1729,39396,150414,2653,not_applicable_to_statistical_simulator,source_records/02_to_fill/episode_results.csv
leo_madrl_N2000_K100_H800_nominal_tnative,leo_madrl,5,5,leo_madrl_N2000_K100_nominal_s5,2000,100,800,30,30,30,800,09_simulation/raw/v14_130.npz,SYNTHETIC:09_simulation/raw/v14_130.npz#episode=,30,30,2400000,2394000,27756,2372244,208860,2412,42890,163558,3158,not_applicable_to_statistical_simulator,source_records/02_to_fill/episode_results.csv
leo_madrl_N2000_K200_H200_nominal_tnative,leo_madrl,1,1,leo_madrl_N2000_K100_nominal_s1,2000,200,200,30,30,30,200,09_simulation/raw/v14_131.npz,SYNTHETIC:09_simulation/raw/v14_131.npz#episode=,30,30,1200000,1188000,15121,1184879,97277,1230,19781,76266,1386,not_applicable_to_statistical_simulator,source_records/02_to_fill/episode_results.csv
leo_madrl_N2000_K200_H200_nominal_tnative,leo_madrl,2,2,leo_madrl_N2000_K100_nominal_s2,2000,200,200,30,30,30,200,09_simulation/raw/v14_132.npz,SYNTHETIC:09_simulation/raw/v14_132.npz#episode=,30,30,1200000,1188000,18143,1181857,103187,1553,20918,80716,1519,not_applicable_to_statistical_simulator,source_records/02_to_fill/episode_results.csv
leo_madrl_N2000_K200_H200_nominal_tnative,leo_madrl,3,3,leo_madrl_N2000_K100_nominal_s3,2000,200,200,30,30,30,200,09_simulation/raw/v14_133.npz,SYNTHETIC:09_simulation/raw/v14_133.npz#episode=,30,30,1200000,1188000,15475,1184525,97977,1263,19915,76799,1400,not_applicable_to_statistical_simulator,source_records/02_to_fill/episode_results.csv
leo_madrl_N2000_K200_H200_nominal_tnative,leo_madrl,4,4,leo_madrl_N2000_K100_nominal_s4,2000,200,200,30,30,30,200,09_simulation/raw/v14_134.npz,SYNTHETIC:09_simulation/raw/v14_134.npz#episode=,30,30,1200000,1188000,14126,1185874,95166,1125,19341,74700,1308,not_applicable_to_statistical_simulator,source_records/02_to_fill/episode_results.csv
leo_madrl_N2000_K200_H200_nominal_tnative,leo_madrl,5,5,leo_madrl_N2000_K100_nominal_s5,2000,200,200,30,30,30,200,09_simulation/raw/v14_135.npz,SYNTHETIC:09_simulation/raw/v14_135.npz#episode=,30,30,1200000,1188000,18379,1181621,103585,1585,20981,81019,1532,not_applicable_to_statistical_simulator,source_records/02_to_fill/episode_results.csv
leo_madrl_N2000_K300_H200_nominal_tnative,leo_madrl,1,1,leo_madrl_N2000_K100_nominal_s1,2000,300,200,30,30,30,200,09_simulation/raw/v14_136.npz,SYNTHETIC:09_simulation/raw/v14_136.npz#episode=,30,30,1800000,1782000,32603,1767397,145272,2638,29334,113300,1997,not_applicable_to_statistical_simulator,source_records/02_to_fill/episode_results.csv
leo_madrl_N2000_K300_H200_nominal_tnative,leo_madrl,2,2,leo_madrl_N2000_K100_nominal_s2,2000,300,200,30,30,30,200,09_simulation/raw/v14_137.npz,SYNTHETIC:09_simulation/raw/v14_137.npz#episode=,30,30,1800000,1782000,38761,1761239,153809,3324,30948,119537,2208,not_applicable_to_statistical_simulator,source_records/02_to_fill/episode_results.csv
leo_madrl_N2000_K300_H200_nominal_tnative,leo_madrl,3,3,leo_madrl_N2000_K100_nominal_s3,2000,300,200,30,30,30,200,09_simulation/raw/v14_138.npz,SYNTHETIC:09_simulation/raw/v14_138.npz#episode=,30,30,1800000,1782000,33347,1766653,146305,2702,29529,114074,2021,not_applicable_to_statistical_simulator,source_records/02_to_fill/episode_results.csv
leo_madrl_N2000_K300_H200_nominal_tnative,leo_madrl,4,4,leo_madrl_N2000_K100_nominal_s4,2000,300,200,30,30,30,200,09_simulation/raw/v14_139.npz,SYNTHETIC:09_simulation/raw/v14_139.npz#episode=,30,30,1800000,1782000,30440,1769560,142098,2422,28723,110953,1898,not_applicable_to_statistical_simulator,source_records/02_to_fill/episode_results.csv
leo_madrl_N2000_K300_H200_nominal_tnative,leo_madrl,5,5,leo_madrl_N2000_K100_nominal_s5,2000,300,200,30,30,30,200,09_simulation/raw/v14_140.npz,SYNTHETIC:09_simulation/raw/v14_140.npz#episode=,30,30,1800000,1782000,39232,1760768,154427,3389,31047,119991,2232,not_applicable_to_statistical_simulator,source_records/02_to_fill/episode_results.csv
leo_madrl_N2000_K400_H200_nominal_tnative,leo_madrl,1,1,leo_madrl_N2000_K100_nominal_s1,2000,400,200,30,30,30,200,09_simulation/raw/v14_141.npz,SYNTHETIC:09_simulation/raw/v14_141.npz#episode=,30,30,2400000,2376000,63156,2336844,191952,5178,38283,148491,2586,not_applicable_to_statistical_simulator,source_records/02_to_fill/episode_results.csv
leo_madrl_N2000_K400_H200_nominal_tnative,leo_madrl,2,2,leo_madrl_N2000_K100_nominal_s2,2000,400,200,30,30,30,200,09_simulation/raw/v14_142.npz,SYNTHETIC:09_simulation/raw/v14_142.npz#episode=,30,30,2400000,2376000,75057,2324943,202954,6522,40296,156136,2856,not_applicable_to_statistical_simulator,source_records/02_to_fill/episode_results.csv
leo_madrl_N2000_K400_H200_nominal_tnative,leo_madrl,3,3,leo_madrl_N2000_K100_nominal_s3,2000,400,200,30,30,30,200,09_simulation/raw/v14_143.npz,SYNTHETIC:09_simulation/raw/v14_143.npz#episode=,30,30,2400000,2376000,64549,2335451,193271,5332,38516,149423,2619,not_applicable_to_statistical_simulator,source_records/02_to_fill/episode_results.csv
leo_madrl_N2000_K400_H200_nominal_tnative,leo_madrl,4,4,leo_madrl_N2000_K100_nominal_s4,2000,400,200,30,30,30,200,09_simulation/raw/v14_144.npz,SYNTHETIC:09_simulation/raw/v14_144.npz#episode=,30,30,2400000,2376000,59067,2340933,187810,4708,37545,145557,2462,not_applicable_to_statistical_simulator,source_records/02_to_fill/episode_results.csv
leo_madrl_N2000_K400_H200_nominal_tnative,leo_madrl,5,5,leo_madrl_N2000_K100_nominal_s5,2000,400,200,30,30,30,200,09_simulation/raw/v14_145.npz,SYNTHETIC:09_simulation/raw/v14_145.npz#episode=,30,30,2400000,2376000,76011,2323989,203759,6636,40429,156694,2889,not_applicable_to_statistical_simulator,source_records/02_to_fill/episode_results.csv
leo_madrl_N2000_K500_H200_nominal_tnative,leo_madrl,1,1,leo_madrl_N2000_K100_nominal_s1,2000,500,200,30,30,30,200,09_simulation/raw/v14_146.npz,SYNTHETIC:09_simulation/raw/v14_146.npz#episode=,30,30,3000000,2970000,117155,2882845,236450,9773,46602,180075,3082,not_applicable_to_statistical_simulator,source_records/02_to_fill/episode_results.csv
leo_madrl_N2000_K500_H200_nominal_tnative,leo_madrl,2,2,leo_madrl_N2000_K100_nominal_s2,2000,500,200,30,30,30,200,09_simulation/raw/v14_147.npz,SYNTHETIC:09_simulation/raw/v14_147.npz#episode=,30,30,3000000,2970000,137914,2862086,249479,11997,48861,188621,3397,not_applicable_to_statistical_simulator,source_records/02_to_fill/episode_results.csv
leo_madrl_N2000_K500_H200_nominal_tnative,leo_madrl,3,3,leo_madrl_N2000_K100_nominal_s3,2000,500,200,30,30,30,200,09_simulation/raw/v14_148.npz,SYNTHETIC:09_simulation/raw/v14_148.npz#episode=,30,30,3000000,2970000,119697,2880303,238050,10053,46857,181140,3108,not_applicable_to_statistical_simulator,source_records/02_to_fill/episode_results.csv
leo_madrl_N2000_K500_H200_nominal_tnative,leo_madrl,4,4,leo_madrl_N2000_K100_nominal_s4,2000,500,200,30,30,30,200,09_simulation/raw/v14_149.npz,SYNTHETIC:09_simulation/raw/v14_149.npz#episode=,30,30,3000000,2970000,110131,2889869,231453,9008,45721,176724,2944,not_applicable_to_statistical_simulator,source_records/02_to_fill/episode_results.csv
leo_madrl_N2000_K500_H200_nominal_tnative,leo_madrl,5,5,leo_madrl_N2000_K100_nominal_s5,2000,500,200,30,30,30,200,09_simulation/raw/v14_150.npz,SYNTHETIC:09_simulation/raw/v14_150.npz#episode=,30,30,3000000,2970000,139539,2860461,250438,12188,49014,189236,3440,not_applicable_to_statistical_simulator,source_records/02_to_fill/episode_results.csv
