parameter,value,record_type,original_successive_equivalence,source_record
name,adapted parameter-sharing hysteretic DQN (paper label LEO-MADRL),existing_declared_adapted_DQN_specification,not_established,../../../v19_followup_experiment_pack_20261001/03_drl_comparison/drl_validation.json#current_MADRL.name
network,"[73, 128, 128, 9]",existing_declared_adapted_DQN_specification,not_established,../../../v19_followup_experiment_pack_20261001/03_drl_comparison/drl_validation.json#current_MADRL.network
activation,ReLU,existing_declared_adapted_DQN_specification,not_established,../../../v19_followup_experiment_pack_20261001/03_drl_comparison/drl_validation.json#current_MADRL.activation
parameter_sharing,one online/target network and replay shared across users within each training seed,existing_declared_adapted_DQN_specification,not_established,../../../v19_followup_experiment_pack_20261001/03_drl_comparison/drl_validation.json#current_MADRL.parameter_sharing
candidate_slots,8,existing_declared_adapted_DQN_specification,not_established,../../../v19_followup_experiment_pack_20261001/03_drl_comparison/drl_validation.json#current_MADRL.candidate_slots
slot_features,"[""common-window P0"", ""log(1+Lambda_feas*60 s)"", ""log(1+RST/60 s)"", ""frozen linear SINR"", ""broadcast load/10"", ""candidate switching overhead"", ""current-source flag"", ""slot-exists flag"", ""feasibility flag""]",existing_declared_adapted_DQN_specification,not_established,../../../v19_followup_experiment_pack_20261001/03_drl_comparison/drl_validation.json#current_MADRL.slot_features
additional_feature,empty-source flag,existing_declared_adapted_DQN_specification,not_established,../../../v19_followup_experiment_pack_20261001/03_drl_comparison/drl_validation.json#current_MADRL.additional_feature
slot_order,"decreasing frozen SINR, then satellite/beam IDs",existing_declared_adapted_DQN_specification,not_established,../../../v19_followup_experiment_pack_20261001/03_drl_comparison/drl_validation.json#current_MADRL.slot_order
continuous_normalization,training-set statistics; frozen for validation/test,existing_declared_adapted_DQN_specification,not_established,../../../v19_followup_experiment_pack_20261001/03_drl_comparison/drl_validation.json#current_MADRL.continuous_normalization
action_mask,"missing/infeasible actions excluded from exploration, greediness and target maximization; ninth empty action allowed only if feasible set empty",existing_declared_adapted_DQN_specification,not_established,../../../v19_followup_experiment_pack_20261001/03_drl_comparison/drl_validation.json#current_MADRL.action_mask
execution_order,"[""freeze all users observations"", ""generate all requests"", ""joint admission and execution"", ""collect user transitions"", ""one shared minibatch update""]",existing_declared_adapted_DQN_specification,not_established,../../../v19_followup_experiment_pack_20261001/03_drl_comparison/drl_validation.json#current_MADRL.execution_order
reward,-executed per-user cost,existing_declared_adapted_DQN_specification,not_established,../../../v19_followup_experiment_pack_20261001/03_drl_comparison/drl_validation.json#current_MADRL.reward
discount,0.99,existing_declared_adapted_DQN_specification,not_established,../../../v19_followup_experiment_pack_20261001/03_drl_comparison/drl_validation.json#current_MADRL.discount
TD_target,reward plus discounted direct target-network feasible maximum,existing_declared_adapted_DQN_specification,not_established,../../../v19_followup_experiment_pack_20261001/03_drl_comparison/drl_validation.json#current_MADRL.TD_target
TD_loss,"detached weight 1 if delta>=0 else 0.2, multiplying Huber_1(delta)",existing_declared_adapted_DQN_specification,not_established,../../../v19_followup_experiment_pack_20261001/03_drl_comparison/drl_validation.json#current_MADRL.TD_loss
replay_capacity_user_transitions,100000,existing_declared_adapted_DQN_specification,not_established,../../../v19_followup_experiment_pack_20261001/03_drl_comparison/drl_validation.json#current_MADRL.replay_capacity_user_transitions
replay_warmup_user_transitions,10000,existing_declared_adapted_DQN_specification,not_established,../../../v19_followup_experiment_pack_20261001/03_drl_comparison/drl_validation.json#current_MADRL.replay_warmup_user_transitions
batch_size,128,existing_declared_adapted_DQN_specification,not_established,../../../v19_followup_experiment_pack_20261001/03_drl_comparison/drl_validation.json#current_MADRL.batch_size
optimizer,Adam,existing_declared_adapted_DQN_specification,not_established,../../../v19_followup_experiment_pack_20261001/03_drl_comparison/drl_validation.json#current_MADRL.optimizer
learning_rate,0.0001,existing_declared_adapted_DQN_specification,not_established,../../../v19_followup_experiment_pack_20261001/03_drl_comparison/drl_validation.json#current_MADRL.learning_rate
target_sync_optimizer_updates,1000,existing_declared_adapted_DQN_specification,not_established,../../../v19_followup_experiment_pack_20261001/03_drl_comparison/drl_validation.json#current_MADRL.target_sync_optimizer_updates
training_system_epochs,256000,existing_declared_adapted_DQN_specification,not_established,../../../v19_followup_experiment_pack_20261001/03_drl_comparison/drl_validation.json#current_MADRL.training_system_epochs
exploration,epsilon 1 -> 0.05 linearly through epoch 102400; thereafter 0.05; validation/test zero,existing_declared_adapted_DQN_specification,not_established,../../../v19_followup_experiment_pack_20261001/03_drl_comparison/drl_validation.json#current_MADRL.exploration
extra_utility_hysteresis_or_TTT,false,existing_declared_adapted_DQN_specification,not_established,../../../v19_followup_experiment_pack_20261001/03_drl_comparison/drl_validation.json#current_MADRL.extra_utility_hysteresis_or_TTT
validation,"same full H800 cost, positive checkpoints; no step0 candidate",existing_declared_adapted_DQN_specification,not_established,../../../v19_followup_experiment_pack_20261001/03_drl_comparison/drl_validation.json#current_MADRL.validation
source_successive_component,not established by current supplied algorithm material,existing_declared_adapted_DQN_specification,not_established,../../../v19_followup_experiment_pack_20261001/03_drl_comparison/drl_validation.json#current_MADRL.source_successive_component
